2025-07-08 14:14:11,624 - INFO - Carregando clientes de: C:\Users\Obras\sistema_gestao_testes\testes\Financeiro\Planilhas_Base\clientes.xlsx
2025-07-08 14:14:11,721 - INFO - Colunas disponíveis: ['Nome', 'Endereço', 'Data Inicial', 'Observações', 'Data Final']
2025-07-08 14:14:11,722 - INFO - Coluna de status: Data Final
2025-07-08 14:14:11,722 - INFO - Coluna de nome: Nome
2025-07-08 14:14:11,740 - INFO - Total de clientes ativos encontrados: 14
2025-07-08 14:14:11,742 - INFO - Lista de clientes atualizada com 15 clientes
2025-07-08 14:14:11,777 - INFO - Carregando clientes de: C:\Users\Obras\sistema_gestao_testes\testes\Financeiro\Planilhas_Base\clientes.xlsx
2025-07-08 14:14:11,795 - INFO - Colunas disponíveis: ['Nome', 'Endereço', 'Data Inicial', 'Observações', 'Data Final']
2025-07-08 14:14:11,796 - INFO - Coluna de status: Data Final
2025-07-08 14:14:11,800 - INFO - Coluna de nome: Nome
2025-07-08 14:14:11,801 - INFO - Total de clientes ativos encontrados: 14
2025-07-08 14:14:11,801 - INFO - Lista de clientes carregada com 15 itens
2025-07-08 14:14:13,532 - INFO - Data calculada automaticamente: 20/07/2025
2025-07-08 14:14:13,547 - INFO - Data calculada automaticamente: 20/07/2025
2025-07-08 14:14:18,314 - INFO - Modo manual ativado
2025-07-08 14:14:29,252 - INFO - Cliente selecionado: CLEVER LUIZ SALVADOR
2025-07-08 14:14:29,252 - INFO - Arquivo encontrado: C:\Users\Obras\sistema_gestao_testes\testes\Financeiro\Clientes\CLEVER LUIZ SALVADOR.xlsx
2025-07-08 14:14:29,252 - INFO - Arquivo encontrado: C:\Users\Obras\sistema_gestao_testes\testes\Financeiro\Clientes\CLEVER LUIZ SALVADOR.xlsx
2025-07-08 14:14:32,669 - INFO - 🔍 INICIANDO gerar_relatorio para: despesas
2025-07-08 14:14:32,669 - INFO - 🎯 PROCESSANDO: Relatório de despesas
2025-07-08 14:14:32,669 - INFO - 🎯 PROCESSANDO DESPESAS - ARQUITETURA LIMPA
2025-07-08 14:14:32,669 - INFO - Data final obtida: 2025-06-20 00:00:00 (tipo: <class 'datetime.datetime'>)
2025-07-08 14:14:32,669 - INFO - ✅ Arquivo encontrado em arquivo_cliente_selecionado: C:\Users\Obras\sistema_gestao_testes\testes\Financeiro\Clientes\CLEVER LUIZ SALVADOR.xlsx
2025-07-08 14:14:32,669 - INFO - ✅ Arquivo final nas configurações: C:\Users\Obras\sistema_gestao_testes\testes\Financeiro\Clientes\CLEVER LUIZ SALVADOR.xlsx
2025-07-08 14:14:32,669 - INFO - ✅ Configurações coletadas
2025-07-08 14:14:32,688 - INFO - ✅ Arquivo confirmado: CLEVER LUIZ SALVADOR.xlsx
2025-07-08 14:14:34,743 - INFO - Modo selecionado: Preview
2025-07-08 14:14:34,743 - INFO - 🎯 EXECUTANDO COM PREVIEW - DELEGAÇÃO PARA SERVIÇO
2025-07-08 14:14:34,758 - INFO - 🔧 Delegando processamento para RelatoriosDespesasService...
2025-07-08 14:14:35,176 - INFO - df_filtrado final: 23 registros
2025-07-08 14:14:35,176 - INFO - Colunas finais do df_filtrado: ['DATA_REL', 'TP_DESP', 'CNPJ_CPF', 'NOME', 'REFERÊNCIA', 'NF', 'VR_UNIT', 'DIAS', 'VALOR', 'DT_VENCTO', 'CATEGORIA', 'DADOS_BANCARIOS', 'OBSERVAÇÃO', 'STATUS', 'ID_LANCAMENTO', 'HISTORICO_ALTERACAO']
2025-07-08 14:14:35,177 - INFO - Tipos de despesa únicos: [2 3 7 5]
2025-07-08 14:14:35,602 - INFO - 
Obtendo número do relatório para data 2025-06-20 00:00:00
2025-07-08 14:14:35,602 - INFO - Número do relatório calculado: 20
2025-07-08 14:14:35,602 - INFO - Calculando acumulado para data 2025-06-20 00:00:00
2025-07-08 14:14:35,602 - INFO - Acumulado - registros após filtrar excluídos: 782
2025-07-08 14:14:35,624 - INFO - Valor acumulado calculado (apenas ativos): 2,120,321.53
2025-07-08 14:14:35,633 - INFO - ✅ Dados processados pelo serviço
2025-07-08 14:14:35,636 - INFO - 🔧 Abrindo preview com dados do serviço...
2025-07-08 14:14:35,638 - INFO - 🎯 MOSTRANDO PREVIEW COM DADOS DO SERVIÇO - VERSÃO CORRIGIDA
2025-07-08 14:14:35,646 - INFO - ✅ Importado de src.relatorio_despesas_aprimorado
2025-07-08 14:14:35,648 - INFO - 🔧 CRIANDO PREVIEW COM PDF TEMPORÁRIO
2025-07-08 14:14:35,804 - INFO - ✅ Preview com PDF temporário criado
2025-07-08 14:14:35,804 - ERROR - ❌ Erro com VisualizadorRelatorio: name 'visualizador' is not defined
2025-07-08 14:14:35,804 - INFO - 🔄 Tentando preview alternativo...
2025-07-08 14:14:35,819 - INFO - 🔧 CRIANDO PREVIEW COM PDF TEMPORÁRIO
2025-07-08 14:14:35,888 - INFO - ✅ Preview com PDF temporário criado
2025-07-08 14:14:36,321 - INFO - 🔧 GERANDO PDF TEMPORÁRIO COM ORDENAÇÕES PRESERVADAS
2025-07-08 14:14:36,321 - INFO - 📄 Criando PDF temporário: PREVIEW_CLEVER_LUIZ_SALVADOR_20250708_141436.pdf
2025-07-08 14:14:36,321 - INFO - === INICIANDO ADIÇÃO DO CABEÇALHO ===
2025-07-08 14:14:36,321 - INFO - Tentando carregar logo: C:\Users\Obras\Documents\GitHub\Sistema-Financeiro\src\logo1.png
2025-07-08 14:14:36,321 - INFO - Logo carregada com sucesso!
2025-07-08 14:14:36,321 - INFO - Criando cabeçalho COM logo
2025-07-08 14:14:36,321 - INFO - Informações do cliente adicionadas com sucesso
2025-07-08 14:14:36,321 - INFO - === CABEÇALHO CONCLUÍDO COM SUCESSO ===
2025-07-08 14:14:36,342 - INFO - Iniciando adição de detalhes ao relatório
2025-07-08 14:14:36,513 - INFO - Detalhes adicionados com sucesso
2025-07-08 14:14:36,622 - INFO - ✅ PDF temporário gerado: C:\Users\Obras\AppData\Local\Temp\PREVIEW_CLEVER_LUIZ_SALVADOR_20250708_141436.pdf
2025-07-08 14:14:36,622 - INFO - ✅ PDF temporário válido: 51,859 bytes
2025-07-08 14:14:36,622 - INFO - ✅ PDF temporário: C:\Users\Obras\AppData\Local\Temp\PREVIEW_CLEVER_LUIZ_SALVADOR_20250708_141436.pdf
2025-07-08 14:14:36,633 - INFO - 🔧 GERANDO PDF TEMPORÁRIO COM ORDENAÇÕES PRESERVADAS
2025-07-08 14:14:36,634 - INFO - 📄 Criando PDF temporário: PREVIEW_CLEVER_LUIZ_SALVADOR_20250708_141436.pdf
2025-07-08 14:14:36,635 - INFO - === INICIANDO ADIÇÃO DO CABEÇALHO ===
2025-07-08 14:14:36,636 - INFO - Tentando carregar logo: C:\Users\Obras\Documents\GitHub\Sistema-Financeiro\src\logo1.png
2025-07-08 14:14:36,636 - INFO - Logo carregada com sucesso!
2025-07-08 14:14:36,637 - INFO - Criando cabeçalho COM logo
2025-07-08 14:14:36,640 - INFO - Informações do cliente adicionadas com sucesso
2025-07-08 14:14:36,642 - INFO - === CABEÇALHO CONCLUÍDO COM SUCESSO ===
2025-07-08 14:14:36,648 - INFO - Iniciando adição de detalhes ao relatório
2025-07-08 14:14:36,769 - INFO - Detalhes adicionados com sucesso
2025-07-08 14:14:36,871 - INFO - ✅ PDF temporário gerado: C:\Users\Obras\AppData\Local\Temp\PREVIEW_CLEVER_LUIZ_SALVADOR_20250708_141436.pdf
2025-07-08 14:14:36,871 - INFO - ✅ PDF temporário válido: 51,859 bytes
2025-07-08 14:14:36,871 - INFO - ✅ PDF temporário: C:\Users\Obras\AppData\Local\Temp\PREVIEW_CLEVER_LUIZ_SALVADOR_20250708_141436.pdf
2025-07-08 14:14:48,191 - INFO - 📖 Abrindo PDF temporário: C:\Users\Obras\AppData\Local\Temp\PREVIEW_CLEVER_LUIZ_SALVADOR_20250708_141436.pdf
2025-07-08 14:15:35,090 - INFO - 🗑️ PDF temporário removido: C:\Users\Obras\AppData\Local\Temp\PREVIEW_CLEVER_LUIZ_SALVADOR_20250708_141436.pdf
2025-07-08 14:15:40,156 - INFO - Solicitado retorno ao menu principal
2025-07-08 14:15:40,156 - INFO - Retornando ao menu principal existente
2025-07-08 14:15:40,235 - INFO - Retorno ao menu principal concluído
2025-07-08 14:15:43,080 - INFO - Saída confirmada, finalizando sistema
2025-07-08 14:15:43,126 - INFO - Ação concluída: Gerar relatório
2025-07-08 14:18:55,966 - WARNING - Falha na estratégia 1: 'SistemaRelatorios' object has no attribute 'atualizar_lista_clientes'
2025-07-08 14:18:55,981 - INFO - Tentativa 2: Carregando sistema de relatórios simples
2025-07-08 14:18:55,981 - INFO - Cache limpo (fallback): relatorio_despesas_aprimorado
2025-07-08 14:18:55,981 - INFO - Módulo fallback carregado: src.relatorio_despesas_aprimorado
2025-07-08 14:18:55,981 - INFO - Iniciando RelatorioUI
2025-07-08 14:18:55,992 - INFO - Iniciando configuração da interface
2025-07-08 14:18:56,039 - INFO - Interface configurada com sucesso
2025-07-08 14:19:15,355 - INFO - Saída confirmada, finalizando sistema
2025-07-08 14:19:15,408 - INFO - Ação concluída: Gerar relatório
2025-07-08 14:20:18,216 - INFO - Carregando clientes de: C:\Users\Obras\sistema_gestao_testes\testes\Financeiro\Planilhas_Base\clientes.xlsx
2025-07-08 14:20:18,286 - INFO - Colunas disponíveis: ['Nome', 'Endereço', 'Data Inicial', 'Observações', 'Data Final']
2025-07-08 14:20:18,286 - INFO - Coluna de status: Data Final
2025-07-08 14:20:18,309 - INFO - Coluna de nome: Nome
2025-07-08 14:20:18,309 - INFO - Total de clientes ativos encontrados: 14
2025-07-08 14:20:18,314 - INFO - Lista de clientes atualizada com 15 clientes
2025-07-08 14:20:18,338 - INFO - Carregando clientes de: C:\Users\Obras\sistema_gestao_testes\testes\Financeiro\Planilhas_Base\clientes.xlsx
2025-07-08 14:20:18,360 - INFO - Colunas disponíveis: ['Nome', 'Endereço', 'Data Inicial', 'Observações', 'Data Final']
2025-07-08 14:20:18,360 - INFO - Coluna de status: Data Final
2025-07-08 14:20:18,365 - INFO - Coluna de nome: Nome
2025-07-08 14:20:18,365 - INFO - Total de clientes ativos encontrados: 14
2025-07-08 14:20:18,367 - INFO - Lista de clientes carregada com 15 itens
2025-07-08 14:20:20,421 - INFO - Data calculada automaticamente: 20/07/2025
2025-07-08 14:20:20,421 - INFO - Data calculada automaticamente: 20/07/2025
2025-07-08 14:20:29,724 - INFO - Solicitado retorno ao menu principal
2025-07-08 14:20:29,724 - INFO - Retornando ao menu principal existente
2025-07-08 14:20:29,809 - INFO - Retorno ao menu principal concluído
2025-07-08 14:20:36,547 - INFO - Saída confirmada, finalizando sistema
2025-07-08 14:20:36,585 - INFO - Ação concluída: Gerar relatório
2025-07-08 14:24:27,070 - INFO - Carregando clientes de: C:\Users\Obras\sistema_gestao_testes\testes\Financeiro\Planilhas_Base\clientes.xlsx
2025-07-08 14:24:27,118 - INFO - Colunas disponíveis: ['Nome', 'Endereço', 'Data Inicial', 'Observações', 'Data Final']
2025-07-08 14:24:27,118 - INFO - Coluna de status: Data Final
2025-07-08 14:24:27,118 - INFO - Coluna de nome: Nome
2025-07-08 14:24:27,118 - INFO - Total de clientes ativos encontrados: 14
2025-07-08 14:24:27,132 - INFO - Lista de clientes atualizada com 15 clientes
2025-07-08 14:24:27,167 - INFO - Carregando clientes de: C:\Users\Obras\sistema_gestao_testes\testes\Financeiro\Planilhas_Base\clientes.xlsx
2025-07-08 14:24:27,191 - INFO - Colunas disponíveis: ['Nome', 'Endereço', 'Data Inicial', 'Observações', 'Data Final']
2025-07-08 14:24:27,192 - INFO - Coluna de status: Data Final
2025-07-08 14:24:27,195 - INFO - Coluna de nome: Nome
2025-07-08 14:24:27,196 - INFO - Total de clientes ativos encontrados: 14
2025-07-08 14:24:27,198 - INFO - Lista de clientes carregada com 15 itens
2025-07-08 14:24:28,515 - INFO - Data calculada automaticamente: 20/07/2025
2025-07-08 14:24:28,515 - INFO - Data calculada automaticamente: 20/07/2025
2025-07-08 14:25:02,737 - INFO - Solicitado retorno ao menu principal
2025-07-08 14:25:02,737 - INFO - Retornando ao menu principal existente
2025-07-08 14:25:02,827 - INFO - Retorno ao menu principal concluído
2025-07-08 14:25:05,546 - INFO - Saída confirmada, finalizando sistema
2025-07-08 14:25:05,589 - INFO - Ação concluída: Gerar relatório
2025-07-08 14:26:47,878 - INFO - Carregando clientes de: C:\Users\Obras\sistema_gestao_testes\testes\Financeiro\Planilhas_Base\clientes.xlsx
2025-07-08 14:26:47,916 - INFO - Colunas disponíveis: ['Nome', 'Endereço', 'Data Inicial', 'Observações', 'Data Final']
2025-07-08 14:26:47,916 - INFO - Coluna de status: Data Final
2025-07-08 14:26:47,916 - INFO - Coluna de nome: Nome
2025-07-08 14:26:47,916 - INFO - Total de clientes ativos encontrados: 14
2025-07-08 14:26:47,916 - INFO - Lista de clientes atualizada com 15 clientes
2025-07-08 14:26:47,947 - INFO - Carregando clientes de: C:\Users\Obras\sistema_gestao_testes\testes\Financeiro\Planilhas_Base\clientes.xlsx
2025-07-08 14:26:47,971 - INFO - Colunas disponíveis: ['Nome', 'Endereço', 'Data Inicial', 'Observações', 'Data Final']
2025-07-08 14:26:47,972 - INFO - Coluna de status: Data Final
2025-07-08 14:26:47,972 - INFO - Coluna de nome: Nome
2025-07-08 14:26:47,972 - INFO - Total de clientes ativos encontrados: 14
2025-07-08 14:26:47,972 - INFO - Lista de clientes carregada com 15 itens
2025-07-08 14:26:49,163 - INFO - Data calculada automaticamente: 20/07/2025
2025-07-08 14:26:49,163 - INFO - Data calculada automaticamente: 20/07/2025
2025-07-08 14:26:54,180 - INFO - Modo manual ativado
2025-07-08 14:27:04,486 - INFO - Cliente selecionado: CLEVER LUIZ SALVADOR
2025-07-08 14:27:04,486 - INFO - Arquivo encontrado: C:\Users\Obras\sistema_gestao_testes\testes\Financeiro\Clientes\CLEVER LUIZ SALVADOR.xlsx
2025-07-08 14:27:04,503 - INFO - Arquivo encontrado: C:\Users\Obras\sistema_gestao_testes\testes\Financeiro\Clientes\CLEVER LUIZ SALVADOR.xlsx
2025-07-08 14:27:18,067 - INFO - 🔍 INICIANDO gerar_relatorio para: despesas
2025-07-08 14:27:18,067 - INFO - 🎯 PROCESSANDO: Relatório de despesas
2025-07-08 14:27:18,067 - INFO - 🎯 PROCESSANDO DESPESAS - ARQUITETURA LIMPA
2025-07-08 14:27:18,067 - INFO - Data final obtida: 2025-06-20 00:00:00 (tipo: <class 'datetime.datetime'>)
2025-07-08 14:27:18,067 - INFO - ✅ Arquivo encontrado em arquivo_cliente_selecionado: C:\Users\Obras\sistema_gestao_testes\testes\Financeiro\Clientes\CLEVER LUIZ SALVADOR.xlsx
2025-07-08 14:27:18,067 - INFO - ✅ Arquivo final nas configurações: C:\Users\Obras\sistema_gestao_testes\testes\Financeiro\Clientes\CLEVER LUIZ SALVADOR.xlsx
2025-07-08 14:27:18,067 - INFO - ✅ Configurações coletadas
2025-07-08 14:27:18,067 - INFO - ✅ Arquivo confirmado: CLEVER LUIZ SALVADOR.xlsx
2025-07-08 14:27:22,491 - INFO - Modo selecionado: Preview
2025-07-08 14:27:22,491 - INFO - 🎯 EXECUTANDO COM PREVIEW - DELEGAÇÃO PARA SERVIÇO
2025-07-08 14:27:22,513 - INFO - 🔧 Delegando processamento para RelatoriosDespesasService...
2025-07-08 14:27:22,902 - INFO - df_filtrado final: 23 registros
2025-07-08 14:27:22,902 - INFO - Colunas finais do df_filtrado: ['DATA_REL', 'TP_DESP', 'CNPJ_CPF', 'NOME', 'REFERÊNCIA', 'NF', 'VR_UNIT', 'DIAS', 'VALOR', 'DT_VENCTO', 'CATEGORIA', 'DADOS_BANCARIOS', 'OBSERVAÇÃO', 'STATUS', 'ID_LANCAMENTO', 'HISTORICO_ALTERACAO']
2025-07-08 14:27:22,903 - INFO - Tipos de despesa únicos: [2 3 7 5]
2025-07-08 14:27:23,279 - INFO - 
Obtendo número do relatório para data 2025-06-20 00:00:00
2025-07-08 14:27:23,279 - INFO - Número do relatório calculado: 20
2025-07-08 14:27:23,279 - INFO - Calculando acumulado para data 2025-06-20 00:00:00
2025-07-08 14:27:23,279 - INFO - Acumulado - registros após filtrar excluídos: 782
2025-07-08 14:27:23,279 - INFO - Valor acumulado calculado (apenas ativos): 2,120,321.53
2025-07-08 14:27:23,295 - INFO - ✅ Dados processados pelo serviço
2025-07-08 14:27:23,298 - INFO - 🔧 Abrindo preview com dados do serviço...
2025-07-08 14:27:23,299 - INFO - 🎯 MOSTRANDO PREVIEW COM DADOS DO SERVIÇO - VERSÃO CORRIGIDA
2025-07-08 14:27:23,305 - INFO - ✅ Importado de src.relatorio_despesas_aprimorado
2025-07-08 14:27:23,309 - INFO - 🔧 CRIANDO PREVIEW COM PDF TEMPORÁRIO
2025-07-08 14:27:23,462 - INFO - ✅ Preview com PDF temporário criado
2025-07-08 14:27:23,462 - ERROR - ❌ Erro com VisualizadorRelatorio: name 'visualizador' is not defined
2025-07-08 14:27:23,462 - INFO - 🔄 Tentando preview alternativo...
2025-07-08 14:27:23,462 - INFO - 🔧 CRIANDO PREVIEW COM PDF TEMPORÁRIO
2025-07-08 14:27:23,536 - INFO - ✅ Preview com PDF temporário criado
2025-07-08 14:27:23,975 - INFO - 🔧 GERANDO PDF TEMPORÁRIO COM ORDENAÇÕES PRESERVADAS
2025-07-08 14:27:23,975 - INFO - 📄 Criando PDF temporário: PREVIEW_CLEVER_LUIZ_SALVADOR_20250708_142723.pdf
2025-07-08 14:27:23,975 - INFO - === INICIANDO ADIÇÃO DO CABEÇALHO ===
2025-07-08 14:27:23,975 - INFO - Tentando carregar logo: C:\Users\Obras\Documents\GitHub\Sistema-Financeiro\src\logo1.png
2025-07-08 14:27:23,975 - INFO - Logo carregada com sucesso!
2025-07-08 14:27:23,975 - INFO - Criando cabeçalho COM logo
2025-07-08 14:27:23,975 - INFO - Informações do cliente adicionadas com sucesso
2025-07-08 14:27:23,975 - INFO - === CABEÇALHO CONCLUÍDO COM SUCESSO ===
2025-07-08 14:27:23,990 - INFO - Iniciando adição de detalhes ao relatório
2025-07-08 14:27:24,135 - INFO - Detalhes adicionados com sucesso
2025-07-08 14:27:24,244 - INFO - ✅ PDF temporário gerado: C:\Users\Obras\AppData\Local\Temp\PREVIEW_CLEVER_LUIZ_SALVADOR_20250708_142723.pdf
2025-07-08 14:27:24,245 - INFO - ✅ PDF temporário válido: 51,859 bytes
2025-07-08 14:27:24,247 - INFO - ✅ PDF temporário: C:\Users\Obras\AppData\Local\Temp\PREVIEW_CLEVER_LUIZ_SALVADOR_20250708_142723.pdf
2025-07-08 14:27:24,251 - INFO - 🔧 GERANDO PDF TEMPORÁRIO COM ORDENAÇÕES PRESERVADAS
2025-07-08 14:27:24,252 - INFO - 📄 Criando PDF temporário: PREVIEW_CLEVER_LUIZ_SALVADOR_20250708_142724.pdf
2025-07-08 14:27:24,253 - INFO - === INICIANDO ADIÇÃO DO CABEÇALHO ===
2025-07-08 14:27:24,253 - INFO - Tentando carregar logo: C:\Users\Obras\Documents\GitHub\Sistema-Financeiro\src\logo1.png
2025-07-08 14:27:24,255 - INFO - Logo carregada com sucesso!
2025-07-08 14:27:24,256 - INFO - Criando cabeçalho COM logo
2025-07-08 14:27:24,257 - INFO - Informações do cliente adicionadas com sucesso
2025-07-08 14:27:24,259 - INFO - === CABEÇALHO CONCLUÍDO COM SUCESSO ===
2025-07-08 14:27:24,264 - INFO - Iniciando adição de detalhes ao relatório
2025-07-08 14:27:24,390 - INFO - Detalhes adicionados com sucesso
2025-07-08 14:27:24,494 - INFO - ✅ PDF temporário gerado: C:\Users\Obras\AppData\Local\Temp\PREVIEW_CLEVER_LUIZ_SALVADOR_20250708_142724.pdf
2025-07-08 14:27:24,495 - INFO - ✅ PDF temporário válido: 51,859 bytes
2025-07-08 14:27:24,496 - INFO - ✅ PDF temporário: C:\Users\Obras\AppData\Local\Temp\PREVIEW_CLEVER_LUIZ_SALVADOR_20250708_142724.pdf
2025-07-08 14:27:27,175 - INFO - 📖 Abrindo PDF temporário: C:\Users\Obras\AppData\Local\Temp\PREVIEW_CLEVER_LUIZ_SALVADOR_20250708_142724.pdf
2025-07-08 14:27:42,449 - INFO - 🚀 Gerando PDF definitivo...
2025-07-08 14:27:42,449 - INFO - === INICIANDO ADIÇÃO DO CABEÇALHO ===
2025-07-08 14:27:42,449 - INFO - Tentando carregar logo: C:\Users\Obras\Documents\GitHub\Sistema-Financeiro\src\logo1.png
2025-07-08 14:27:42,464 - INFO - Logo carregada com sucesso!
2025-07-08 14:27:42,464 - INFO - Criando cabeçalho COM logo
2025-07-08 14:27:42,464 - INFO - Informações do cliente adicionadas com sucesso
2025-07-08 14:27:42,464 - INFO - === CABEÇALHO CONCLUÍDO COM SUCESSO ===
2025-07-08 14:27:42,478 - INFO - Iniciando adição de detalhes ao relatório
2025-07-08 14:27:42,611 - INFO - Detalhes adicionados com sucesso
2025-07-08 14:28:06,371 - INFO - 🗑️ PDF temporário removido: C:\Users\Obras\AppData\Local\Temp\PREVIEW_CLEVER_LUIZ_SALVADOR_20250708_142724.pdf
2025-07-08 14:28:11,762 - INFO - Solicitado retorno ao menu principal
2025-07-08 14:28:11,762 - INFO - Retornando ao menu principal existente
2025-07-08 14:28:11,921 - INFO - Retorno ao menu principal concluído
2025-07-08 14:28:15,098 - INFO - Saída confirmada, finalizando sistema
2025-07-08 14:28:15,150 - INFO - Ação concluída: Gerar relatório
2025-07-08 14:32:02,959 - INFO - Carregando clientes de: C:\Users\Obras\sistema_gestao_testes\testes\Financeiro\Planilhas_Base\clientes.xlsx
2025-07-08 14:32:02,999 - INFO - Colunas disponíveis: ['Nome', 'Endereço', 'Data Inicial', 'Observações', 'Data Final']
2025-07-08 14:32:02,999 - INFO - Coluna de status: Data Final
2025-07-08 14:32:03,013 - INFO - Coluna de nome: Nome
2025-07-08 14:32:03,014 - INFO - Total de clientes ativos encontrados: 14
2025-07-08 14:32:03,014 - INFO - Lista de clientes atualizada com 15 clientes
2025-07-08 14:32:03,038 - INFO - Carregando clientes de: C:\Users\Obras\sistema_gestao_testes\testes\Financeiro\Planilhas_Base\clientes.xlsx
2025-07-08 14:32:03,052 - INFO - Colunas disponíveis: ['Nome', 'Endereço', 'Data Inicial', 'Observações', 'Data Final']
2025-07-08 14:32:03,061 - INFO - Coluna de status: Data Final
2025-07-08 14:32:03,065 - INFO - Coluna de nome: Nome
2025-07-08 14:32:03,067 - INFO - Total de clientes ativos encontrados: 14
2025-07-08 14:32:03,068 - INFO - Lista de clientes carregada com 15 itens
2025-07-08 14:32:04,410 - INFO - Data calculada automaticamente: 20/07/2025
2025-07-08 14:32:04,410 - INFO - Data calculada automaticamente: 20/07/2025
2025-07-08 14:32:07,872 - INFO - Modo manual ativado
2025-07-08 14:32:15,742 - INFO - Cliente selecionado: EDUARDO MORENO MARQUES
2025-07-08 14:32:15,742 - INFO - Arquivo encontrado: C:\Users\Obras\sistema_gestao_testes\testes\Financeiro\Clientes\EDUARDO MORENO MARQUES.xlsx
2025-07-08 14:32:15,758 - INFO - Arquivo encontrado: C:\Users\Obras\sistema_gestao_testes\testes\Financeiro\Clientes\EDUARDO MORENO MARQUES.xlsx
2025-07-08 14:32:18,234 - INFO - 🔍 INICIANDO gerar_relatorio para: despesas
2025-07-08 14:32:18,250 - INFO - 🎯 PROCESSANDO: Relatório de despesas
2025-07-08 14:32:18,250 - INFO - 🎯 PROCESSANDO DESPESAS - ARQUITETURA LIMPA
2025-07-08 14:32:18,250 - INFO - Data final obtida: 2025-06-20 00:00:00 (tipo: <class 'datetime.datetime'>)
2025-07-08 14:32:18,250 - INFO - ✅ Arquivo encontrado em arquivo_cliente_selecionado: C:\Users\Obras\sistema_gestao_testes\testes\Financeiro\Clientes\EDUARDO MORENO MARQUES.xlsx
2025-07-08 14:32:18,250 - INFO - ✅ Arquivo final nas configurações: C:\Users\Obras\sistema_gestao_testes\testes\Financeiro\Clientes\EDUARDO MORENO MARQUES.xlsx
2025-07-08 14:32:18,250 - INFO - ✅ Configurações coletadas
2025-07-08 14:32:18,250 - INFO - ✅ Arquivo confirmado: EDUARDO MORENO MARQUES.xlsx
2025-07-08 14:32:19,658 - INFO - Modo selecionado: Preview
2025-07-08 14:32:19,658 - INFO - 🎯 EXECUTANDO COM PREVIEW - DELEGAÇÃO PARA SERVIÇO
2025-07-08 14:32:19,674 - INFO - 🔧 Delegando processamento para RelatoriosDespesasService...
2025-07-08 14:32:20,075 - INFO - df_filtrado final: 28 registros
2025-07-08 14:32:20,076 - INFO - Colunas finais do df_filtrado: ['DATA_REL', 'TP_DESP', 'CNPJ_CPF', 'NOME', 'REFERÊNCIA', 'NF', 'VR_UNIT', 'DIAS', 'VALOR', 'DT_VENCTO', 'CATEGORIA', 'DADOS_BANCARIOS', 'OBSERVAÇÃO', 'STATUS', 'ID_LANCAMENTO', 'HISTORICO_ALTERACAO']
2025-07-08 14:32:20,079 - INFO - Tipos de despesa únicos: [2 3 5]
2025-07-08 14:32:20,444 - INFO - 
Obtendo número do relatório para data 2025-06-20 00:00:00
2025-07-08 14:32:20,444 - INFO - Número do relatório calculado: 22
2025-07-08 14:32:20,444 - INFO - Calculando acumulado para data 2025-06-20 00:00:00
2025-07-08 14:32:20,444 - INFO - Acumulado - registros após filtrar excluídos: 704
2025-07-08 14:32:20,464 - INFO - Valor acumulado calculado (apenas ativos): 1,098,221.05
2025-07-08 14:32:20,466 - INFO - ✅ Dados processados pelo serviço
2025-07-08 14:32:20,470 - INFO - 🔧 Abrindo preview com dados do serviço...
2025-07-08 14:32:20,470 - INFO - 🎯 MOSTRANDO PREVIEW COM DADOS DO SERVIÇO - VERSÃO CORRIGIDA
2025-07-08 14:32:20,475 - INFO - ✅ Importado de src.relatorio_despesas_aprimorado
2025-07-08 14:32:20,479 - INFO - 🔧 CRIANDO PREVIEW COM PDF TEMPORÁRIO
2025-07-08 14:32:20,623 - INFO - ✅ Preview com PDF temporário criado
2025-07-08 14:32:20,623 - ERROR - ❌ Erro com VisualizadorRelatorio: name 'visualizador' is not defined
2025-07-08 14:32:20,623 - INFO - 🔄 Tentando preview alternativo...
2025-07-08 14:32:20,639 - INFO - 🔧 CRIANDO PREVIEW COM PDF TEMPORÁRIO
2025-07-08 14:32:20,703 - INFO - ✅ Preview com PDF temporário criado
2025-07-08 14:32:21,141 - INFO - 🔧 GERANDO PDF TEMPORÁRIO COM ORDENAÇÕES PRESERVADAS
2025-07-08 14:32:21,157 - INFO - 📄 Criando PDF temporário: PREVIEW_EDUARDO_MORENO_MARQUES_20250708_143221.pdf
2025-07-08 14:32:21,173 - INFO - === INICIANDO ADIÇÃO DO CABEÇALHO ===
2025-07-08 14:32:21,186 - INFO - Tentando carregar logo: C:\Users\Obras\Documents\GitHub\Sistema-Financeiro\src\logo1.png
2025-07-08 14:32:21,188 - INFO - Logo carregada com sucesso!
2025-07-08 14:32:21,189 - INFO - Criando cabeçalho COM logo
2025-07-08 14:32:21,200 - INFO - Informações do cliente adicionadas com sucesso
2025-07-08 14:32:21,212 - INFO - === CABEÇALHO CONCLUÍDO COM SUCESSO ===
2025-07-08 14:32:21,230 - INFO - Iniciando adição de detalhes ao relatório
2025-07-08 14:32:21,343 - INFO - Detalhes adicionados com sucesso
2025-07-08 14:32:21,443 - INFO - ✅ PDF temporário gerado: C:\Users\Obras\AppData\Local\Temp\PREVIEW_EDUARDO_MORENO_MARQUES_20250708_143221.pdf
2025-07-08 14:32:21,443 - INFO - ✅ PDF temporário válido: 51,021 bytes
2025-07-08 14:32:21,443 - INFO - ✅ PDF temporário: C:\Users\Obras\AppData\Local\Temp\PREVIEW_EDUARDO_MORENO_MARQUES_20250708_143221.pdf
2025-07-08 14:32:21,451 - INFO - 🔧 GERANDO PDF TEMPORÁRIO COM ORDENAÇÕES PRESERVADAS
2025-07-08 14:32:21,453 - INFO - 📄 Criando PDF temporário: PREVIEW_EDUARDO_MORENO_MARQUES_20250708_143221.pdf
2025-07-08 14:32:21,453 - INFO - === INICIANDO ADIÇÃO DO CABEÇALHO ===
2025-07-08 14:32:21,454 - INFO - Tentando carregar logo: C:\Users\Obras\Documents\GitHub\Sistema-Financeiro\src\logo1.png
2025-07-08 14:32:21,454 - INFO - Logo carregada com sucesso!
2025-07-08 14:32:21,455 - INFO - Criando cabeçalho COM logo
2025-07-08 14:32:21,456 - INFO - Informações do cliente adicionadas com sucesso
2025-07-08 14:32:21,459 - INFO - === CABEÇALHO CONCLUÍDO COM SUCESSO ===
2025-07-08 14:32:21,469 - INFO - Iniciando adição de detalhes ao relatório
2025-07-08 14:32:21,583 - INFO - Detalhes adicionados com sucesso
2025-07-08 14:32:21,694 - INFO - ✅ PDF temporário gerado: C:\Users\Obras\AppData\Local\Temp\PREVIEW_EDUARDO_MORENO_MARQUES_20250708_143221.pdf
2025-07-08 14:32:21,694 - INFO - ✅ PDF temporário válido: 51,021 bytes
2025-07-08 14:32:21,694 - INFO - ✅ PDF temporário: C:\Users\Obras\AppData\Local\Temp\PREVIEW_EDUARDO_MORENO_MARQUES_20250708_143221.pdf
2025-07-08 14:32:25,716 - INFO - 📖 Abrindo PDF temporário: C:\Users\Obras\AppData\Local\Temp\PREVIEW_EDUARDO_MORENO_MARQUES_20250708_143221.pdf
2025-07-08 14:32:45,559 - INFO - 🗑️ PDF temporário removido: C:\Users\Obras\AppData\Local\Temp\PREVIEW_EDUARDO_MORENO_MARQUES_20250708_143221.pdf
2025-07-08 14:32:50,452 - INFO - Solicitado retorno ao menu principal
2025-07-08 14:32:50,452 - INFO - Retornando ao menu principal existente
2025-07-08 14:32:50,536 - INFO - Retorno ao menu principal concluído
2025-07-08 14:32:53,622 - INFO - Saída confirmada, finalizando sistema
2025-07-08 14:32:53,666 - INFO - Ação concluída: Gerar relatório
2025-07-08 14:34:16,314 - INFO - Carregando clientes de: C:\Users\Obras\sistema_gestao_testes\testes\Financeiro\Planilhas_Base\clientes.xlsx
2025-07-08 14:34:16,357 - INFO - Colunas disponíveis: ['Nome', 'Endereço', 'Data Inicial', 'Observações', 'Data Final']
2025-07-08 14:34:16,359 - INFO - Coluna de status: Data Final
2025-07-08 14:34:16,359 - INFO - Coluna de nome: Nome
2025-07-08 14:34:16,359 - INFO - Total de clientes ativos encontrados: 14
2025-07-08 14:34:16,365 - INFO - Lista de clientes atualizada com 15 clientes
2025-07-08 14:34:16,392 - INFO - Carregando clientes de: C:\Users\Obras\sistema_gestao_testes\testes\Financeiro\Planilhas_Base\clientes.xlsx
2025-07-08 14:34:16,409 - INFO - Colunas disponíveis: ['Nome', 'Endereço', 'Data Inicial', 'Observações', 'Data Final']
2025-07-08 14:34:16,411 - INFO - Coluna de status: Data Final
2025-07-08 14:34:16,413 - INFO - Coluna de nome: Nome
2025-07-08 14:34:16,415 - INFO - Total de clientes ativos encontrados: 14
2025-07-08 14:34:16,417 - INFO - Lista de clientes carregada com 15 itens
2025-07-08 14:34:17,570 - INFO - Data calculada automaticamente: 20/07/2025
2025-07-08 14:34:17,570 - INFO - Data calculada automaticamente: 20/07/2025
2025-07-08 14:34:20,096 - INFO - Modo manual ativado
2025-07-08 14:34:29,177 - INFO - Cliente selecionado: GILMAR ALMEIDA PORTUGAL
2025-07-08 14:34:29,177 - INFO - Arquivo encontrado: C:\Users\Obras\sistema_gestao_testes\testes\Financeiro\Clientes\GILMAR ALMEIDA PORTUGAL.xlsx
2025-07-08 14:34:29,177 - INFO - Arquivo encontrado: C:\Users\Obras\sistema_gestao_testes\testes\Financeiro\Clientes\GILMAR ALMEIDA PORTUGAL.xlsx
2025-07-08 14:34:31,401 - INFO - 🔍 INICIANDO gerar_relatorio para: despesas
2025-07-08 14:34:31,401 - INFO - 🎯 PROCESSANDO: Relatório de despesas
2025-07-08 14:34:31,417 - INFO - 🎯 PROCESSANDO DESPESAS - ARQUITETURA LIMPA
2025-07-08 14:34:31,417 - INFO - Data final obtida: 2025-06-20 00:00:00 (tipo: <class 'datetime.datetime'>)
2025-07-08 14:34:31,417 - INFO - ✅ Arquivo encontrado em arquivo_cliente_selecionado: C:\Users\Obras\sistema_gestao_testes\testes\Financeiro\Clientes\GILMAR ALMEIDA PORTUGAL.xlsx
2025-07-08 14:34:31,417 - INFO - ✅ Arquivo final nas configurações: C:\Users\Obras\sistema_gestao_testes\testes\Financeiro\Clientes\GILMAR ALMEIDA PORTUGAL.xlsx
2025-07-08 14:34:31,417 - INFO - ✅ Configurações coletadas
2025-07-08 14:34:31,417 - INFO - ✅ Arquivo confirmado: GILMAR ALMEIDA PORTUGAL.xlsx
2025-07-08 14:34:33,122 - INFO - Modo selecionado: Preview
2025-07-08 14:34:33,122 - INFO - 🎯 EXECUTANDO COM PREVIEW - DELEGAÇÃO PARA SERVIÇO
2025-07-08 14:34:33,122 - INFO - 🔧 Delegando processamento para RelatoriosDespesasService...
2025-07-08 14:34:33,700 - INFO - df_filtrado final: 41 registros
2025-07-08 14:34:33,700 - INFO - Colunas finais do df_filtrado: ['DATA_REL', 'TP_DESP', 'CNPJ_CPF', 'NOME', 'REFERÊNCIA', 'NF', 'VR_UNIT', 'DIAS', 'VALOR', 'DT_VENCTO', 'CATEGORIA', 'DADOS_BANCARIOS', 'OBSERVAÇÃO', 'STATUS', 'ID_LANCAMENTO', 'HISTORICO_ALTERACAO']
2025-07-08 14:34:33,700 - INFO - Tipos de despesa únicos: [2 3 4 5]
2025-07-08 14:34:34,232 - INFO - 
Obtendo número do relatório para data 2025-06-20 00:00:00
2025-07-08 14:34:34,247 - INFO - Número do relatório calculado: 28
2025-07-08 14:34:34,247 - INFO - Calculando acumulado para data 2025-06-20 00:00:00
2025-07-08 14:34:34,247 - INFO - Acumulado - registros após filtrar excluídos: 1329
2025-07-08 14:34:34,247 - INFO - Valor acumulado calculado (apenas ativos): 3,629,828.52
2025-07-08 14:34:34,262 - INFO - ✅ Dados processados pelo serviço
2025-07-08 14:34:34,266 - INFO - 🔧 Abrindo preview com dados do serviço...
2025-07-08 14:34:34,267 - INFO - 🎯 MOSTRANDO PREVIEW COM DADOS DO SERVIÇO - VERSÃO CORRIGIDA
2025-07-08 14:34:34,272 - INFO - ✅ Importado de src.relatorio_despesas_aprimorado
2025-07-08 14:34:34,276 - INFO - 🔧 CRIANDO PREVIEW COM PDF TEMPORÁRIO
2025-07-08 14:34:34,422 - INFO - ✅ Preview com PDF temporário criado
2025-07-08 14:34:34,422 - ERROR - ❌ Erro com VisualizadorRelatorio: name 'visualizador' is not defined
2025-07-08 14:34:34,422 - INFO - 🔄 Tentando preview alternativo...
2025-07-08 14:34:34,438 - INFO - 🔧 CRIANDO PREVIEW COM PDF TEMPORÁRIO
2025-07-08 14:34:34,500 - INFO - ✅ Preview com PDF temporário criado
2025-07-08 14:34:34,937 - INFO - 🔧 GERANDO PDF TEMPORÁRIO COM ORDENAÇÕES PRESERVADAS
2025-07-08 14:34:34,937 - INFO - 📄 Criando PDF temporário: PREVIEW_GILMAR_ALMEIDA_PORTUGAL_20250708_143434.pdf
2025-07-08 14:34:34,937 - INFO - === INICIANDO ADIÇÃO DO CABEÇALHO ===
2025-07-08 14:34:34,937 - INFO - Tentando carregar logo: C:\Users\Obras\Documents\GitHub\Sistema-Financeiro\src\logo1.png
2025-07-08 14:34:34,937 - INFO - Logo carregada com sucesso!
2025-07-08 14:34:34,937 - INFO - Criando cabeçalho COM logo
2025-07-08 14:34:34,937 - INFO - Informações do cliente adicionadas com sucesso
2025-07-08 14:34:34,937 - INFO - === CABEÇALHO CONCLUÍDO COM SUCESSO ===
2025-07-08 14:34:34,952 - INFO - Iniciando adição de detalhes ao relatório
2025-07-08 14:34:35,102 - INFO - Detalhes adicionados com sucesso
2025-07-08 14:34:35,224 - INFO - ✅ PDF temporário gerado: C:\Users\Obras\AppData\Local\Temp\PREVIEW_GILMAR_ALMEIDA_PORTUGAL_20250708_143434.pdf
2025-07-08 14:34:35,224 - INFO - ✅ PDF temporário válido: 53,903 bytes
2025-07-08 14:34:35,224 - INFO - ✅ PDF temporário: C:\Users\Obras\AppData\Local\Temp\PREVIEW_GILMAR_ALMEIDA_PORTUGAL_20250708_143434.pdf
2025-07-08 14:34:35,241 - INFO - 🔧 GERANDO PDF TEMPORÁRIO COM ORDENAÇÕES PRESERVADAS
2025-07-08 14:34:35,242 - INFO - 📄 Criando PDF temporário: PREVIEW_GILMAR_ALMEIDA_PORTUGAL_20250708_143435.pdf
2025-07-08 14:34:35,243 - INFO - === INICIANDO ADIÇÃO DO CABEÇALHO ===
2025-07-08 14:34:35,243 - INFO - Tentando carregar logo: C:\Users\Obras\Documents\GitHub\Sistema-Financeiro\src\logo1.png
2025-07-08 14:34:35,244 - INFO - Logo carregada com sucesso!
2025-07-08 14:34:35,244 - INFO - Criando cabeçalho COM logo
2025-07-08 14:34:35,246 - INFO - Informações do cliente adicionadas com sucesso
2025-07-08 14:34:35,247 - INFO - === CABEÇALHO CONCLUÍDO COM SUCESSO ===
2025-07-08 14:34:35,255 - INFO - Iniciando adição de detalhes ao relatório
2025-07-08 14:34:35,391 - INFO - Detalhes adicionados com sucesso
2025-07-08 14:34:35,525 - INFO - ✅ PDF temporário gerado: C:\Users\Obras\AppData\Local\Temp\PREVIEW_GILMAR_ALMEIDA_PORTUGAL_20250708_143435.pdf
2025-07-08 14:34:35,525 - INFO - ✅ PDF temporário válido: 53,903 bytes
2025-07-08 14:34:35,525 - INFO - ✅ PDF temporário: C:\Users\Obras\AppData\Local\Temp\PREVIEW_GILMAR_ALMEIDA_PORTUGAL_20250708_143435.pdf
2025-07-08 14:34:37,735 - INFO - 📖 Abrindo PDF temporário: C:\Users\Obras\AppData\Local\Temp\PREVIEW_GILMAR_ALMEIDA_PORTUGAL_20250708_143435.pdf
2025-07-08 14:34:48,199 - INFO - 🗑️ PDF temporário removido: C:\Users\Obras\AppData\Local\Temp\PREVIEW_GILMAR_ALMEIDA_PORTUGAL_20250708_143435.pdf
2025-07-08 14:34:50,657 - INFO - Solicitado retorno ao menu principal
2025-07-08 14:34:50,672 - INFO - Retornando ao menu principal existente
2025-07-08 14:34:50,750 - INFO - Retorno ao menu principal concluído
2025-07-08 14:34:53,742 - INFO - Saída confirmada, finalizando sistema
2025-07-08 14:34:53,784 - INFO - Ação concluída: Gerar relatório
2025-07-08 14:38:07,872 - INFO - Carregando clientes de: C:\Users\Obras\sistema_gestao_testes\testes\Financeiro\Planilhas_Base\clientes.xlsx
2025-07-08 14:38:07,924 - INFO - Colunas disponíveis: ['Nome', 'Endereço', 'Data Inicial', 'Observações', 'Data Final']
2025-07-08 14:38:07,924 - INFO - Coluna de status: Data Final
2025-07-08 14:38:07,924 - INFO - Coluna de nome: Nome
2025-07-08 14:38:07,924 - INFO - Total de clientes ativos encontrados: 14
2025-07-08 14:38:07,924 - INFO - Lista de clientes atualizada com 15 clientes
2025-07-08 14:38:07,958 - INFO - Carregando clientes de: C:\Users\Obras\sistema_gestao_testes\testes\Financeiro\Planilhas_Base\clientes.xlsx
2025-07-08 14:38:07,976 - INFO - Colunas disponíveis: ['Nome', 'Endereço', 'Data Inicial', 'Observações', 'Data Final']
2025-07-08 14:38:07,976 - INFO - Coluna de status: Data Final
2025-07-08 14:38:07,978 - INFO - Coluna de nome: Nome
2025-07-08 14:38:07,979 - INFO - Total de clientes ativos encontrados: 14
2025-07-08 14:38:07,980 - INFO - Lista de clientes carregada com 15 itens
2025-07-08 14:38:08,885 - INFO - Data calculada automaticamente: 20/07/2025
2025-07-08 14:38:08,885 - INFO - Data calculada automaticamente: 20/07/2025
2025-07-08 14:38:12,427 - INFO - Modo manual ativado
2025-07-08 14:38:20,756 - INFO - Cliente selecionado: JOSE PAULO DE SOUZA PEIXE
2025-07-08 14:38:20,756 - INFO - Arquivo encontrado: C:\Users\Obras\sistema_gestao_testes\testes\Financeiro\Clientes\JOSE PAULO DE SOUZA PEIXE.xlsx
2025-07-08 14:38:20,756 - INFO - Arquivo encontrado: C:\Users\Obras\sistema_gestao_testes\testes\Financeiro\Clientes\JOSE PAULO DE SOUZA PEIXE.xlsx
2025-07-08 14:38:22,842 - INFO - 🔍 INICIANDO gerar_relatorio para: despesas
2025-07-08 14:38:22,842 - INFO - 🎯 PROCESSANDO: Relatório de despesas
2025-07-08 14:38:22,842 - INFO - 🎯 PROCESSANDO DESPESAS - ARQUITETURA LIMPA
2025-07-08 14:38:22,842 - INFO - Data final obtida: 2025-06-20 00:00:00 (tipo: <class 'datetime.datetime'>)
2025-07-08 14:38:22,842 - INFO - ✅ Arquivo encontrado em arquivo_cliente_selecionado: C:\Users\Obras\sistema_gestao_testes\testes\Financeiro\Clientes\JOSE PAULO DE SOUZA PEIXE.xlsx
2025-07-08 14:38:22,842 - INFO - ✅ Arquivo final nas configurações: C:\Users\Obras\sistema_gestao_testes\testes\Financeiro\Clientes\JOSE PAULO DE SOUZA PEIXE.xlsx
2025-07-08 14:38:22,842 - INFO - ✅ Configurações coletadas
2025-07-08 14:38:22,842 - INFO - ✅ Arquivo confirmado: JOSE PAULO DE SOUZA PEIXE.xlsx
2025-07-08 14:38:24,523 - INFO - Modo selecionado: Preview
2025-07-08 14:38:24,523 - INFO - 🎯 EXECUTANDO COM PREVIEW - DELEGAÇÃO PARA SERVIÇO
2025-07-08 14:38:24,545 - INFO - 🔧 Delegando processamento para RelatoriosDespesasService...
2025-07-08 14:38:24,990 - INFO - df_filtrado final: 30 registros
2025-07-08 14:38:24,990 - INFO - Colunas finais do df_filtrado: ['DATA_REL', 'TP_DESP', 'CNPJ_CPF', 'NOME', 'REFERÊNCIA', 'NF', 'VR_UNIT', 'DIAS', 'VALOR', 'DT_VENCTO', 'CATEGORIA', 'DADOS_BANCARIOS', 'OBSERVAÇÃO', 'STATUS', 'ID_LANCAMENTO', 'HISTORICO_ALTERACAO', 'RELATÓRIO']
2025-07-08 14:38:24,990 - INFO - Tipos de despesa únicos: [2 3 4 5]
2025-07-08 14:38:25,451 - INFO - 
Obtendo número do relatório para data 2025-06-20 00:00:00
2025-07-08 14:38:25,451 - INFO - Número do relatório calculado: 22
2025-07-08 14:38:25,451 - INFO - Calculando acumulado para data 2025-06-20 00:00:00
2025-07-08 14:38:25,451 - INFO - Acumulado - registros após filtrar excluídos: 1002
2025-07-08 14:38:25,468 - INFO - Valor acumulado calculado (apenas ativos): 1,500,384.11
2025-07-08 14:38:25,470 - INFO - ✅ Dados processados pelo serviço
2025-07-08 14:38:25,477 - INFO - 🔧 Abrindo preview com dados do serviço...
2025-07-08 14:38:25,477 - INFO - 🎯 MOSTRANDO PREVIEW COM DADOS DO SERVIÇO - VERSÃO CORRIGIDA
2025-07-08 14:38:25,483 - INFO - ✅ Importado de src.relatorio_despesas_aprimorado
2025-07-08 14:38:25,486 - INFO - 🔧 CRIANDO PREVIEW COM PDF TEMPORÁRIO
2025-07-08 14:38:25,636 - INFO - ✅ Preview com PDF temporário criado
2025-07-08 14:38:25,636 - ERROR - ❌ Erro com VisualizadorRelatorio: name 'visualizador' is not defined
2025-07-08 14:38:25,636 - INFO - 🔄 Tentando preview alternativo...
2025-07-08 14:38:25,636 - INFO - 🔧 CRIANDO PREVIEW COM PDF TEMPORÁRIO
2025-07-08 14:38:25,714 - INFO - ✅ Preview com PDF temporário criado
2025-07-08 14:38:26,138 - INFO - 🔧 GERANDO PDF TEMPORÁRIO COM ORDENAÇÕES PRESERVADAS
2025-07-08 14:38:26,138 - INFO - 📄 Criando PDF temporário: PREVIEW_JOSÉ_PAULO_DE_SOUZA_PEIXE_20250708_143826.pdf
2025-07-08 14:38:26,138 - INFO - === INICIANDO ADIÇÃO DO CABEÇALHO ===
2025-07-08 14:38:26,138 - INFO - Tentando carregar logo: C:\Users\Obras\Documents\GitHub\Sistema-Financeiro\src\logo1.png
2025-07-08 14:38:26,153 - INFO - Logo carregada com sucesso!
2025-07-08 14:38:26,153 - INFO - Criando cabeçalho COM logo
2025-07-08 14:38:26,157 - INFO - Informações do cliente adicionadas com sucesso
2025-07-08 14:38:26,159 - INFO - === CABEÇALHO CONCLUÍDO COM SUCESSO ===
2025-07-08 14:38:26,172 - INFO - Iniciando adição de detalhes ao relatório
2025-07-08 14:38:26,486 - INFO - Detalhes adicionados com sucesso
2025-07-08 14:38:26,605 - INFO - ✅ PDF temporário gerado: C:\Users\Obras\AppData\Local\Temp\PREVIEW_JOSÉ_PAULO_DE_SOUZA_PEIXE_20250708_143826.pdf
2025-07-08 14:38:26,605 - INFO - ✅ PDF temporário válido: 52,478 bytes
2025-07-08 14:38:26,605 - INFO - ✅ PDF temporário: C:\Users\Obras\AppData\Local\Temp\PREVIEW_JOSÉ_PAULO_DE_SOUZA_PEIXE_20250708_143826.pdf
2025-07-08 14:38:26,624 - INFO - 🔧 GERANDO PDF TEMPORÁRIO COM ORDENAÇÕES PRESERVADAS
2025-07-08 14:38:26,625 - INFO - 📄 Criando PDF temporário: PREVIEW_JOSÉ_PAULO_DE_SOUZA_PEIXE_20250708_143826.pdf
2025-07-08 14:38:26,625 - INFO - === INICIANDO ADIÇÃO DO CABEÇALHO ===
2025-07-08 14:38:26,627 - INFO - Tentando carregar logo: C:\Users\Obras\Documents\GitHub\Sistema-Financeiro\src\logo1.png
2025-07-08 14:38:26,627 - INFO - Logo carregada com sucesso!
2025-07-08 14:38:26,628 - INFO - Criando cabeçalho COM logo
2025-07-08 14:38:26,629 - INFO - Informações do cliente adicionadas com sucesso
2025-07-08 14:38:26,630 - INFO - === CABEÇALHO CONCLUÍDO COM SUCESSO ===
2025-07-08 14:38:26,640 - INFO - Iniciando adição de detalhes ao relatório
2025-07-08 14:38:26,840 - INFO - Detalhes adicionados com sucesso
2025-07-08 14:38:26,951 - INFO - ✅ PDF temporário gerado: C:\Users\Obras\AppData\Local\Temp\PREVIEW_JOSÉ_PAULO_DE_SOUZA_PEIXE_20250708_143826.pdf
2025-07-08 14:38:26,951 - INFO - ✅ PDF temporário válido: 52,478 bytes
2025-07-08 14:38:26,952 - INFO - ✅ PDF temporário: C:\Users\Obras\AppData\Local\Temp\PREVIEW_JOSÉ_PAULO_DE_SOUZA_PEIXE_20250708_143826.pdf
2025-07-08 14:38:28,554 - INFO - 📖 Abrindo PDF temporário: C:\Users\Obras\AppData\Local\Temp\PREVIEW_JOSÉ_PAULO_DE_SOUZA_PEIXE_20250708_143826.pdf
2025-07-08 14:38:54,466 - INFO - 🗑️ PDF temporário removido: C:\Users\Obras\AppData\Local\Temp\PREVIEW_JOSÉ_PAULO_DE_SOUZA_PEIXE_20250708_143826.pdf
2025-07-08 14:38:57,336 - INFO - Solicitado retorno ao menu principal
2025-07-08 14:38:57,336 - INFO - Retornando ao menu principal existente
2025-07-08 14:38:57,409 - INFO - Retorno ao menu principal concluído
2025-07-08 14:39:03,203 - INFO - Saída confirmada, finalizando sistema
2025-07-08 14:39:03,240 - INFO - Ação concluída: Gerar relatório
2025-07-08 14:40:03,144 - INFO - Carregando clientes de: C:\Users\Obras\sistema_gestao_testes\testes\Financeiro\Planilhas_Base\clientes.xlsx
2025-07-08 14:40:03,180 - INFO - Colunas disponíveis: ['Nome', 'Endereço', 'Data Inicial', 'Observações', 'Data Final']
2025-07-08 14:40:03,180 - INFO - Coluna de status: Data Final
2025-07-08 14:40:03,189 - INFO - Coluna de nome: Nome
2025-07-08 14:40:03,189 - INFO - Total de clientes ativos encontrados: 14
2025-07-08 14:40:03,192 - INFO - Lista de clientes atualizada com 15 clientes
2025-07-08 14:40:03,214 - INFO - Carregando clientes de: C:\Users\Obras\sistema_gestao_testes\testes\Financeiro\Planilhas_Base\clientes.xlsx
2025-07-08 14:40:03,229 - INFO - Colunas disponíveis: ['Nome', 'Endereço', 'Data Inicial', 'Observações', 'Data Final']
2025-07-08 14:40:03,238 - INFO - Coluna de status: Data Final
2025-07-08 14:40:03,241 - INFO - Coluna de nome: Nome
2025-07-08 14:40:03,242 - INFO - Total de clientes ativos encontrados: 14
2025-07-08 14:40:03,243 - INFO - Lista de clientes carregada com 15 itens
2025-07-08 14:40:04,323 - INFO - Data calculada automaticamente: 20/07/2025
2025-07-08 14:40:04,323 - INFO - Data calculada automaticamente: 20/07/2025
2025-07-08 14:40:07,219 - INFO - Modo manual ativado
2025-07-08 14:40:15,571 - INFO - Cliente selecionado: JOSE PAULO DE SOUZA PEIXE
2025-07-08 14:40:15,571 - INFO - Arquivo encontrado: C:\Users\Obras\sistema_gestao_testes\testes\Financeiro\Clientes\JOSE PAULO DE SOUZA PEIXE.xlsx
2025-07-08 14:40:15,571 - INFO - Arquivo encontrado: C:\Users\Obras\sistema_gestao_testes\testes\Financeiro\Clientes\JOSE PAULO DE SOUZA PEIXE.xlsx
2025-07-08 14:40:19,500 - INFO - 🔍 INICIANDO gerar_relatorio para: despesas
2025-07-08 14:40:19,500 - INFO - 🎯 PROCESSANDO: Relatório de despesas
2025-07-08 14:40:19,500 - INFO - 🎯 PROCESSANDO DESPESAS - ARQUITETURA LIMPA
2025-07-08 14:40:19,500 - INFO - Data final obtida: 2025-06-20 00:00:00 (tipo: <class 'datetime.datetime'>)
2025-07-08 14:40:19,500 - INFO - ✅ Arquivo encontrado em arquivo_cliente_selecionado: C:\Users\Obras\sistema_gestao_testes\testes\Financeiro\Clientes\JOSE PAULO DE SOUZA PEIXE.xlsx
2025-07-08 14:40:19,500 - INFO - ✅ Arquivo final nas configurações: C:\Users\Obras\sistema_gestao_testes\testes\Financeiro\Clientes\JOSE PAULO DE SOUZA PEIXE.xlsx
2025-07-08 14:40:19,500 - INFO - ✅ Configurações coletadas
2025-07-08 14:40:19,500 - INFO - ✅ Arquivo confirmado: JOSE PAULO DE SOUZA PEIXE.xlsx
2025-07-08 14:40:21,557 - INFO - Modo selecionado: Direto
2025-07-08 14:40:21,557 - INFO - 🎯 EXECUTANDO DIRETO - DELEGAÇÃO PARA SERVIÇO
2025-07-08 14:40:21,573 - ERROR - Erro ao atualizar progresso: 'Toplevel' object has no attribute 'percent_label'
2025-07-08 14:40:21,994 - INFO - df_filtrado final: 30 registros
2025-07-08 14:40:21,994 - INFO - Colunas finais do df_filtrado: ['DATA_REL', 'TP_DESP', 'CNPJ_CPF', 'NOME', 'REFERÊNCIA', 'NF', 'VR_UNIT', 'DIAS', 'VALOR', 'DT_VENCTO', 'CATEGORIA', 'DADOS_BANCARIOS', 'OBSERVAÇÃO', 'STATUS', 'ID_LANCAMENTO', 'HISTORICO_ALTERACAO', 'RELATÓRIO']
2025-07-08 14:40:22,004 - INFO - Tipos de despesa únicos: [2 3 4 5]
2025-07-08 14:40:22,450 - INFO - 
Obtendo número do relatório para data 2025-06-20 00:00:00
2025-07-08 14:40:22,450 - INFO - Número do relatório calculado: 22
2025-07-08 14:40:22,450 - INFO - Calculando acumulado para data 2025-06-20 00:00:00
2025-07-08 14:40:22,450 - INFO - Acumulado - registros após filtrar excluídos: 1002
2025-07-08 14:40:22,450 - INFO - Valor acumulado calculado (apenas ativos): 1,500,384.11
2025-07-08 14:40:22,463 - ERROR - Erro ao atualizar progresso: 'Toplevel' object has no attribute 'percent_label'
2025-07-08 14:40:22,464 - INFO - === INICIANDO ADIÇÃO DO CABEÇALHO ===
2025-07-08 14:40:22,465 - INFO - Tentando carregar logo: C:\Users\Obras\Documents\GitHub\Sistema-Financeiro\src\logo1.png
2025-07-08 14:40:22,466 - INFO - Logo carregada com sucesso!
2025-07-08 14:40:22,467 - INFO - Criando cabeçalho COM logo
2025-07-08 14:40:22,468 - INFO - Informações do cliente adicionadas com sucesso
2025-07-08 14:40:22,468 - INFO - === CABEÇALHO CONCLUÍDO COM SUCESSO ===
2025-07-08 14:40:22,479 - INFO - Iniciando adição de detalhes ao relatório
2025-07-08 14:40:22,627 - INFO - Detalhes adicionados com sucesso
2025-07-08 14:40:22,737 - ERROR - Erro ao atualizar progresso: 'Toplevel' object has no attribute 'percent_label'
2025-07-08 14:40:28,478 - INFO - ✅ Resultado mostrado para: JOSÉ PAULO DE SOUZA PEIXE
2025-07-08 14:40:28,478 - INFO - ✅ Execução direta concluída
2025-07-08 14:40:51,560 - INFO - Solicitado retorno ao menu principal
2025-07-08 14:40:51,560 - INFO - Retornando ao menu principal existente
2025-07-08 14:40:51,647 - INFO - Retorno ao menu principal concluído
2025-07-08 14:40:55,241 - INFO - Saída confirmada, finalizando sistema
2025-07-08 14:40:55,295 - INFO - Ação concluída: Gerar relatório
2025-07-08 14:45:15,824 - INFO - Carregando clientes de: C:\Users\Obras\sistema_gestao_testes\testes\Financeiro\Planilhas_Base\clientes.xlsx
2025-07-08 14:45:15,869 - INFO - Colunas disponíveis: ['Nome', 'Endereço', 'Data Inicial', 'Observações', 'Data Final']
2025-07-08 14:45:15,869 - INFO - Coluna de status: Data Final
2025-07-08 14:45:15,869 - INFO - Coluna de nome: Nome
2025-07-08 14:45:15,869 - INFO - Total de clientes ativos encontrados: 14
2025-07-08 14:45:15,869 - INFO - Lista de clientes atualizada com 15 clientes
2025-07-08 14:45:15,906 - INFO - Carregando clientes de: C:\Users\Obras\sistema_gestao_testes\testes\Financeiro\Planilhas_Base\clientes.xlsx
2025-07-08 14:45:15,922 - INFO - Colunas disponíveis: ['Nome', 'Endereço', 'Data Inicial', 'Observações', 'Data Final']
2025-07-08 14:45:15,923 - INFO - Coluna de status: Data Final
2025-07-08 14:45:15,924 - INFO - Coluna de nome: Nome
2025-07-08 14:45:15,924 - INFO - Total de clientes ativos encontrados: 14
2025-07-08 14:45:15,924 - INFO - Lista de clientes carregada com 15 itens
2025-07-08 14:45:16,909 - INFO - Data calculada automaticamente: 20/07/2025
2025-07-08 14:45:16,909 - INFO - Data calculada automaticamente: 20/07/2025
2025-07-08 14:45:20,159 - INFO - Modo manual ativado
2025-07-08 14:45:33,236 - INFO - Cliente selecionado: EDUARDO MORENO MARQUES
2025-07-08 14:45:33,236 - INFO - Arquivo encontrado: C:\Users\Obras\sistema_gestao_testes\testes\Financeiro\Clientes\EDUARDO MORENO MARQUES.xlsx
2025-07-08 14:45:33,252 - INFO - Arquivo encontrado: C:\Users\Obras\sistema_gestao_testes\testes\Financeiro\Clientes\EDUARDO MORENO MARQUES.xlsx
2025-07-08 14:45:35,944 - INFO - 🔍 INICIANDO gerar_relatorio para: despesas
2025-07-08 14:45:35,944 - INFO - 🎯 PROCESSANDO: Relatório de despesas
2025-07-08 14:45:35,944 - INFO - 🎯 PROCESSANDO DESPESAS - ARQUITETURA LIMPA
2025-07-08 14:45:35,944 - INFO - Data final obtida: 2025-06-20 00:00:00 (tipo: <class 'datetime.datetime'>)
2025-07-08 14:45:35,944 - INFO - ✅ Arquivo encontrado em arquivo_cliente_selecionado: C:\Users\Obras\sistema_gestao_testes\testes\Financeiro\Clientes\EDUARDO MORENO MARQUES.xlsx
2025-07-08 14:45:35,944 - INFO - ✅ Arquivo final nas configurações: C:\Users\Obras\sistema_gestao_testes\testes\Financeiro\Clientes\EDUARDO MORENO MARQUES.xlsx
2025-07-08 14:45:35,944 - INFO - ✅ Configurações coletadas
2025-07-08 14:45:35,944 - INFO - ✅ Arquivo confirmado: EDUARDO MORENO MARQUES.xlsx
2025-07-08 14:45:37,595 - INFO - Modo selecionado: Preview
2025-07-08 14:45:37,595 - INFO - 🎯 EXECUTANDO COM PREVIEW - DELEGAÇÃO PARA SERVIÇO
2025-07-08 14:45:37,614 - INFO - 🔧 Delegando processamento para RelatoriosDespesasService...
2025-07-08 14:45:37,935 - INFO - df_filtrado final: 28 registros
2025-07-08 14:45:37,935 - INFO - Colunas finais do df_filtrado: ['DATA_REL', 'TP_DESP', 'CNPJ_CPF', 'NOME', 'REFERÊNCIA', 'NF', 'VR_UNIT', 'DIAS', 'VALOR', 'DT_VENCTO', 'CATEGORIA', 'DADOS_BANCARIOS', 'OBSERVAÇÃO', 'STATUS', 'ID_LANCAMENTO', 'HISTORICO_ALTERACAO']
2025-07-08 14:45:37,950 - INFO - Tipos de despesa únicos: [2 3 5]
2025-07-08 14:45:38,318 - INFO - 
Obtendo número do relatório para data 2025-06-20 00:00:00
2025-07-08 14:45:38,318 - INFO - Número do relatório calculado: 22
2025-07-08 14:45:38,318 - INFO - Calculando acumulado para data 2025-06-20 00:00:00
2025-07-08 14:45:38,318 - INFO - Acumulado - registros após filtrar excluídos: 704
2025-07-08 14:45:38,338 - INFO - Valor acumulado calculado (apenas ativos): 1,098,221.05
2025-07-08 14:45:38,341 - INFO - ✅ Dados processados pelo serviço
2025-07-08 14:45:38,344 - INFO - 🔧 Abrindo preview com dados do serviço...
2025-07-08 14:45:38,345 - INFO - 🎯 MOSTRANDO PREVIEW COM DADOS DO SERVIÇO - VERSÃO CORRIGIDA
2025-07-08 14:45:38,350 - INFO - ✅ Importado de src.relatorio_despesas_aprimorado
2025-07-08 14:45:38,355 - INFO - 🔧 CRIANDO PREVIEW COM PDF TEMPORÁRIO
2025-07-08 14:45:38,499 - INFO - ✅ Preview com PDF temporário criado
2025-07-08 14:45:38,499 - ERROR - ❌ Erro com VisualizadorRelatorio: name 'visualizador' is not defined
2025-07-08 14:45:38,499 - INFO - 🔄 Tentando preview alternativo...
2025-07-08 14:45:38,499 - INFO - 🔧 CRIANDO PREVIEW COM PDF TEMPORÁRIO
2025-07-08 14:45:38,571 - INFO - ✅ Preview com PDF temporário criado
2025-07-08 14:45:39,015 - INFO - 🔧 GERANDO PDF TEMPORÁRIO COM ORDENAÇÕES PRESERVADAS
2025-07-08 14:45:39,015 - INFO - 📄 Criando PDF temporário: PREVIEW_EDUARDO_MORENO_MARQUES_20250708_144539.pdf
2025-07-08 14:45:39,015 - INFO - === INICIANDO ADIÇÃO DO CABEÇALHO ===
2025-07-08 14:45:39,015 - INFO - Tentando carregar logo: C:\Users\Obras\Documents\GitHub\Sistema-Financeiro\src\logo1.png
2025-07-08 14:45:39,015 - INFO - Logo carregada com sucesso!
2025-07-08 14:45:39,015 - INFO - Criando cabeçalho COM logo
2025-07-08 14:45:39,015 - INFO - Informações do cliente adicionadas com sucesso
2025-07-08 14:45:39,015 - INFO - === CABEÇALHO CONCLUÍDO COM SUCESSO ===
2025-07-08 14:45:39,028 - INFO - Iniciando adição de detalhes ao relatório
2025-07-08 14:45:39,135 - INFO - Detalhes adicionados com sucesso
2025-07-08 14:45:39,237 - INFO - ✅ PDF temporário gerado: C:\Users\Obras\AppData\Local\Temp\PREVIEW_EDUARDO_MORENO_MARQUES_20250708_144539.pdf
2025-07-08 14:45:39,238 - INFO - ✅ PDF temporário válido: 51,021 bytes
2025-07-08 14:45:39,242 - INFO - ✅ PDF temporário: C:\Users\Obras\AppData\Local\Temp\PREVIEW_EDUARDO_MORENO_MARQUES_20250708_144539.pdf
2025-07-08 14:45:39,252 - INFO - 🔧 GERANDO PDF TEMPORÁRIO COM ORDENAÇÕES PRESERVADAS
2025-07-08 14:45:39,254 - INFO - 📄 Criando PDF temporário: PREVIEW_EDUARDO_MORENO_MARQUES_20250708_144539.pdf
2025-07-08 14:45:39,255 - INFO - === INICIANDO ADIÇÃO DO CABEÇALHO ===
2025-07-08 14:45:39,256 - INFO - Tentando carregar logo: C:\Users\Obras\Documents\GitHub\Sistema-Financeiro\src\logo1.png
2025-07-08 14:45:39,257 - INFO - Logo carregada com sucesso!
2025-07-08 14:45:39,257 - INFO - Criando cabeçalho COM logo
2025-07-08 14:45:39,259 - INFO - Informações do cliente adicionadas com sucesso
2025-07-08 14:45:39,259 - INFO - === CABEÇALHO CONCLUÍDO COM SUCESSO ===
2025-07-08 14:45:39,275 - INFO - Iniciando adição de detalhes ao relatório
2025-07-08 14:45:39,378 - INFO - Detalhes adicionados com sucesso
2025-07-08 14:45:39,468 - INFO - ✅ PDF temporário gerado: C:\Users\Obras\AppData\Local\Temp\PREVIEW_EDUARDO_MORENO_MARQUES_20250708_144539.pdf
2025-07-08 14:45:39,468 - INFO - ✅ PDF temporário válido: 51,021 bytes
2025-07-08 14:45:39,468 - INFO - ✅ PDF temporário: C:\Users\Obras\AppData\Local\Temp\PREVIEW_EDUARDO_MORENO_MARQUES_20250708_144539.pdf
2025-07-08 14:45:40,741 - INFO - 📖 Abrindo PDF temporário: C:\Users\Obras\AppData\Local\Temp\PREVIEW_EDUARDO_MORENO_MARQUES_20250708_144539.pdf
2025-07-08 14:45:55,903 - INFO - 🗑️ PDF temporário removido: C:\Users\Obras\AppData\Local\Temp\PREVIEW_EDUARDO_MORENO_MARQUES_20250708_144539.pdf
2025-07-08 14:45:59,247 - INFO - Solicitado retorno ao menu principal
2025-07-08 14:45:59,247 - INFO - Retornando ao menu principal existente
2025-07-08 14:45:59,329 - INFO - Retorno ao menu principal concluído
2025-07-08 14:46:02,931 - INFO - Saída confirmada, finalizando sistema
2025-07-08 14:46:02,976 - INFO - Ação concluída: Gerar relatório
2025-07-08 14:55:19,848 - INFO - Carregando clientes de: C:\Users\Obras\sistema_gestao_testes\testes\Financeiro\Planilhas_Base\clientes.xlsx
2025-07-08 14:55:19,895 - INFO - Colunas disponíveis: ['Nome', 'Endereço', 'Data Inicial', 'Observações', 'Data Final']
2025-07-08 14:55:19,895 - INFO - Coluna de status: Data Final
2025-07-08 14:55:19,895 - INFO - Coluna de nome: Nome
2025-07-08 14:55:19,895 - INFO - Total de clientes ativos encontrados: 14
2025-07-08 14:55:19,895 - INFO - Lista de clientes atualizada com 15 clientes
2025-07-08 14:55:19,935 - INFO - Carregando clientes de: C:\Users\Obras\sistema_gestao_testes\testes\Financeiro\Planilhas_Base\clientes.xlsx
2025-07-08 14:55:19,951 - INFO - Colunas disponíveis: ['Nome', 'Endereço', 'Data Inicial', 'Observações', 'Data Final']
2025-07-08 14:55:19,952 - INFO - Coluna de status: Data Final
2025-07-08 14:55:19,956 - INFO - Coluna de nome: Nome
2025-07-08 14:55:19,957 - INFO - Total de clientes ativos encontrados: 14
2025-07-08 14:55:19,957 - INFO - Lista de clientes carregada com 15 itens
2025-07-08 14:55:21,561 - INFO - Data calculada automaticamente: 20/07/2025
2025-07-08 14:55:21,561 - INFO - Data calculada automaticamente: 20/07/2025
2025-07-08 14:55:24,599 - INFO - Modo manual ativado
2025-07-08 14:55:33,771 - INFO - Cliente selecionado: EDUARDO MORENO MARQUES
2025-07-08 14:55:33,771 - INFO - Arquivo encontrado: C:\Users\Obras\sistema_gestao_testes\testes\Financeiro\Clientes\EDUARDO MORENO MARQUES.xlsx
2025-07-08 14:55:33,771 - INFO - Arquivo encontrado: C:\Users\Obras\sistema_gestao_testes\testes\Financeiro\Clientes\EDUARDO MORENO MARQUES.xlsx
2025-07-08 14:55:35,940 - INFO - 🔍 INICIANDO gerar_relatorio para: despesas
2025-07-08 14:55:35,940 - INFO - 🎯 PROCESSANDO: Relatório de despesas
2025-07-08 14:55:35,940 - INFO - 🎯 PROCESSANDO DESPESAS - ARQUITETURA LIMPA
2025-07-08 14:55:35,940 - INFO - Data final obtida: 2025-06-20 00:00:00 (tipo: <class 'datetime.datetime'>)
2025-07-08 14:55:35,940 - INFO - ✅ Arquivo encontrado em arquivo_cliente_selecionado: C:\Users\Obras\sistema_gestao_testes\testes\Financeiro\Clientes\EDUARDO MORENO MARQUES.xlsx
2025-07-08 14:55:35,940 - INFO - ✅ Arquivo final nas configurações: C:\Users\Obras\sistema_gestao_testes\testes\Financeiro\Clientes\EDUARDO MORENO MARQUES.xlsx
2025-07-08 14:55:35,940 - INFO - ✅ Configurações coletadas
2025-07-08 14:55:35,940 - INFO - ✅ Arquivo confirmado: EDUARDO MORENO MARQUES.xlsx
2025-07-08 14:55:37,347 - INFO - Modo selecionado: Preview
2025-07-08 14:55:37,347 - INFO - 🎯 EXECUTANDO COM PREVIEW - DELEGAÇÃO PARA SERVIÇO
2025-07-08 14:55:37,363 - INFO - 🔧 Delegando processamento para RelatoriosDespesasService...
2025-07-08 14:55:37,701 - INFO - df_filtrado final: 28 registros
2025-07-08 14:55:37,702 - INFO - Colunas finais do df_filtrado: ['DATA_REL', 'TP_DESP', 'CNPJ_CPF', 'NOME', 'REFERÊNCIA', 'NF', 'VR_UNIT', 'DIAS', 'VALOR', 'DT_VENCTO', 'CATEGORIA', 'DADOS_BANCARIOS', 'OBSERVAÇÃO', 'STATUS', 'ID_LANCAMENTO', 'HISTORICO_ALTERACAO']
2025-07-08 14:55:37,702 - INFO - Tipos de despesa únicos: [2 3 5]
2025-07-08 14:55:38,076 - INFO - 
Obtendo número do relatório para data 2025-06-20 00:00:00
2025-07-08 14:55:38,076 - INFO - Número do relatório calculado: 22
2025-07-08 14:55:38,076 - INFO - Calculando acumulado para data 2025-06-20 00:00:00
2025-07-08 14:55:38,076 - INFO - Acumulado - registros após filtrar excluídos: 704
2025-07-08 14:55:38,076 - INFO - Valor acumulado calculado (apenas ativos): 1,098,221.05
2025-07-08 14:55:38,088 - INFO - ✅ Dados processados pelo serviço
2025-07-08 14:55:38,092 - INFO - 🔧 Abrindo preview com dados do serviço...
2025-07-08 14:55:38,093 - INFO - 🎯 MOSTRANDO PREVIEW COM DADOS DO SERVIÇO - VERSÃO CORRIGIDA
2025-07-08 14:55:38,099 - INFO - ✅ Importado de src.relatorio_despesas_aprimorado
2025-07-08 14:55:38,102 - INFO - 🔧 CRIANDO PREVIEW COM PDF TEMPORÁRIO
2025-07-08 14:55:38,258 - INFO - ✅ Preview com PDF temporário criado
2025-07-08 14:55:38,258 - ERROR - ❌ Erro com VisualizadorRelatorio: name 'visualizador' is not defined
2025-07-08 14:55:38,258 - INFO - 🔄 Tentando preview alternativo...
2025-07-08 14:55:38,258 - INFO - 🔧 CRIANDO PREVIEW COM PDF TEMPORÁRIO
2025-07-08 14:55:38,334 - INFO - ✅ Preview com PDF temporário criado
2025-07-08 14:55:38,772 - INFO - 🔧 GERANDO PDF TEMPORÁRIO COM ORDENAÇÕES PRESERVADAS
2025-07-08 14:55:38,772 - INFO - 📄 Criando PDF temporário: PREVIEW_EDUARDO_MORENO_MARQUES_20250708_145538.pdf
2025-07-08 14:55:38,772 - INFO - === INICIANDO ADIÇÃO DO CABEÇALHO ===
2025-07-08 14:55:38,772 - INFO - Tentando carregar logo: C:\Users\Obras\Documents\GitHub\Sistema-Financeiro\src\logo1.png
2025-07-08 14:55:38,772 - INFO - Logo carregada com sucesso!
2025-07-08 14:55:38,772 - INFO - Criando cabeçalho COM logo
2025-07-08 14:55:38,772 - INFO - Informações do cliente adicionadas com sucesso
2025-07-08 14:55:38,772 - INFO - === CABEÇALHO CONCLUÍDO COM SUCESSO ===
2025-07-08 14:55:38,787 - INFO - Iniciando adição de detalhes ao relatório
2025-07-08 14:55:38,894 - INFO - Detalhes adicionados com sucesso
2025-07-08 14:55:38,993 - INFO - ✅ PDF temporário gerado: C:\Users\Obras\AppData\Local\Temp\PREVIEW_EDUARDO_MORENO_MARQUES_20250708_145538.pdf
2025-07-08 14:55:38,993 - INFO - ✅ PDF temporário válido: 51,021 bytes
2025-07-08 14:55:39,009 - INFO - ✅ PDF temporário: C:\Users\Obras\AppData\Local\Temp\PREVIEW_EDUARDO_MORENO_MARQUES_20250708_145538.pdf
2025-07-08 14:55:39,012 - INFO - 🔧 GERANDO PDF TEMPORÁRIO COM ORDENAÇÕES PRESERVADAS
2025-07-08 14:55:39,012 - INFO - 📄 Criando PDF temporário: PREVIEW_EDUARDO_MORENO_MARQUES_20250708_145539.pdf
2025-07-08 14:55:39,013 - INFO - === INICIANDO ADIÇÃO DO CABEÇALHO ===
2025-07-08 14:55:39,014 - INFO - Tentando carregar logo: C:\Users\Obras\Documents\GitHub\Sistema-Financeiro\src\logo1.png
2025-07-08 14:55:39,015 - INFO - Logo carregada com sucesso!
2025-07-08 14:55:39,016 - INFO - Criando cabeçalho COM logo
2025-07-08 14:55:39,017 - INFO - Informações do cliente adicionadas com sucesso
2025-07-08 14:55:39,018 - INFO - === CABEÇALHO CONCLUÍDO COM SUCESSO ===
2025-07-08 14:55:39,026 - INFO - Iniciando adição de detalhes ao relatório
2025-07-08 14:55:39,113 - INFO - Detalhes adicionados com sucesso
2025-07-08 14:55:39,211 - INFO - ✅ PDF temporário gerado: C:\Users\Obras\AppData\Local\Temp\PREVIEW_EDUARDO_MORENO_MARQUES_20250708_145539.pdf
2025-07-08 14:55:39,211 - INFO - ✅ PDF temporário válido: 51,021 bytes
2025-07-08 14:55:39,211 - INFO - ✅ PDF temporário: C:\Users\Obras\AppData\Local\Temp\PREVIEW_EDUARDO_MORENO_MARQUES_20250708_145539.pdf
2025-07-08 14:55:40,859 - INFO - 📖 Abrindo PDF temporário: C:\Users\Obras\AppData\Local\Temp\PREVIEW_EDUARDO_MORENO_MARQUES_20250708_145539.pdf
2025-07-08 14:55:48,136 - INFO - 🗑️ PDF temporário removido: C:\Users\Obras\AppData\Local\Temp\PREVIEW_EDUARDO_MORENO_MARQUES_20250708_145539.pdf
2025-07-08 14:55:50,581 - INFO - Solicitado retorno ao menu principal
2025-07-08 14:55:50,581 - INFO - Retornando ao menu principal existente
2025-07-08 14:55:50,667 - INFO - Retorno ao menu principal concluído
2025-07-08 14:55:57,145 - INFO - Saída confirmada, finalizando sistema
2025-07-08 14:55:57,186 - INFO - Ação concluída: Gerar relatório
2025-07-08 15:02:08,022 - INFO - Carregando clientes de: C:\Users\Obras\sistema_gestao_testes\testes\Financeiro\Planilhas_Base\clientes.xlsx
2025-07-08 15:02:08,064 - INFO - Colunas disponíveis: ['Nome', 'Endereço', 'Data Inicial', 'Observações', 'Data Final']
2025-07-08 15:02:08,064 - INFO - Coluna de status: Data Final
2025-07-08 15:02:08,064 - INFO - Coluna de nome: Nome
2025-07-08 15:02:08,064 - INFO - Total de clientes ativos encontrados: 14
2025-07-08 15:02:08,064 - INFO - Lista de clientes atualizada com 15 clientes
2025-07-08 15:02:08,100 - INFO - Carregando clientes de: C:\Users\Obras\sistema_gestao_testes\testes\Financeiro\Planilhas_Base\clientes.xlsx
2025-07-08 15:02:08,108 - INFO - Colunas disponíveis: ['Nome', 'Endereço', 'Data Inicial', 'Observações', 'Data Final']
2025-07-08 15:02:08,108 - INFO - Coluna de status: Data Final
2025-07-08 15:02:08,121 - INFO - Coluna de nome: Nome
2025-07-08 15:02:08,123 - INFO - Total de clientes ativos encontrados: 14
2025-07-08 15:02:08,125 - INFO - Lista de clientes carregada com 15 itens
2025-07-08 15:02:09,192 - INFO - Data calculada automaticamente: 20/07/2025
2025-07-08 15:02:09,192 - INFO - Data calculada automaticamente: 20/07/2025
2025-07-08 15:02:11,759 - INFO - Modo manual ativado
2025-07-08 15:02:21,559 - INFO - Cliente selecionado: ANA AUGUSTA PIRES COUTINHO
2025-07-08 15:02:21,559 - INFO - Arquivo encontrado: C:\Users\Obras\sistema_gestao_testes\testes\Financeiro\Clientes\ANA AUGUSTA PIRES COUTINHO.xlsx
2025-07-08 15:02:21,575 - INFO - Arquivo encontrado: C:\Users\Obras\sistema_gestao_testes\testes\Financeiro\Clientes\ANA AUGUSTA PIRES COUTINHO.xlsx
2025-07-08 15:02:23,595 - INFO - 🔍 INICIANDO gerar_relatorio para: despesas
2025-07-08 15:02:23,595 - INFO - 🎯 PROCESSANDO: Relatório de despesas
2025-07-08 15:02:23,595 - INFO - 🎯 PROCESSANDO DESPESAS - ARQUITETURA LIMPA
2025-07-08 15:02:23,595 - INFO - Data final obtida: 2025-06-20 00:00:00 (tipo: <class 'datetime.datetime'>)
2025-07-08 15:02:23,595 - INFO - ✅ Arquivo encontrado em arquivo_cliente_selecionado: C:\Users\Obras\sistema_gestao_testes\testes\Financeiro\Clientes\ANA AUGUSTA PIRES COUTINHO.xlsx
2025-07-08 15:02:23,595 - INFO - ✅ Arquivo final nas configurações: C:\Users\Obras\sistema_gestao_testes\testes\Financeiro\Clientes\ANA AUGUSTA PIRES COUTINHO.xlsx
2025-07-08 15:02:23,595 - INFO - ✅ Configurações coletadas
2025-07-08 15:02:23,611 - INFO - ✅ Arquivo confirmado: ANA AUGUSTA PIRES COUTINHO.xlsx
2025-07-08 15:02:25,120 - INFO - Modo selecionado: Preview
2025-07-08 15:02:25,120 - INFO - 🎯 EXECUTANDO COM PREVIEW - DELEGAÇÃO PARA SERVIÇO
2025-07-08 15:02:25,120 - INFO - 🔧 Delegando processamento para RelatoriosDespesasService...
2025-07-08 15:02:25,346 - INFO - df_filtrado final: 29 registros
2025-07-08 15:02:25,346 - INFO - Colunas finais do df_filtrado: ['DATA_REL', 'TP_DESP', 'CNPJ_CPF', 'NOME', 'REFERÊNCIA', 'NF', 'VR_UNIT', 'DIAS', 'VALOR', 'DT_VENCTO', 'CATEGORIA', 'DADOS_BANCARIOS', 'OBSERVAÇÃO', 'STATUS', 'ID_LANCAMENTO', 'HISTORICO_ALTERACAO', 'RELATÓRIO']
2025-07-08 15:02:25,346 - INFO - Tipos de despesa únicos: [2 3 5]
2025-07-08 15:02:25,503 - INFO - 
Obtendo número do relatório para data 2025-06-20 00:00:00
2025-07-08 15:02:25,503 - INFO - Número do relatório calculado: 9
2025-07-08 15:02:25,503 - INFO - Calculando acumulado para data 2025-06-20 00:00:00
2025-07-08 15:02:25,503 - INFO - Acumulado - registros após filtrar excluídos: 251
2025-07-08 15:02:25,519 - INFO - Valor acumulado calculado (apenas ativos): 324,276.63
2025-07-08 15:02:25,526 - INFO - ✅ Dados processados pelo serviço
2025-07-08 15:02:25,530 - INFO - 🔧 Abrindo preview com dados do serviço...
2025-07-08 15:02:25,530 - INFO - 🎯 MOSTRANDO PREVIEW COM DADOS DO SERVIÇO - VERSÃO CORRIGIDA
2025-07-08 15:02:25,536 - INFO - ✅ Importado de src.relatorio_despesas_aprimorado
2025-07-08 15:02:25,540 - INFO - 🔧 CRIANDO PREVIEW COM PDF TEMPORÁRIO
2025-07-08 15:02:25,688 - INFO - ✅ Preview com PDF temporário criado
2025-07-08 15:02:25,688 - ERROR - ❌ Erro com VisualizadorRelatorio: name 'visualizador' is not defined
2025-07-08 15:02:25,688 - INFO - 🔄 Tentando preview alternativo...
2025-07-08 15:02:25,703 - INFO - 🔧 CRIANDO PREVIEW COM PDF TEMPORÁRIO
2025-07-08 15:02:25,762 - INFO - ✅ Preview com PDF temporário criado
2025-07-08 15:02:26,205 - INFO - 🔧 GERANDO PDF TEMPORÁRIO COM ORDENAÇÕES PRESERVADAS
2025-07-08 15:02:26,205 - INFO - 📄 Criando PDF temporário: PREVIEW_ANA_AUGUSTA_PIRES_COUTINHO_20250708_150226.pdf
2025-07-08 15:02:26,205 - INFO - === INICIANDO ADIÇÃO DO CABEÇALHO ===
2025-07-08 15:02:26,205 - INFO - Tentando carregar logo: C:\Users\Obras\Documents\GitHub\Sistema-Financeiro\src\logo1.png
2025-07-08 15:02:26,218 - INFO - Logo carregada com sucesso!
2025-07-08 15:02:26,219 - INFO - Criando cabeçalho COM logo
2025-07-08 15:02:26,229 - INFO - Informações do cliente adicionadas com sucesso
2025-07-08 15:02:26,241 - INFO - === CABEÇALHO CONCLUÍDO COM SUCESSO ===
2025-07-08 15:02:26,258 - INFO - Iniciando adição de detalhes ao relatório
2025-07-08 15:02:26,361 - INFO - Detalhes adicionados com sucesso
2025-07-08 15:02:26,464 - INFO - ✅ PDF temporário gerado: C:\Users\Obras\AppData\Local\Temp\PREVIEW_ANA_AUGUSTA_PIRES_COUTINHO_20250708_150226.pdf
2025-07-08 15:02:26,464 - INFO - ✅ PDF temporário válido: 50,993 bytes
2025-07-08 15:02:26,469 - INFO - ✅ PDF temporário: C:\Users\Obras\AppData\Local\Temp\PREVIEW_ANA_AUGUSTA_PIRES_COUTINHO_20250708_150226.pdf
2025-07-08 15:02:26,475 - INFO - 🔧 GERANDO PDF TEMPORÁRIO COM ORDENAÇÕES PRESERVADAS
2025-07-08 15:02:26,475 - INFO - 📄 Criando PDF temporário: PREVIEW_ANA_AUGUSTA_PIRES_COUTINHO_20250708_150226.pdf
2025-07-08 15:02:26,475 - INFO - === INICIANDO ADIÇÃO DO CABEÇALHO ===
2025-07-08 15:02:26,475 - INFO - Tentando carregar logo: C:\Users\Obras\Documents\GitHub\Sistema-Financeiro\src\logo1.png
2025-07-08 15:02:26,475 - INFO - Logo carregada com sucesso!
2025-07-08 15:02:26,475 - INFO - Criando cabeçalho COM logo
2025-07-08 15:02:26,475 - INFO - Informações do cliente adicionadas com sucesso
2025-07-08 15:02:26,475 - INFO - === CABEÇALHO CONCLUÍDO COM SUCESSO ===
2025-07-08 15:02:26,494 - INFO - Iniciando adição de detalhes ao relatório
2025-07-08 15:02:26,571 - INFO - Detalhes adicionados com sucesso
2025-07-08 15:02:26,689 - INFO - ✅ PDF temporário gerado: C:\Users\Obras\AppData\Local\Temp\PREVIEW_ANA_AUGUSTA_PIRES_COUTINHO_20250708_150226.pdf
2025-07-08 15:02:26,704 - INFO - ✅ PDF temporário válido: 50,993 bytes
2025-07-08 15:02:26,704 - INFO - ✅ PDF temporário: C:\Users\Obras\AppData\Local\Temp\PREVIEW_ANA_AUGUSTA_PIRES_COUTINHO_20250708_150226.pdf
2025-07-08 15:02:27,901 - INFO - 📖 Abrindo PDF temporário: C:\Users\Obras\AppData\Local\Temp\PREVIEW_ANA_AUGUSTA_PIRES_COUTINHO_20250708_150226.pdf
2025-07-08 15:02:34,574 - INFO - 🗑️ PDF temporário removido: C:\Users\Obras\AppData\Local\Temp\PREVIEW_ANA_AUGUSTA_PIRES_COUTINHO_20250708_150226.pdf
2025-07-08 15:02:37,494 - INFO - Solicitado retorno ao menu principal
2025-07-08 15:02:37,494 - INFO - Retornando ao menu principal existente
2025-07-08 15:02:37,589 - INFO - Retorno ao menu principal concluído
2025-07-08 15:02:40,229 - INFO - Saída confirmada, finalizando sistema
2025-07-08 15:02:40,265 - INFO - Ação concluída: Gerar relatório
2025-07-08 15:08:49,883 - INFO - Carregando clientes de: C:\Users\Obras\sistema_gestao_testes\testes\Financeiro\Planilhas_Base\clientes.xlsx
2025-07-08 15:08:49,934 - INFO - Colunas disponíveis: ['Nome', 'Endereço', 'Data Inicial', 'Observações', 'Data Final']
2025-07-08 15:08:49,934 - INFO - Coluna de status: Data Final
2025-07-08 15:08:49,934 - INFO - Coluna de nome: Nome
2025-07-08 15:08:49,934 - INFO - Total de clientes ativos encontrados: 14
2025-07-08 15:08:49,934 - INFO - Lista de clientes atualizada com 15 clientes
2025-07-08 15:08:49,968 - INFO - Carregando clientes de: C:\Users\Obras\sistema_gestao_testes\testes\Financeiro\Planilhas_Base\clientes.xlsx
2025-07-08 15:08:49,987 - INFO - Colunas disponíveis: ['Nome', 'Endereço', 'Data Inicial', 'Observações', 'Data Final']
2025-07-08 15:08:49,988 - INFO - Coluna de status: Data Final
2025-07-08 15:08:49,990 - INFO - Coluna de nome: Nome
2025-07-08 15:08:49,991 - INFO - Total de clientes ativos encontrados: 14
2025-07-08 15:08:49,991 - INFO - Lista de clientes carregada com 15 itens
2025-07-08 15:08:51,054 - INFO - Data calculada automaticamente: 20/07/2025
2025-07-08 15:08:51,054 - INFO - Data calculada automaticamente: 20/07/2025
2025-07-08 15:08:53,576 - INFO - Modo manual ativado
2025-07-08 15:09:01,904 - INFO - Cliente selecionado: RHAUFED RODRIGUES DOS SANTOS
2025-07-08 15:09:01,904 - INFO - Arquivo encontrado: C:\Users\Obras\sistema_gestao_testes\testes\Financeiro\Clientes\RHAUFED RODRIGUES DOS SANTOS.xlsx
2025-07-08 15:09:01,924 - INFO - Arquivo encontrado: C:\Users\Obras\sistema_gestao_testes\testes\Financeiro\Clientes\RHAUFED RODRIGUES DOS SANTOS.xlsx
2025-07-08 15:09:03,972 - INFO - 🔍 INICIANDO gerar_relatorio para: despesas
2025-07-08 15:09:03,972 - INFO - 🎯 PROCESSANDO: Relatório de despesas
2025-07-08 15:09:03,972 - INFO - 🎯 PROCESSANDO DESPESAS - ARQUITETURA LIMPA
2025-07-08 15:09:03,972 - INFO - Data final obtida: 2025-06-20 00:00:00 (tipo: <class 'datetime.datetime'>)
2025-07-08 15:09:03,972 - INFO - ✅ Arquivo encontrado em arquivo_cliente_selecionado: C:\Users\Obras\sistema_gestao_testes\testes\Financeiro\Clientes\RHAUFED RODRIGUES DOS SANTOS.xlsx
2025-07-08 15:09:03,988 - INFO - ✅ Arquivo final nas configurações: C:\Users\Obras\sistema_gestao_testes\testes\Financeiro\Clientes\RHAUFED RODRIGUES DOS SANTOS.xlsx
2025-07-08 15:09:03,988 - INFO - ✅ Configurações coletadas
2025-07-08 15:09:03,988 - INFO - ✅ Arquivo confirmado: RHAUFED RODRIGUES DOS SANTOS.xlsx
2025-07-08 15:09:05,661 - INFO - Modo selecionado: Preview
2025-07-08 15:09:05,661 - INFO - 🎯 EXECUTANDO COM PREVIEW - DELEGAÇÃO PARA SERVIÇO
2025-07-08 15:09:05,661 - INFO - 🔧 Delegando processamento para RelatoriosDespesasService...
2025-07-08 15:09:06,036 - INFO - df_filtrado final: 18 registros
2025-07-08 15:09:06,036 - INFO - Colunas finais do df_filtrado: ['DATA_REL', 'TP_DESP', 'CNPJ_CPF', 'NOME', 'REFERÊNCIA', 'NF', 'VR_UNIT', 'DIAS', 'VALOR', 'DT_VENCTO', 'CATEGORIA', 'DADOS_BANCARIOS', 'OBSERVAÇÃO', 'STATUS', 'ID_LANCAMENTO', 'HISTORICO_ALTERACAO']
2025-07-08 15:09:06,051 - INFO - Tipos de despesa únicos: [2 3]
2025-07-08 15:09:06,449 - INFO - 
Obtendo número do relatório para data 2025-06-20 00:00:00
2025-07-08 15:09:06,449 - INFO - Número do relatório calculado: 26
2025-07-08 15:09:06,449 - INFO - Calculando acumulado para data 2025-06-20 00:00:00
2025-07-08 15:09:06,449 - INFO - Acumulado - registros após filtrar excluídos: 793
2025-07-08 15:09:06,449 - INFO - Valor acumulado calculado (apenas ativos): 1,338,538.04
2025-07-08 15:09:06,462 - INFO - ✅ Dados processados pelo serviço
2025-07-08 15:09:06,465 - INFO - 🔧 Abrindo preview com dados do serviço...
2025-07-08 15:09:06,467 - INFO - 🎯 MOSTRANDO PREVIEW COM DADOS DO SERVIÇO - VERSÃO CORRIGIDA
2025-07-08 15:09:06,473 - INFO - ✅ Importado de src.relatorio_despesas_aprimorado
2025-07-08 15:09:06,476 - INFO - 🔧 CRIANDO PREVIEW COM PDF TEMPORÁRIO
2025-07-08 15:09:06,616 - INFO - ✅ Preview com PDF temporário criado
2025-07-08 15:09:06,616 - ERROR - ❌ Erro com VisualizadorRelatorio: name 'visualizador' is not defined
2025-07-08 15:09:06,616 - INFO - 🔄 Tentando preview alternativo...
2025-07-08 15:09:06,632 - INFO - 🔧 CRIANDO PREVIEW COM PDF TEMPORÁRIO
2025-07-08 15:09:06,701 - INFO - ✅ Preview com PDF temporário criado
2025-07-08 15:09:07,132 - INFO - 🔧 GERANDO PDF TEMPORÁRIO COM ORDENAÇÕES PRESERVADAS
2025-07-08 15:09:07,132 - INFO - 📄 Criando PDF temporário: PREVIEW_RHAUFED_RODRIGUES_DOS_SANTOS_20250708_150907.pdf
2025-07-08 15:09:07,132 - INFO - === INICIANDO ADIÇÃO DO CABEÇALHO ===
2025-07-08 15:09:07,132 - INFO - Tentando carregar logo: C:\Users\Obras\Documents\GitHub\Sistema-Financeiro\src\logo1.png
2025-07-08 15:09:07,132 - INFO - Logo carregada com sucesso!
2025-07-08 15:09:07,132 - INFO - Criando cabeçalho COM logo
2025-07-08 15:09:07,132 - INFO - Informações do cliente adicionadas com sucesso
2025-07-08 15:09:07,132 - INFO - === CABEÇALHO CONCLUÍDO COM SUCESSO ===
2025-07-08 15:09:07,147 - INFO - Iniciando adição de detalhes ao relatório
2025-07-08 15:09:07,235 - INFO - Detalhes adicionados com sucesso
2025-07-08 15:09:07,327 - INFO - ✅ PDF temporário gerado: C:\Users\Obras\AppData\Local\Temp\PREVIEW_RHAUFED_RODRIGUES_DOS_SANTOS_20250708_150907.pdf
2025-07-08 15:09:07,328 - INFO - ✅ PDF temporário válido: 49,318 bytes
2025-07-08 15:09:07,332 - INFO - ✅ PDF temporário: C:\Users\Obras\AppData\Local\Temp\PREVIEW_RHAUFED_RODRIGUES_DOS_SANTOS_20250708_150907.pdf
2025-07-08 15:09:07,340 - INFO - 🔧 GERANDO PDF TEMPORÁRIO COM ORDENAÇÕES PRESERVADAS
2025-07-08 15:09:07,340 - INFO - 📄 Criando PDF temporário: PREVIEW_RHAUFED_RODRIGUES_DOS_SANTOS_20250708_150907.pdf
2025-07-08 15:09:07,340 - INFO - === INICIANDO ADIÇÃO DO CABEÇALHO ===
2025-07-08 15:09:07,343 - INFO - Tentando carregar logo: C:\Users\Obras\Documents\GitHub\Sistema-Financeiro\src\logo1.png
2025-07-08 15:09:07,343 - INFO - Logo carregada com sucesso!
2025-07-08 15:09:07,344 - INFO - Criando cabeçalho COM logo
2025-07-08 15:09:07,347 - INFO - Informações do cliente adicionadas com sucesso
2025-07-08 15:09:07,347 - INFO - === CABEÇALHO CONCLUÍDO COM SUCESSO ===
2025-07-08 15:09:07,358 - INFO - Iniciando adição de detalhes ao relatório
2025-07-08 15:09:07,439 - INFO - Detalhes adicionados com sucesso
2025-07-08 15:09:07,536 - INFO - ✅ PDF temporário gerado: C:\Users\Obras\AppData\Local\Temp\PREVIEW_RHAUFED_RODRIGUES_DOS_SANTOS_20250708_150907.pdf
2025-07-08 15:09:07,537 - INFO - ✅ PDF temporário válido: 49,318 bytes
2025-07-08 15:09:07,538 - INFO - ✅ PDF temporário: C:\Users\Obras\AppData\Local\Temp\PREVIEW_RHAUFED_RODRIGUES_DOS_SANTOS_20250708_150907.pdf
2025-07-08 15:09:09,025 - INFO - 📖 Abrindo PDF temporário: C:\Users\Obras\AppData\Local\Temp\PREVIEW_RHAUFED_RODRIGUES_DOS_SANTOS_20250708_150907.pdf
2025-07-08 15:09:33,543 - INFO - 🗑️ PDF temporário removido: C:\Users\Obras\AppData\Local\Temp\PREVIEW_RHAUFED_RODRIGUES_DOS_SANTOS_20250708_150907.pdf
2025-07-08 15:09:35,797 - INFO - Solicitado retorno ao menu principal
2025-07-08 15:09:35,797 - INFO - Retornando ao menu principal existente
2025-07-08 15:09:35,880 - INFO - Retorno ao menu principal concluído
2025-07-08 15:09:38,463 - INFO - Saída confirmada, finalizando sistema
2025-07-08 15:09:38,501 - INFO - Ação concluída: Gerar relatório
2025-07-08 15:11:37,357 - INFO - Carregando clientes de: C:\Users\Obras\sistema_gestao_testes\testes\Financeiro\Planilhas_Base\clientes.xlsx
2025-07-08 15:11:37,401 - INFO - Colunas disponíveis: ['Nome', 'Endereço', 'Data Inicial', 'Observações', 'Data Final']
2025-07-08 15:11:37,401 - INFO - Coluna de status: Data Final
2025-07-08 15:11:37,401 - INFO - Coluna de nome: Nome
2025-07-08 15:11:37,401 - INFO - Total de clientes ativos encontrados: 14
2025-07-08 15:11:37,401 - INFO - Lista de clientes atualizada com 15 clientes
2025-07-08 15:11:37,436 - INFO - Carregando clientes de: C:\Users\Obras\sistema_gestao_testes\testes\Financeiro\Planilhas_Base\clientes.xlsx
2025-07-08 15:11:37,451 - INFO - Colunas disponíveis: ['Nome', 'Endereço', 'Data Inicial', 'Observações', 'Data Final']
2025-07-08 15:11:37,454 - INFO - Coluna de status: Data Final
2025-07-08 15:11:37,456 - INFO - Coluna de nome: Nome
2025-07-08 15:11:37,457 - INFO - Total de clientes ativos encontrados: 14
2025-07-08 15:11:37,457 - INFO - Lista de clientes carregada com 15 itens
2025-07-08 15:11:38,723 - INFO - Data calculada automaticamente: 20/07/2025
2025-07-08 15:11:38,738 - INFO - Data calculada automaticamente: 20/07/2025
2025-07-08 15:11:41,147 - INFO - Modo manual ativado
2025-07-08 15:11:48,312 - INFO - Cliente selecionado: GILMAR ALMEIDA PORTUGAL
2025-07-08 15:11:48,328 - INFO - Arquivo encontrado: C:\Users\Obras\sistema_gestao_testes\testes\Financeiro\Clientes\GILMAR ALMEIDA PORTUGAL.xlsx
2025-07-08 15:11:48,328 - INFO - Arquivo encontrado: C:\Users\Obras\sistema_gestao_testes\testes\Financeiro\Clientes\GILMAR ALMEIDA PORTUGAL.xlsx
2025-07-08 15:11:50,073 - INFO - 🔍 INICIANDO gerar_relatorio para: despesas
2025-07-08 15:11:50,073 - INFO - 🎯 PROCESSANDO: Relatório de despesas
2025-07-08 15:11:50,073 - INFO - 🎯 PROCESSANDO DESPESAS - ARQUITETURA LIMPA
2025-07-08 15:11:50,073 - INFO - Data final obtida: 2025-06-20 00:00:00 (tipo: <class 'datetime.datetime'>)
2025-07-08 15:11:50,073 - INFO - ✅ Arquivo encontrado em arquivo_cliente_selecionado: C:\Users\Obras\sistema_gestao_testes\testes\Financeiro\Clientes\GILMAR ALMEIDA PORTUGAL.xlsx
2025-07-08 15:11:50,073 - INFO - ✅ Arquivo final nas configurações: C:\Users\Obras\sistema_gestao_testes\testes\Financeiro\Clientes\GILMAR ALMEIDA PORTUGAL.xlsx
2025-07-08 15:11:50,073 - INFO - ✅ Configurações coletadas
2025-07-08 15:11:50,073 - INFO - ✅ Arquivo confirmado: GILMAR ALMEIDA PORTUGAL.xlsx
2025-07-08 15:11:51,930 - INFO - Modo selecionado: Preview
2025-07-08 15:11:51,930 - INFO - 🎯 EXECUTANDO COM PREVIEW - DELEGAÇÃO PARA SERVIÇO
2025-07-08 15:11:51,950 - INFO - 🔧 Delegando processamento para RelatoriosDespesasService...
2025-07-08 15:11:52,467 - INFO - df_filtrado final: 41 registros
2025-07-08 15:11:52,467 - INFO - Colunas finais do df_filtrado: ['DATA_REL', 'TP_DESP', 'CNPJ_CPF', 'NOME', 'REFERÊNCIA', 'NF', 'VR_UNIT', 'DIAS', 'VALOR', 'DT_VENCTO', 'CATEGORIA', 'DADOS_BANCARIOS', 'OBSERVAÇÃO', 'STATUS', 'ID_LANCAMENTO', 'HISTORICO_ALTERACAO']
2025-07-08 15:11:52,467 - INFO - Tipos de despesa únicos: [2 3 4 5]
2025-07-08 15:11:53,006 - INFO - 
Obtendo número do relatório para data 2025-06-20 00:00:00
2025-07-08 15:11:53,022 - INFO - Número do relatório calculado: 28
2025-07-08 15:11:53,022 - INFO - Calculando acumulado para data 2025-06-20 00:00:00
2025-07-08 15:11:53,022 - INFO - Acumulado - registros após filtrar excluídos: 1329
2025-07-08 15:11:53,022 - INFO - Valor acumulado calculado (apenas ativos): 3,629,828.52
2025-07-08 15:11:53,036 - INFO - ✅ Dados processados pelo serviço
2025-07-08 15:11:53,040 - INFO - 🔧 Abrindo preview com dados do serviço...
2025-07-08 15:11:53,041 - INFO - 🎯 MOSTRANDO PREVIEW COM DADOS DO SERVIÇO - VERSÃO CORRIGIDA
2025-07-08 15:11:53,046 - INFO - ✅ Importado de src.relatorio_despesas_aprimorado
2025-07-08 15:11:53,050 - INFO - 🔧 CRIANDO PREVIEW COM PDF TEMPORÁRIO
2025-07-08 15:11:53,198 - INFO - ✅ Preview com PDF temporário criado
2025-07-08 15:11:53,198 - ERROR - ❌ Erro com VisualizadorRelatorio: name 'visualizador' is not defined
2025-07-08 15:11:53,198 - INFO - 🔄 Tentando preview alternativo...
2025-07-08 15:11:53,198 - INFO - 🔧 CRIANDO PREVIEW COM PDF TEMPORÁRIO
2025-07-08 15:11:53,270 - INFO - ✅ Preview com PDF temporário criado
2025-07-08 15:11:53,712 - INFO - 🔧 GERANDO PDF TEMPORÁRIO COM ORDENAÇÕES PRESERVADAS
2025-07-08 15:11:53,712 - INFO - 📄 Criando PDF temporário: PREVIEW_GILMAR_ALMEIDA_PORTUGAL_20250708_151153.pdf
2025-07-08 15:11:53,712 - INFO - === INICIANDO ADIÇÃO DO CABEÇALHO ===
2025-07-08 15:11:53,712 - INFO - Tentando carregar logo: C:\Users\Obras\Documents\GitHub\Sistema-Financeiro\src\logo1.png
2025-07-08 15:11:53,712 - INFO - Logo carregada com sucesso!
2025-07-08 15:11:53,712 - INFO - Criando cabeçalho COM logo
2025-07-08 15:11:53,712 - INFO - Informações do cliente adicionadas com sucesso
2025-07-08 15:11:53,712 - INFO - === CABEÇALHO CONCLUÍDO COM SUCESSO ===
2025-07-08 15:11:53,725 - INFO - Iniciando adição de detalhes ao relatório
2025-07-08 15:11:53,877 - INFO - Detalhes adicionados com sucesso
2025-07-08 15:11:53,999 - INFO - ✅ PDF temporário gerado: C:\Users\Obras\AppData\Local\Temp\PREVIEW_GILMAR_ALMEIDA_PORTUGAL_20250708_151153.pdf
2025-07-08 15:11:53,999 - INFO - ✅ PDF temporário válido: 53,903 bytes
2025-07-08 15:11:53,999 - INFO - ✅ PDF temporário: C:\Users\Obras\AppData\Local\Temp\PREVIEW_GILMAR_ALMEIDA_PORTUGAL_20250708_151153.pdf
2025-07-08 15:11:54,011 - INFO - 🔧 GERANDO PDF TEMPORÁRIO COM ORDENAÇÕES PRESERVADAS
2025-07-08 15:11:54,011 - INFO - 📄 Criando PDF temporário: PREVIEW_GILMAR_ALMEIDA_PORTUGAL_20250708_151154.pdf
2025-07-08 15:11:54,012 - INFO - === INICIANDO ADIÇÃO DO CABEÇALHO ===
2025-07-08 15:11:54,012 - INFO - Tentando carregar logo: C:\Users\Obras\Documents\GitHub\Sistema-Financeiro\src\logo1.png
2025-07-08 15:11:54,013 - INFO - Logo carregada com sucesso!
2025-07-08 15:11:54,013 - INFO - Criando cabeçalho COM logo
2025-07-08 15:11:54,016 - INFO - Informações do cliente adicionadas com sucesso
2025-07-08 15:11:54,017 - INFO - === CABEÇALHO CONCLUÍDO COM SUCESSO ===
2025-07-08 15:11:54,026 - INFO - Iniciando adição de detalhes ao relatório
2025-07-08 15:11:54,172 - INFO - Detalhes adicionados com sucesso
2025-07-08 15:11:54,283 - INFO - ✅ PDF temporário gerado: C:\Users\Obras\AppData\Local\Temp\PREVIEW_GILMAR_ALMEIDA_PORTUGAL_20250708_151154.pdf
2025-07-08 15:11:54,283 - INFO - ✅ PDF temporário válido: 53,903 bytes
2025-07-08 15:11:54,283 - INFO - ✅ PDF temporário: C:\Users\Obras\AppData\Local\Temp\PREVIEW_GILMAR_ALMEIDA_PORTUGAL_20250708_151154.pdf
2025-07-08 15:11:59,727 - INFO - 📖 Abrindo PDF temporário: C:\Users\Obras\AppData\Local\Temp\PREVIEW_GILMAR_ALMEIDA_PORTUGAL_20250708_151154.pdf
2025-07-08 15:12:07,153 - INFO - 🗑️ PDF temporário removido: C:\Users\Obras\AppData\Local\Temp\PREVIEW_GILMAR_ALMEIDA_PORTUGAL_20250708_151154.pdf
2025-07-08 15:12:09,505 - INFO - Solicitado retorno ao menu principal
2025-07-08 15:12:09,505 - INFO - Retornando ao menu principal existente
2025-07-08 15:12:09,582 - INFO - Retorno ao menu principal concluído
2025-07-08 15:12:13,130 - INFO - Saída confirmada, finalizando sistema
2025-07-08 15:12:13,175 - INFO - Ação concluída: Gerar relatório
2025-07-08 15:20:45,062 - INFO - Carregando clientes de: C:\Users\Obras\sistema_gestao_testes\testes\Financeiro\Planilhas_Base\clientes.xlsx
2025-07-08 15:20:45,111 - INFO - Colunas disponíveis: ['Nome', 'Endereço', 'Data Inicial', 'Observações', 'Data Final']
2025-07-08 15:20:45,111 - INFO - Coluna de status: Data Final
2025-07-08 15:20:45,111 - INFO - Coluna de nome: Nome
2025-07-08 15:20:45,111 - INFO - Total de clientes ativos encontrados: 14
2025-07-08 15:20:45,125 - INFO - Lista de clientes atualizada com 15 clientes
2025-07-08 15:20:45,153 - INFO - Carregando clientes de: C:\Users\Obras\sistema_gestao_testes\testes\Financeiro\Planilhas_Base\clientes.xlsx
2025-07-08 15:20:45,162 - INFO - Colunas disponíveis: ['Nome', 'Endereço', 'Data Inicial', 'Observações', 'Data Final']
2025-07-08 15:20:45,162 - INFO - Coluna de status: Data Final
2025-07-08 15:20:45,175 - INFO - Coluna de nome: Nome
2025-07-08 15:20:45,177 - INFO - Total de clientes ativos encontrados: 14
2025-07-08 15:20:45,179 - INFO - Lista de clientes carregada com 15 itens
2025-07-08 15:20:46,324 - INFO - Data calculada automaticamente: 20/07/2025
2025-07-08 15:20:46,324 - INFO - Data calculada automaticamente: 20/07/2025
2025-07-08 15:20:49,443 - INFO - Modo manual ativado
2025-07-08 15:20:57,231 - INFO - Cliente selecionado: CLEVER LUIZ SALVADOR
2025-07-08 15:20:57,231 - INFO - Arquivo encontrado: C:\Users\Obras\sistema_gestao_testes\testes\Financeiro\Clientes\CLEVER LUIZ SALVADOR.xlsx
2025-07-08 15:20:57,252 - INFO - Arquivo encontrado: C:\Users\Obras\sistema_gestao_testes\testes\Financeiro\Clientes\CLEVER LUIZ SALVADOR.xlsx
2025-07-08 15:20:58,532 - INFO - 🔍 INICIANDO gerar_relatorio para: despesas
2025-07-08 15:20:58,532 - INFO - 🎯 PROCESSANDO: Relatório de despesas
2025-07-08 15:20:58,532 - INFO - 🎯 PROCESSANDO DESPESAS - ARQUITETURA LIMPA
2025-07-08 15:20:58,532 - INFO - Data final obtida: 2025-06-20 00:00:00 (tipo: <class 'datetime.datetime'>)
2025-07-08 15:20:58,532 - INFO - ✅ Arquivo encontrado em arquivo_cliente_selecionado: C:\Users\Obras\sistema_gestao_testes\testes\Financeiro\Clientes\CLEVER LUIZ SALVADOR.xlsx
2025-07-08 15:20:58,532 - INFO - ✅ Arquivo final nas configurações: C:\Users\Obras\sistema_gestao_testes\testes\Financeiro\Clientes\CLEVER LUIZ SALVADOR.xlsx
2025-07-08 15:20:58,532 - INFO - ✅ Configurações coletadas
2025-07-08 15:20:58,532 - INFO - ✅ Arquivo confirmado: CLEVER LUIZ SALVADOR.xlsx
2025-07-08 15:20:59,945 - INFO - Modo selecionado: Preview
2025-07-08 15:20:59,945 - INFO - 🎯 EXECUTANDO COM PREVIEW - DELEGAÇÃO PARA SERVIÇO
2025-07-08 15:20:59,961 - INFO - 🔧 Delegando processamento para RelatoriosDespesasService...
2025-07-08 15:21:00,316 - INFO - df_filtrado final: 23 registros
2025-07-08 15:21:00,316 - INFO - Colunas finais do df_filtrado: ['DATA_REL', 'TP_DESP', 'CNPJ_CPF', 'NOME', 'REFERÊNCIA', 'NF', 'VR_UNIT', 'DIAS', 'VALOR', 'DT_VENCTO', 'CATEGORIA', 'DADOS_BANCARIOS', 'OBSERVAÇÃO', 'STATUS', 'ID_LANCAMENTO', 'HISTORICO_ALTERACAO']
2025-07-08 15:21:00,316 - INFO - Tipos de despesa únicos: [2 3 7 5]
2025-07-08 15:21:00,694 - INFO - 
Obtendo número do relatório para data 2025-06-20 00:00:00
2025-07-08 15:21:00,694 - INFO - Número do relatório calculado: 20
2025-07-08 15:21:00,694 - INFO - Calculando acumulado para data 2025-06-20 00:00:00
2025-07-08 15:21:00,709 - INFO - Acumulado - registros após filtrar excluídos: 782
2025-07-08 15:21:00,709 - INFO - Valor acumulado calculado (apenas ativos): 2,120,321.53
2025-07-08 15:21:00,719 - INFO - ✅ Dados processados pelo serviço
2025-07-08 15:21:00,723 - INFO - 🔧 Abrindo preview com dados do serviço...
2025-07-08 15:21:00,724 - INFO - 🎯 MOSTRANDO PREVIEW COM DADOS DO SERVIÇO - VERSÃO CORRIGIDA
2025-07-08 15:21:00,730 - INFO - ✅ Importado de src.relatorio_despesas_aprimorado
2025-07-08 15:21:00,735 - INFO - 🔧 CRIANDO PREVIEW COM PDF TEMPORÁRIO
2025-07-08 15:21:00,873 - INFO - ✅ Preview com PDF temporário criado
2025-07-08 15:21:00,873 - ERROR - ❌ Erro com VisualizadorRelatorio: name 'visualizador' is not defined
2025-07-08 15:21:00,889 - INFO - 🔄 Tentando preview alternativo...
2025-07-08 15:21:00,889 - INFO - 🔧 CRIANDO PREVIEW COM PDF TEMPORÁRIO
2025-07-08 15:21:00,965 - INFO - ✅ Preview com PDF temporário criado
2025-07-08 15:21:01,389 - INFO - 🔧 GERANDO PDF TEMPORÁRIO COM ORDENAÇÕES PRESERVADAS
2025-07-08 15:21:01,389 - INFO - 📄 Criando PDF temporário: PREVIEW_CLEVER_LUIZ_SALVADOR_20250708_152101.pdf
2025-07-08 15:21:01,389 - INFO - === INICIANDO ADIÇÃO DO CABEÇALHO ===
2025-07-08 15:21:01,389 - INFO - Tentando carregar logo: C:\Users\Obras\Documents\GitHub\Sistema-Financeiro\src\logo1.png
2025-07-08 15:21:01,389 - INFO - Logo carregada com sucesso!
2025-07-08 15:21:01,389 - INFO - Criando cabeçalho COM logo
2025-07-08 15:21:01,389 - INFO - Informações do cliente adicionadas com sucesso
2025-07-08 15:21:01,389 - INFO - === CABEÇALHO CONCLUÍDO COM SUCESSO ===
2025-07-08 15:21:01,407 - INFO - Iniciando adição de detalhes ao relatório
2025-07-08 15:21:01,538 - INFO - Detalhes adicionados com sucesso
2025-07-08 15:21:01,627 - INFO - ✅ PDF temporário gerado: C:\Users\Obras\AppData\Local\Temp\PREVIEW_CLEVER_LUIZ_SALVADOR_20250708_152101.pdf
2025-07-08 15:21:01,627 - INFO - ✅ PDF temporário válido: 51,859 bytes
2025-07-08 15:21:01,643 - INFO - ✅ PDF temporário: C:\Users\Obras\AppData\Local\Temp\PREVIEW_CLEVER_LUIZ_SALVADOR_20250708_152101.pdf
2025-07-08 15:21:01,651 - INFO - 🔧 GERANDO PDF TEMPORÁRIO COM ORDENAÇÕES PRESERVADAS
2025-07-08 15:21:01,651 - INFO - 📄 Criando PDF temporário: PREVIEW_CLEVER_LUIZ_SALVADOR_20250708_152101.pdf
2025-07-08 15:21:01,651 - INFO - === INICIANDO ADIÇÃO DO CABEÇALHO ===
2025-07-08 15:21:01,654 - INFO - Tentando carregar logo: C:\Users\Obras\Documents\GitHub\Sistema-Financeiro\src\logo1.png
2025-07-08 15:21:01,654 - INFO - Logo carregada com sucesso!
2025-07-08 15:21:01,655 - INFO - Criando cabeçalho COM logo
2025-07-08 15:21:01,656 - INFO - Informações do cliente adicionadas com sucesso
2025-07-08 15:21:01,657 - INFO - === CABEÇALHO CONCLUÍDO COM SUCESSO ===
2025-07-08 15:21:01,667 - INFO - Iniciando adição de detalhes ao relatório
2025-07-08 15:21:01,790 - INFO - Detalhes adicionados com sucesso
2025-07-08 15:21:01,877 - INFO - ✅ PDF temporário gerado: C:\Users\Obras\AppData\Local\Temp\PREVIEW_CLEVER_LUIZ_SALVADOR_20250708_152101.pdf
2025-07-08 15:21:01,877 - INFO - ✅ PDF temporário válido: 51,859 bytes
2025-07-08 15:21:01,892 - INFO - ✅ PDF temporário: C:\Users\Obras\AppData\Local\Temp\PREVIEW_CLEVER_LUIZ_SALVADOR_20250708_152101.pdf
2025-07-08 15:21:03,994 - INFO - 📖 Abrindo PDF temporário: C:\Users\Obras\AppData\Local\Temp\PREVIEW_CLEVER_LUIZ_SALVADOR_20250708_152101.pdf
2025-07-08 15:21:10,387 - INFO - 🗑️ PDF temporário removido: C:\Users\Obras\AppData\Local\Temp\PREVIEW_CLEVER_LUIZ_SALVADOR_20250708_152101.pdf
2025-07-08 15:21:13,094 - INFO - Solicitado retorno ao menu principal
2025-07-08 15:21:13,094 - INFO - Retornando ao menu principal existente
2025-07-08 15:21:13,176 - INFO - Retorno ao menu principal concluído
2025-07-08 15:21:18,115 - INFO - Saída confirmada, finalizando sistema
2025-07-08 15:21:18,152 - INFO - Ação concluída: Gerar relatório
2025-07-08 17:47:24,857 - INFO - Carregando clientes de: C:\Users\Obras\sistema_gestao_testes\testes\Financeiro\Planilhas_Base\clientes.xlsx
2025-07-08 17:47:24,951 - INFO - Colunas disponíveis: ['Nome', 'Endereço', 'Data Inicial', 'Observações', 'Data Final']
2025-07-08 17:47:24,952 - INFO - Coluna de status: Data Final
2025-07-08 17:47:24,969 - INFO - Coluna de nome: Nome
2025-07-08 17:47:24,971 - INFO - Total de clientes ativos encontrados: 14
2025-07-08 17:47:24,972 - INFO - Lista de clientes atualizada com 15 clientes
2025-07-08 17:47:25,013 - INFO - Carregando clientes de: C:\Users\Obras\sistema_gestao_testes\testes\Financeiro\Planilhas_Base\clientes.xlsx
2025-07-08 17:47:25,041 - INFO - Colunas disponíveis: ['Nome', 'Endereço', 'Data Inicial', 'Observações', 'Data Final']
2025-07-08 17:47:25,072 - INFO - Coluna de status: Data Final
2025-07-08 17:47:25,074 - INFO - Coluna de nome: Nome
2025-07-08 17:47:25,080 - INFO - Total de clientes ativos encontrados: 14
2025-07-08 17:47:25,081 - INFO - Lista de clientes carregada com 15 itens
2025-07-08 17:47:26,463 - INFO - Data calculada automaticamente: 20/07/2025
2025-07-08 17:47:26,465 - INFO - Data calculada automaticamente: 20/07/2025
2025-07-08 17:47:29,531 - INFO - Modo manual ativado
2025-07-08 17:47:37,357 - INFO - Cliente selecionado: EDUARDO MORENO MARQUES
2025-07-08 17:47:37,360 - INFO - Arquivo encontrado: C:\Users\Obras\sistema_gestao_testes\testes\Financeiro\Clientes\EDUARDO MORENO MARQUES.xlsx
2025-07-08 17:47:37,368 - INFO - Arquivo encontrado: C:\Users\Obras\sistema_gestao_testes\testes\Financeiro\Clientes\EDUARDO MORENO MARQUES.xlsx
2025-07-08 17:47:38,899 - INFO - 🔍 INICIANDO gerar_relatorio para: despesas
2025-07-08 17:47:38,901 - INFO - 🎯 PROCESSANDO: Relatório de despesas
2025-07-08 17:47:38,901 - INFO - 🎯 PROCESSANDO DESPESAS - ARQUITETURA LIMPA
2025-07-08 17:47:38,902 - INFO - Data final obtida: 2025-06-20 00:00:00 (tipo: <class 'datetime.datetime'>)
2025-07-08 17:47:38,903 - INFO - ✅ Arquivo encontrado em arquivo_cliente_selecionado: C:\Users\Obras\sistema_gestao_testes\testes\Financeiro\Clientes\EDUARDO MORENO MARQUES.xlsx
2025-07-08 17:47:38,904 - INFO - ✅ Arquivo final nas configurações: C:\Users\Obras\sistema_gestao_testes\testes\Financeiro\Clientes\EDUARDO MORENO MARQUES.xlsx
2025-07-08 17:47:38,904 - INFO - ✅ Configurações coletadas
2025-07-08 17:47:38,905 - INFO - ✅ Arquivo confirmado: EDUARDO MORENO MARQUES.xlsx
2025-07-08 17:47:40,617 - INFO - Modo selecionado: Preview
2025-07-08 17:47:40,618 - INFO - 🎯 EXECUTANDO COM PREVIEW DIRETO - PDF TEMPORÁRIO
2025-07-08 17:47:41,140 - INFO - df_filtrado final: 28 registros
2025-07-08 17:47:41,142 - INFO - Colunas finais do df_filtrado: ['DATA_REL', 'TP_DESP', 'CNPJ_CPF', 'NOME', 'REFERÊNCIA', 'NF', 'VR_UNIT', 'DIAS', 'VALOR', 'DT_VENCTO', 'CATEGORIA', 'DADOS_BANCARIOS', 'OBSERVAÇÃO', 'STATUS', 'ID_LANCAMENTO', 'HISTORICO_ALTERACAO']
2025-07-08 17:47:41,145 - INFO - Tipos de despesa únicos: [2 3 5]
2025-07-08 17:47:41,580 - INFO - 
Obtendo número do relatório para data 2025-06-20 00:00:00
2025-07-08 17:47:41,581 - INFO - Número do relatório calculado: 22
2025-07-08 17:47:41,582 - INFO - Calculando acumulado para data 2025-06-20 00:00:00
2025-07-08 17:47:41,584 - INFO - Acumulado - registros após filtrar excluídos: 704
2025-07-08 17:47:41,593 - INFO - Valor acumulado calculado (apenas ativos): 1,098,221.05
2025-07-08 17:47:41,599 - INFO - 🔧 GERANDO PDF TEMPORÁRIO COM ORDENAÇÕES PRESERVADAS
2025-07-08 17:47:41,601 - INFO - 📄 Criando PDF temporário: PREVIEW_EDUARDO_MORENO_MARQUES_20250708_174741.pdf
2025-07-08 17:47:41,602 - INFO - === INICIANDO ADIÇÃO DO CABEÇALHO ===
2025-07-08 17:47:41,603 - INFO - Tentando carregar logo: C:\Users\Obras\Documents\GitHub\Sistema-Financeiro\src\logo1.png
2025-07-08 17:47:41,603 - INFO - Logo carregada com sucesso!
2025-07-08 17:47:41,604 - INFO - Criando cabeçalho COM logo
2025-07-08 17:47:41,606 - INFO - Informações do cliente adicionadas com sucesso
2025-07-08 17:47:41,606 - INFO - === CABEÇALHO CONCLUÍDO COM SUCESSO ===
2025-07-08 17:47:41,618 - INFO - Iniciando adição de detalhes ao relatório
2025-07-08 17:47:41,741 - INFO - Detalhes adicionados com sucesso
2025-07-08 17:47:41,853 - INFO - ✅ PDF temporário gerado: C:\Users\Obras\AppData\Local\Temp\PREVIEW_EDUARDO_MORENO_MARQUES_20250708_174741.pdf
2025-07-08 17:47:41,854 - INFO - ✅ PDF temporário válido: 51,021 bytes
2025-07-08 17:47:42,202 - INFO - ✅ Janela de decisão criada
2025-07-08 17:48:02,036 - INFO - 🗑️ PDF temporário agendado para remoção: PREVIEW_EDUARDO_MORENO_MARQUES_20250708_174741.pdf
2025-07-08 17:48:04,037 - INFO - 🗑️ Arquivo temporário removido: PREVIEW_EDUARDO_MORENO_MARQUES_20250708_174741.pdf
2025-07-08 17:48:10,235 - INFO - Solicitado retorno ao menu principal
2025-07-08 17:48:10,340 - INFO - Retornando ao menu principal existente
2025-07-08 17:48:10,516 - INFO - Retorno ao menu principal concluído
2025-07-08 17:48:13,274 - INFO - Saída confirmada, finalizando sistema
2025-07-08 17:48:13,336 - INFO - Ação concluída: Gerar relatório
2025-07-08 17:49:19,254 - INFO - Carregando clientes de: C:\Users\Obras\sistema_gestao_testes\testes\Financeiro\Planilhas_Base\clientes.xlsx
2025-07-08 17:49:19,306 - INFO - Colunas disponíveis: ['Nome', 'Endereço', 'Data Inicial', 'Observações', 'Data Final']
2025-07-08 17:49:19,308 - INFO - Coluna de status: Data Final
2025-07-08 17:49:19,312 - INFO - Coluna de nome: Nome
2025-07-08 17:49:19,313 - INFO - Total de clientes ativos encontrados: 14
2025-07-08 17:49:19,314 - INFO - Lista de clientes atualizada com 15 clientes
2025-07-08 17:49:19,345 - INFO - Carregando clientes de: C:\Users\Obras\sistema_gestao_testes\testes\Financeiro\Planilhas_Base\clientes.xlsx
2025-07-08 17:49:19,364 - INFO - Colunas disponíveis: ['Nome', 'Endereço', 'Data Inicial', 'Observações', 'Data Final']
2025-07-08 17:49:19,365 - INFO - Coluna de status: Data Final
2025-07-08 17:49:19,367 - INFO - Coluna de nome: Nome
2025-07-08 17:49:19,368 - INFO - Total de clientes ativos encontrados: 14
2025-07-08 17:49:19,369 - INFO - Lista de clientes carregada com 15 itens
2025-07-08 17:49:20,702 - INFO - Data calculada automaticamente: 20/07/2025
2025-07-08 17:49:20,704 - INFO - Data calculada automaticamente: 20/07/2025
2025-07-08 17:49:23,714 - INFO - Modo manual ativado
2025-07-08 17:49:35,852 - INFO - Cliente selecionado: CLEVER LUIZ SALVADOR
2025-07-08 17:49:35,853 - INFO - Arquivo encontrado: C:\Users\Obras\sistema_gestao_testes\testes\Financeiro\Clientes\CLEVER LUIZ SALVADOR.xlsx
2025-07-08 17:49:35,861 - INFO - Arquivo encontrado: C:\Users\Obras\sistema_gestao_testes\testes\Financeiro\Clientes\CLEVER LUIZ SALVADOR.xlsx
2025-07-08 17:49:37,370 - INFO - 🔍 INICIANDO gerar_relatorio para: despesas
2025-07-08 17:49:37,371 - INFO - 🎯 PROCESSANDO: Relatório de despesas
2025-07-08 17:49:37,372 - INFO - 🎯 PROCESSANDO DESPESAS - ARQUITETURA LIMPA
2025-07-08 17:49:37,373 - INFO - Data final obtida: 2025-06-20 00:00:00 (tipo: <class 'datetime.datetime'>)
2025-07-08 17:49:37,374 - INFO - ✅ Arquivo encontrado em arquivo_cliente_selecionado: C:\Users\Obras\sistema_gestao_testes\testes\Financeiro\Clientes\CLEVER LUIZ SALVADOR.xlsx
2025-07-08 17:49:37,375 - INFO - ✅ Arquivo final nas configurações: C:\Users\Obras\sistema_gestao_testes\testes\Financeiro\Clientes\CLEVER LUIZ SALVADOR.xlsx
2025-07-08 17:49:37,378 - INFO - ✅ Configurações coletadas
2025-07-08 17:49:37,379 - INFO - ✅ Arquivo confirmado: CLEVER LUIZ SALVADOR.xlsx
2025-07-08 17:49:39,231 - INFO - Modo selecionado: Preview
2025-07-08 17:49:39,233 - INFO - 🎯 EXECUTANDO COM PREVIEW DIRETO - PDF TEMPORÁRIO
2025-07-08 17:49:39,686 - INFO - df_filtrado final: 23 registros
2025-07-08 17:49:39,687 - INFO - Colunas finais do df_filtrado: ['DATA_REL', 'TP_DESP', 'CNPJ_CPF', 'NOME', 'REFERÊNCIA', 'NF', 'VR_UNIT', 'DIAS', 'VALOR', 'DT_VENCTO', 'CATEGORIA', 'DADOS_BANCARIOS', 'OBSERVAÇÃO', 'STATUS', 'ID_LANCAMENTO', 'HISTORICO_ALTERACAO']
2025-07-08 17:49:39,688 - INFO - Tipos de despesa únicos: [2 3 7 5]
2025-07-08 17:49:40,095 - INFO - 
Obtendo número do relatório para data 2025-06-20 00:00:00
2025-07-08 17:49:40,096 - INFO - Número do relatório calculado: 20
2025-07-08 17:49:40,096 - INFO - Calculando acumulado para data 2025-06-20 00:00:00
2025-07-08 17:49:40,098 - INFO - Acumulado - registros após filtrar excluídos: 782
2025-07-08 17:49:40,105 - INFO - Valor acumulado calculado (apenas ativos): 2,120,321.53
2025-07-08 17:49:40,108 - INFO - 🔧 GERANDO PDF TEMPORÁRIO COM ORDENAÇÕES PRESERVADAS
2025-07-08 17:49:40,111 - INFO - 📄 Criando PDF temporário: PREVIEW_CLEVER_LUIZ_SALVADOR_20250708_174940.pdf
2025-07-08 17:49:40,112 - INFO - === INICIANDO ADIÇÃO DO CABEÇALHO ===
2025-07-08 17:49:40,113 - INFO - Tentando carregar logo: C:\Users\Obras\Documents\GitHub\Sistema-Financeiro\src\logo1.png
2025-07-08 17:49:40,114 - INFO - Logo carregada com sucesso!
2025-07-08 17:49:40,115 - INFO - Criando cabeçalho COM logo
2025-07-08 17:49:40,116 - INFO - Informações do cliente adicionadas com sucesso
2025-07-08 17:49:40,117 - INFO - === CABEÇALHO CONCLUÍDO COM SUCESSO ===
2025-07-08 17:49:40,128 - INFO - Iniciando adição de detalhes ao relatório
2025-07-08 17:49:40,271 - INFO - Detalhes adicionados com sucesso
2025-07-08 17:49:40,378 - INFO - ✅ PDF temporário gerado: C:\Users\Obras\AppData\Local\Temp\PREVIEW_CLEVER_LUIZ_SALVADOR_20250708_174940.pdf
2025-07-08 17:49:40,379 - INFO - ✅ PDF temporário válido: 51,859 bytes
2025-07-08 17:49:40,587 - INFO - ✅ Janela de decisão criada
2025-07-08 17:49:59,618 - INFO - 🗑️ PDF temporário agendado para remoção: PREVIEW_CLEVER_LUIZ_SALVADOR_20250708_174940.pdf
2025-07-08 17:50:01,627 - INFO - 🗑️ Arquivo temporário removido: PREVIEW_CLEVER_LUIZ_SALVADOR_20250708_174940.pdf
2025-07-08 17:50:30,425 - INFO - 🔍 INICIANDO gerar_relatorio para: despesas
2025-07-08 17:50:30,426 - INFO - 🎯 PROCESSANDO: Relatório de despesas
2025-07-08 17:50:30,427 - INFO - 🎯 PROCESSANDO DESPESAS - ARQUITETURA LIMPA
2025-07-08 17:50:30,428 - INFO - Data final obtida: 2025-06-20 00:00:00 (tipo: <class 'datetime.datetime'>)
2025-07-08 17:50:30,428 - INFO - ✅ Arquivo encontrado em arquivo_cliente_selecionado: C:\Users\Obras\sistema_gestao_testes\testes\Financeiro\Clientes\CLEVER LUIZ SALVADOR.xlsx
2025-07-08 17:50:30,429 - INFO - ✅ Arquivo final nas configurações: C:\Users\Obras\sistema_gestao_testes\testes\Financeiro\Clientes\CLEVER LUIZ SALVADOR.xlsx
2025-07-08 17:50:30,430 - INFO - ✅ Configurações coletadas
2025-07-08 17:50:30,431 - INFO - ✅ Arquivo confirmado: CLEVER LUIZ SALVADOR.xlsx
2025-07-08 17:50:32,423 - INFO - Modo selecionado: Preview
2025-07-08 17:50:32,427 - INFO - 🎯 EXECUTANDO COM PREVIEW DIRETO - PDF TEMPORÁRIO
2025-07-08 17:50:32,882 - INFO - df_filtrado final: 23 registros
2025-07-08 17:50:32,882 - INFO - Colunas finais do df_filtrado: ['DATA_REL', 'TP_DESP', 'CNPJ_CPF', 'NOME', 'REFERÊNCIA', 'NF', 'VR_UNIT', 'DIAS', 'VALOR', 'DT_VENCTO', 'CATEGORIA', 'DADOS_BANCARIOS', 'OBSERVAÇÃO', 'STATUS', 'ID_LANCAMENTO', 'HISTORICO_ALTERACAO']
2025-07-08 17:50:32,883 - INFO - Tipos de despesa únicos: [2 3 7 5]
2025-07-08 17:50:33,227 - INFO - 
Obtendo número do relatório para data 2025-06-20 00:00:00
2025-07-08 17:50:33,228 - INFO - Número do relatório calculado: 20
2025-07-08 17:50:33,229 - INFO - Calculando acumulado para data 2025-06-20 00:00:00
2025-07-08 17:50:33,231 - INFO - Acumulado - registros após filtrar excluídos: 782
2025-07-08 17:50:33,238 - INFO - Valor acumulado calculado (apenas ativos): 2,120,321.53
2025-07-08 17:50:33,241 - INFO - 🔧 GERANDO PDF TEMPORÁRIO COM ORDENAÇÕES PRESERVADAS
2025-07-08 17:50:33,242 - INFO - 📄 Criando PDF temporário: PREVIEW_CLEVER_LUIZ_SALVADOR_20250708_175033.pdf
2025-07-08 17:50:33,243 - INFO - === INICIANDO ADIÇÃO DO CABEÇALHO ===
2025-07-08 17:50:33,244 - INFO - Tentando carregar logo: C:\Users\Obras\Documents\GitHub\Sistema-Financeiro\src\logo1.png
2025-07-08 17:50:33,245 - INFO - Logo carregada com sucesso!
2025-07-08 17:50:33,245 - INFO - Criando cabeçalho COM logo
2025-07-08 17:50:33,247 - INFO - Informações do cliente adicionadas com sucesso
2025-07-08 17:50:33,247 - INFO - === CABEÇALHO CONCLUÍDO COM SUCESSO ===
2025-07-08 17:50:33,255 - INFO - Iniciando adição de detalhes ao relatório
2025-07-08 17:50:33,389 - INFO - Detalhes adicionados com sucesso
2025-07-08 17:50:33,499 - INFO - ✅ PDF temporário gerado: C:\Users\Obras\AppData\Local\Temp\PREVIEW_CLEVER_LUIZ_SALVADOR_20250708_175033.pdf
2025-07-08 17:50:33,500 - INFO - ✅ PDF temporário válido: 51,859 bytes
2025-07-08 17:50:33,568 - INFO - ✅ Janela de decisão criada
2025-07-08 17:50:40,514 - INFO - 🗑️ PDF temporário agendado para remoção: PREVIEW_CLEVER_LUIZ_SALVADOR_20250708_175033.pdf
2025-07-08 17:50:42,523 - INFO - 🗑️ Arquivo temporário removido: PREVIEW_CLEVER_LUIZ_SALVADOR_20250708_175033.pdf
2025-07-08 17:59:37,417 - INFO - 🔍 INICIANDO gerar_relatorio para: despesas
2025-07-08 17:59:37,417 - INFO - 🎯 PROCESSANDO: Relatório de despesas
2025-07-08 17:59:37,417 - INFO - 🎯 PROCESSANDO DESPESAS - ARQUITETURA LIMPA
2025-07-08 17:59:37,417 - INFO - Data final obtida: 2025-06-20 00:00:00 (tipo: <class 'datetime.datetime'>)
2025-07-08 17:59:37,417 - INFO - ✅ Arquivo encontrado em arquivo_cliente_selecionado: C:\Users\Obras\sistema_gestao_testes\testes\Financeiro\Clientes\CLEVER LUIZ SALVADOR.xlsx
2025-07-08 17:59:37,417 - INFO - ✅ Arquivo final nas configurações: C:\Users\Obras\sistema_gestao_testes\testes\Financeiro\Clientes\CLEVER LUIZ SALVADOR.xlsx
2025-07-08 17:59:37,417 - INFO - ✅ Configurações coletadas
2025-07-08 17:59:37,438 - INFO - ✅ Arquivo confirmado: CLEVER LUIZ SALVADOR.xlsx
2025-07-08 17:59:39,553 - INFO - Modo selecionado: Preview
2025-07-08 17:59:39,555 - INFO - 🎯 EXECUTANDO COM PREVIEW DIRETO - PDF TEMPORÁRIO
2025-07-08 17:59:40,157 - INFO - df_filtrado final: 23 registros
2025-07-08 17:59:40,158 - INFO - Colunas finais do df_filtrado: ['DATA_REL', 'TP_DESP', 'CNPJ_CPF', 'NOME', 'REFERÊNCIA', 'NF', 'VR_UNIT', 'DIAS', 'VALOR', 'DT_VENCTO', 'CATEGORIA', 'DADOS_BANCARIOS', 'OBSERVAÇÃO', 'STATUS', 'ID_LANCAMENTO', 'HISTORICO_ALTERACAO']
2025-07-08 17:59:40,159 - INFO - Tipos de despesa únicos: [2 3 7 5]
2025-07-08 17:59:40,488 - INFO - 
Obtendo número do relatório para data 2025-06-20 00:00:00
2025-07-08 17:59:40,489 - INFO - Número do relatório calculado: 20
2025-07-08 17:59:40,489 - INFO - Calculando acumulado para data 2025-06-20 00:00:00
2025-07-08 17:59:40,491 - INFO - Acumulado - registros após filtrar excluídos: 782
2025-07-08 17:59:40,497 - INFO - Valor acumulado calculado (apenas ativos): 2,120,321.53
2025-07-08 17:59:40,500 - INFO - 🔧 GERANDO PDF TEMPORÁRIO COM ORDENAÇÕES PRESERVADAS
2025-07-08 17:59:40,501 - INFO - 📄 Criando PDF temporário: PREVIEW_CLEVER_LUIZ_SALVADOR_20250708_175940.pdf
2025-07-08 17:59:40,501 - INFO - === INICIANDO ADIÇÃO DO CABEÇALHO ===
2025-07-08 17:59:40,502 - INFO - Tentando carregar logo: C:\Users\Obras\Documents\GitHub\Sistema-Financeiro\src\logo1.png
2025-07-08 17:59:40,502 - INFO - Logo carregada com sucesso!
2025-07-08 17:59:40,503 - INFO - Criando cabeçalho COM logo
2025-07-08 17:59:40,505 - INFO - Informações do cliente adicionadas com sucesso
2025-07-08 17:59:40,505 - INFO - === CABEÇALHO CONCLUÍDO COM SUCESSO ===
2025-07-08 17:59:40,513 - INFO - Iniciando adição de detalhes ao relatório
2025-07-08 17:59:40,640 - INFO - Detalhes adicionados com sucesso
2025-07-08 17:59:40,801 - INFO - ✅ PDF temporário gerado: C:\Users\Obras\AppData\Local\Temp\PREVIEW_CLEVER_LUIZ_SALVADOR_20250708_175940.pdf
2025-07-08 17:59:40,806 - INFO - ✅ PDF temporário válido: 51,859 bytes
2025-07-08 17:59:40,936 - INFO - ✅ Janela de decisão criada
2025-07-08 17:59:45,652 - ERROR - Erro ao atualizar progresso: 'Toplevel' object has no attribute 'percent_label'
2025-07-08 17:59:45,655 - INFO - === INICIANDO ADIÇÃO DO CABEÇALHO ===
2025-07-08 17:59:45,656 - INFO - Tentando carregar logo: C:\Users\Obras\Documents\GitHub\Sistema-Financeiro\src\logo1.png
2025-07-08 17:59:45,656 - INFO - Logo carregada com sucesso!
2025-07-08 17:59:45,656 - INFO - Criando cabeçalho COM logo
2025-07-08 17:59:45,658 - INFO - Informações do cliente adicionadas com sucesso
2025-07-08 17:59:45,658 - INFO - === CABEÇALHO CONCLUÍDO COM SUCESSO ===
2025-07-08 17:59:45,668 - INFO - Iniciando adição de detalhes ao relatório
2025-07-08 17:59:45,815 - INFO - Detalhes adicionados com sucesso
2025-07-08 17:59:45,922 - INFO - 🗑️ PDF temporário agendado para remoção: PREVIEW_CLEVER_LUIZ_SALVADOR_20250708_175940.pdf
2025-07-08 17:59:47,934 - INFO - 🗑️ Arquivo temporário removido: PREVIEW_CLEVER_LUIZ_SALVADOR_20250708_175940.pdf
2025-07-08 18:05:45,230 - INFO - Solicitado retorno ao menu principal
2025-07-08 18:05:45,230 - INFO - Retornando ao menu principal existente
2025-07-08 18:05:45,341 - INFO - Retorno ao menu principal concluído
2025-07-08 18:05:49,190 - INFO - Saída confirmada, finalizando sistema
2025-07-08 18:05:49,245 - INFO - Ação concluída: Gerar relatório
2025-07-08 18:07:15,587 - INFO - Carregando clientes de: C:\Users\Obras\sistema_gestao_testes\testes\Financeiro\Planilhas_Base\clientes.xlsx
2025-07-08 18:07:15,636 - INFO - Colunas disponíveis: ['Nome', 'Endereço', 'Data Inicial', 'Observações', 'Data Final']
2025-07-08 18:07:15,637 - INFO - Coluna de status: Data Final
2025-07-08 18:07:15,639 - INFO - Coluna de nome: Nome
2025-07-08 18:07:15,640 - INFO - Total de clientes ativos encontrados: 14
2025-07-08 18:07:15,641 - INFO - Lista de clientes atualizada com 15 clientes
2025-07-08 18:07:15,672 - INFO - Carregando clientes de: C:\Users\Obras\sistema_gestao_testes\testes\Financeiro\Planilhas_Base\clientes.xlsx
2025-07-08 18:07:15,690 - INFO - Colunas disponíveis: ['Nome', 'Endereço', 'Data Inicial', 'Observações', 'Data Final']
2025-07-08 18:07:15,691 - INFO - Coluna de status: Data Final
2025-07-08 18:07:15,693 - INFO - Coluna de nome: Nome
2025-07-08 18:07:15,694 - INFO - Total de clientes ativos encontrados: 14
2025-07-08 18:07:15,696 - INFO - Lista de clientes carregada com 15 itens
2025-07-08 18:07:16,984 - INFO - Data calculada automaticamente: 20/07/2025
2025-07-08 18:07:16,986 - INFO - Data calculada automaticamente: 20/07/2025
2025-07-08 18:07:19,693 - INFO - Modo manual ativado
2025-07-08 18:07:27,383 - INFO - Cliente selecionado: RHAUFED RODRIGUES DOS SANTOS
2025-07-08 18:07:27,385 - INFO - Arquivo encontrado: C:\Users\Obras\sistema_gestao_testes\testes\Financeiro\Clientes\RHAUFED RODRIGUES DOS SANTOS.xlsx
2025-07-08 18:07:27,392 - INFO - Arquivo encontrado: C:\Users\Obras\sistema_gestao_testes\testes\Financeiro\Clientes\RHAUFED RODRIGUES DOS SANTOS.xlsx
2025-07-08 18:07:30,094 - INFO - 🔍 INICIANDO gerar_relatorio para: despesas
2025-07-08 18:07:30,095 - INFO - 🎯 PROCESSANDO: Relatório de despesas
2025-07-08 18:07:30,096 - INFO - 🎯 PROCESSANDO DESPESAS - ARQUITETURA LIMPA
2025-07-08 18:07:30,097 - INFO - Data final obtida: 2025-06-20 00:00:00 (tipo: <class 'datetime.datetime'>)
2025-07-08 18:07:30,097 - INFO - ✅ Arquivo encontrado em arquivo_cliente_selecionado: C:\Users\Obras\sistema_gestao_testes\testes\Financeiro\Clientes\RHAUFED RODRIGUES DOS SANTOS.xlsx
2025-07-08 18:07:30,099 - INFO - ✅ Arquivo final nas configurações: C:\Users\Obras\sistema_gestao_testes\testes\Financeiro\Clientes\RHAUFED RODRIGUES DOS SANTOS.xlsx
2025-07-08 18:07:30,100 - INFO - ✅ Configurações coletadas
2025-07-08 18:07:30,101 - INFO - ✅ Arquivo confirmado: RHAUFED RODRIGUES DOS SANTOS.xlsx
2025-07-08 18:07:31,683 - INFO - Modo selecionado: Preview
2025-07-08 18:07:31,684 - INFO - 🎯 EXECUTANDO COM PREVIEW DIRETO - PDF TEMPORÁRIO
2025-07-08 18:07:32,139 - INFO - df_filtrado final: 18 registros
2025-07-08 18:07:32,139 - INFO - Colunas finais do df_filtrado: ['DATA_REL', 'TP_DESP', 'CNPJ_CPF', 'NOME', 'REFERÊNCIA', 'NF', 'VR_UNIT', 'DIAS', 'VALOR', 'DT_VENCTO', 'CATEGORIA', 'DADOS_BANCARIOS', 'OBSERVAÇÃO', 'STATUS', 'ID_LANCAMENTO', 'HISTORICO_ALTERACAO']
2025-07-08 18:07:32,140 - INFO - Tipos de despesa únicos: [2 3]
2025-07-08 18:07:32,553 - INFO - 
Obtendo número do relatório para data 2025-06-20 00:00:00
2025-07-08 18:07:32,554 - INFO - Número do relatório calculado: 26
2025-07-08 18:07:32,554 - INFO - Calculando acumulado para data 2025-06-20 00:00:00
2025-07-08 18:07:32,556 - INFO - Acumulado - registros após filtrar excluídos: 793
2025-07-08 18:07:32,563 - INFO - Valor acumulado calculado (apenas ativos): 1,338,538.04
2025-07-08 18:07:32,567 - INFO - 🔧 GERANDO PDF TEMPORÁRIO COM ORDENAÇÕES PRESERVADAS
2025-07-08 18:07:32,569 - INFO - 📄 Criando PDF temporário: PREVIEW_RHAUFED_RODRIGUES_DOS_SANTOS_20250708_180732.pdf
2025-07-08 18:07:32,569 - INFO - === INICIANDO ADIÇÃO DO CABEÇALHO ===
2025-07-08 18:07:32,572 - INFO - Tentando carregar logo: C:\Users\Obras\Documents\GitHub\Sistema-Financeiro\src\logo1.png
2025-07-08 18:07:32,572 - INFO - Logo carregada com sucesso!
2025-07-08 18:07:32,573 - INFO - Criando cabeçalho COM logo
2025-07-08 18:07:32,575 - INFO - Informações do cliente adicionadas com sucesso
2025-07-08 18:07:32,575 - INFO - === CABEÇALHO CONCLUÍDO COM SUCESSO ===
2025-07-08 18:07:32,586 - INFO - Iniciando adição de detalhes ao relatório
2025-07-08 18:07:32,696 - INFO - Detalhes adicionados com sucesso
2025-07-08 18:07:32,787 - INFO - ✅ PDF temporário gerado: C:\Users\Obras\AppData\Local\Temp\PREVIEW_RHAUFED_RODRIGUES_DOS_SANTOS_20250708_180732.pdf
2025-07-08 18:07:32,788 - INFO - ✅ PDF temporário válido: 49,318 bytes
2025-07-08 18:07:32,990 - INFO - ✅ Janela de decisão criada
2025-07-08 18:07:43,966 - INFO - 🗑️ PDF temporário agendado para remoção: PREVIEW_RHAUFED_RODRIGUES_DOS_SANTOS_20250708_180732.pdf
2025-07-08 18:07:45,978 - INFO - 🗑️ Arquivo temporário removido: PREVIEW_RHAUFED_RODRIGUES_DOS_SANTOS_20250708_180732.pdf
2025-07-08 18:07:54,544 - INFO - Cliente selecionado: MARCIA UBERENICE NOGUEIRA
2025-07-08 18:07:54,547 - INFO - Arquivo encontrado: C:\Users\Obras\sistema_gestao_testes\testes\Financeiro\Clientes\MARCIA UBERENICE NOGUEIRA.xlsx
2025-07-08 18:07:54,548 - INFO - Arquivo encontrado: C:\Users\Obras\sistema_gestao_testes\testes\Financeiro\Clientes\MARCIA UBERENICE NOGUEIRA.xlsx
2025-07-08 18:07:56,494 - INFO - 🔍 INICIANDO gerar_relatorio para: despesas
2025-07-08 18:07:56,494 - INFO - 🎯 PROCESSANDO: Relatório de despesas
2025-07-08 18:07:56,496 - INFO - 🎯 PROCESSANDO DESPESAS - ARQUITETURA LIMPA
2025-07-08 18:07:56,497 - INFO - Data final obtida: 2025-06-20 00:00:00 (tipo: <class 'datetime.datetime'>)
2025-07-08 18:07:56,498 - INFO - ✅ Arquivo encontrado em arquivo_cliente_selecionado: C:\Users\Obras\sistema_gestao_testes\testes\Financeiro\Clientes\MARCIA UBERENICE NOGUEIRA.xlsx
2025-07-08 18:07:56,499 - INFO - ✅ Arquivo final nas configurações: C:\Users\Obras\sistema_gestao_testes\testes\Financeiro\Clientes\MARCIA UBERENICE NOGUEIRA.xlsx
2025-07-08 18:07:56,500 - INFO - ✅ Configurações coletadas
2025-07-08 18:07:56,501 - INFO - ✅ Arquivo confirmado: MARCIA UBERENICE NOGUEIRA.xlsx
2025-07-08 18:07:59,258 - INFO - Modo selecionado: Preview
2025-07-08 18:07:59,260 - INFO - 🎯 EXECUTANDO COM PREVIEW DIRETO - PDF TEMPORÁRIO
2025-07-08 18:07:59,637 - INFO - df_filtrado final: 20 registros
2025-07-08 18:07:59,638 - INFO - Colunas finais do df_filtrado: ['DATA_REL', 'TP_DESP', 'CNPJ_CPF', 'NOME', 'REFERÊNCIA', 'NF', 'VR_UNIT', 'DIAS', 'VALOR', 'DT_VENCTO', 'CATEGORIA', 'DADOS_BANCARIOS', 'OBSERVAÇÃO', 'STATUS', 'ID_LANCAMENTO', 'HISTORICO_ALTERACAO']
2025-07-08 18:07:59,639 - INFO - Tipos de despesa únicos: [2 4 5]
2025-07-08 18:07:59,720 - INFO - 
Obtendo número do relatório para data 2025-06-20 00:00:00
2025-07-08 18:07:59,721 - INFO - Número do relatório calculado: 1
2025-07-08 18:07:59,721 - INFO - Calculando acumulado para data 2025-06-20 00:00:00
2025-07-08 18:07:59,723 - INFO - Acumulado - registros após filtrar excluídos: 32
2025-07-08 18:07:59,727 - WARNING - Nenhum registro anterior encontrado
2025-07-08 18:07:59,730 - INFO - 🔧 GERANDO PDF TEMPORÁRIO COM ORDENAÇÕES PRESERVADAS
2025-07-08 18:07:59,730 - INFO - 📄 Criando PDF temporário: PREVIEW_MARCIA_UBERENICE_NOGUEIRA_20250708_180759.pdf
2025-07-08 18:07:59,731 - INFO - === INICIANDO ADIÇÃO DO CABEÇALHO ===
2025-07-08 18:07:59,732 - INFO - Tentando carregar logo: C:\Users\Obras\Documents\GitHub\Sistema-Financeiro\src\logo1.png
2025-07-08 18:07:59,733 - INFO - Logo carregada com sucesso!
2025-07-08 18:07:59,734 - INFO - Criando cabeçalho COM logo
2025-07-08 18:07:59,737 - INFO - Informações do cliente adicionadas com sucesso
2025-07-08 18:07:59,737 - INFO - === CABEÇALHO CONCLUÍDO COM SUCESSO ===
2025-07-08 18:07:59,747 - INFO - Iniciando adição de detalhes ao relatório
2025-07-08 18:07:59,824 - INFO - Detalhes adicionados com sucesso
2025-07-08 18:07:59,912 - INFO - ✅ PDF temporário gerado: C:\Users\Obras\AppData\Local\Temp\PREVIEW_MARCIA_UBERENICE_NOGUEIRA_20250708_180759.pdf
2025-07-08 18:07:59,913 - INFO - ✅ PDF temporário válido: 48,864 bytes
2025-07-08 18:07:59,985 - INFO - ✅ Janela de decisão criada
2025-07-08 18:08:38,038 - INFO - 🗑️ PDF temporário agendado para remoção: PREVIEW_MARCIA_UBERENICE_NOGUEIRA_20250708_180759.pdf
2025-07-08 18:08:40,044 - INFO - 🗑️ Arquivo temporário removido: PREVIEW_MARCIA_UBERENICE_NOGUEIRA_20250708_180759.pdf
2025-07-08 18:08:42,909 - INFO - Solicitado retorno ao menu principal
2025-07-08 18:08:42,911 - INFO - Retornando ao menu principal existente
2025-07-08 18:08:43,014 - INFO - Retorno ao menu principal concluído
2025-07-08 18:08:46,756 - INFO - Saída confirmada, finalizando sistema
2025-07-08 18:08:46,806 - INFO - Ação concluída: Gerar relatório
2025-07-08 18:18:16,979 - INFO - Módulo fallback carregado: src.relatorio_despesas_aprimorado
2025-07-08 18:18:16,997 - INFO - Iniciando RelatorioUI
2025-07-08 18:18:17,002 - INFO - Iniciando configuração da interface
2025-07-08 18:18:17,089 - INFO - Interface configurada com sucesso
2025-07-08 18:18:33,608 - INFO - Saída confirmada, finalizando sistema
2025-07-08 18:18:33,670 - INFO - Ação concluída: Gerar relatório
2025-07-08 18:18:58,008 - INFO - Carregando clientes de: C:\Users\Obras\sistema_gestao_testes\testes\Financeiro\Planilhas_Base\clientes.xlsx
2025-07-08 18:18:58,066 - INFO - Colunas disponíveis: ['Nome', 'Endereço', 'Data Inicial', 'Observações', 'Data Final']
2025-07-08 18:18:58,067 - INFO - Coluna de status: Data Final
2025-07-08 18:18:58,078 - INFO - Coluna de nome: Nome
2025-07-08 18:18:58,079 - INFO - Total de clientes ativos encontrados: 14
2025-07-08 18:18:58,081 - INFO - Lista de clientes atualizada com 15 clientes
2025-07-08 18:18:58,114 - INFO - Carregando clientes de: C:\Users\Obras\sistema_gestao_testes\testes\Financeiro\Planilhas_Base\clientes.xlsx
2025-07-08 18:18:58,131 - INFO - Colunas disponíveis: ['Nome', 'Endereço', 'Data Inicial', 'Observações', 'Data Final']
2025-07-08 18:18:58,132 - INFO - Coluna de status: Data Final
2025-07-08 18:18:58,134 - INFO - Coluna de nome: Nome
2025-07-08 18:18:58,135 - INFO - Total de clientes ativos encontrados: 14
2025-07-08 18:18:58,139 - INFO - Lista de clientes carregada com 15 itens
2025-07-08 18:18:59,843 - INFO - Data calculada automaticamente: 20/07/2025
2025-07-08 18:18:59,843 - INFO - Data calculada automaticamente: 20/07/2025
2025-07-08 18:19:04,005 - INFO - Modo manual ativado
2025-07-08 18:19:10,056 - INFO - Cliente selecionado: ANA AUGUSTA PIRES COUTINHO
2025-07-08 18:19:10,057 - INFO - Arquivo encontrado: C:\Users\Obras\sistema_gestao_testes\testes\Financeiro\Clientes\ANA AUGUSTA PIRES COUTINHO.xlsx
2025-07-08 18:19:10,064 - INFO - Arquivo encontrado: C:\Users\Obras\sistema_gestao_testes\testes\Financeiro\Clientes\ANA AUGUSTA PIRES COUTINHO.xlsx
2025-07-08 18:19:12,037 - INFO - 🔍 INICIANDO gerar_relatorio para: despesas
2025-07-08 18:19:12,038 - INFO - 🎯 PROCESSANDO: Relatório de despesas
2025-07-08 18:19:12,039 - INFO - 🎯 PROCESSANDO DESPESAS - ARQUITETURA LIMPA
2025-07-08 18:19:12,040 - INFO - Data final obtida: 2025-07-05 00:00:00 (tipo: <class 'datetime.datetime'>)
2025-07-08 18:19:12,040 - INFO - ✅ Arquivo encontrado em arquivo_cliente_selecionado: C:\Users\Obras\sistema_gestao_testes\testes\Financeiro\Clientes\ANA AUGUSTA PIRES COUTINHO.xlsx
2025-07-08 18:19:12,041 - INFO - ✅ Arquivo final nas configurações: C:\Users\Obras\sistema_gestao_testes\testes\Financeiro\Clientes\ANA AUGUSTA PIRES COUTINHO.xlsx
2025-07-08 18:19:12,043 - INFO - ✅ Configurações coletadas
2025-07-08 18:19:12,043 - INFO - ✅ Arquivo confirmado: ANA AUGUSTA PIRES COUTINHO.xlsx
2025-07-08 18:19:13,691 - INFO - Modo selecionado: Preview
2025-07-08 18:19:13,692 - INFO - 🎯 EXECUTANDO COM PREVIEW DIRETO - PDF TEMPORÁRIO
2025-07-08 18:19:13,930 - INFO - df_filtrado final: 14 registros
2025-07-08 18:19:13,931 - INFO - Colunas finais do df_filtrado: ['DATA_REL', 'TP_DESP', 'CNPJ_CPF', 'NOME', 'REFERÊNCIA', 'NF', 'VR_UNIT', 'DIAS', 'VALOR', 'DT_VENCTO', 'CATEGORIA', 'DADOS_BANCARIOS', 'OBSERVAÇÃO', 'STATUS', 'ID_LANCAMENTO', 'HISTORICO_ALTERACAO', 'RELATÓRIO']
2025-07-08 18:19:13,932 - INFO - Tipos de despesa únicos: [2 3 5]
2025-07-08 18:19:14,130 - INFO - 
Obtendo número do relatório para data 2025-07-05 00:00:00
2025-07-08 18:19:14,131 - INFO - Número do relatório calculado: 10
2025-07-08 18:19:14,132 - INFO - Calculando acumulado para data 2025-07-05 00:00:00
2025-07-08 18:19:14,133 - INFO - Acumulado - registros após filtrar excluídos: 251
2025-07-08 18:19:14,143 - INFO - Valor acumulado calculado (apenas ativos): 426,376.12
2025-07-08 18:19:14,144 - INFO - 🔧 GERANDO PDF TEMPORÁRIO COM ORDENAÇÕES PRESERVADAS
2025-07-08 18:19:14,146 - INFO - 📄 Criando PDF temporário: PREVIEW_ANA_AUGUSTA_PIRES_COUTINHO_20250708_181914.pdf
2025-07-08 18:19:14,147 - INFO - === INICIANDO ADIÇÃO DO CABEÇALHO ===
2025-07-08 18:19:14,148 - INFO - Tentando carregar logo: C:\Users\Obras\Documents\GitHub\Sistema-Financeiro\src\logo1.png
2025-07-08 18:19:14,148 - INFO - Logo carregada com sucesso!
2025-07-08 18:19:14,149 - INFO - Criando cabeçalho COM logo
2025-07-08 18:19:14,151 - INFO - Informações do cliente adicionadas com sucesso
2025-07-08 18:19:14,151 - INFO - === CABEÇALHO CONCLUÍDO COM SUCESSO ===
2025-07-08 18:19:14,162 - INFO - Iniciando adição de detalhes ao relatório
2025-07-08 18:19:14,236 - INFO - Detalhes adicionados com sucesso
2025-07-08 18:19:14,331 - INFO - ✅ PDF temporário gerado: C:\Users\Obras\AppData\Local\Temp\PREVIEW_ANA_AUGUSTA_PIRES_COUTINHO_20250708_181914.pdf
2025-07-08 18:19:14,332 - INFO - ✅ PDF temporário válido: 49,172 bytes
2025-07-08 18:19:14,553 - INFO - ✅ Janela de decisão criada
2025-07-08 18:19:22,222 - INFO - 🗑️ PDF temporário agendado para remoção: PREVIEW_ANA_AUGUSTA_PIRES_COUTINHO_20250708_181914.pdf
2025-07-08 18:19:24,226 - INFO - 🗑️ Arquivo temporário removido: PREVIEW_ANA_AUGUSTA_PIRES_COUTINHO_20250708_181914.pdf
2025-07-08 18:19:29,277 - INFO - Solicitado retorno ao menu principal
2025-07-08 18:19:29,278 - INFO - Retornando ao menu principal existente
2025-07-08 18:19:29,365 - INFO - Retorno ao menu principal concluído
2025-07-08 18:19:32,844 - INFO - Saída confirmada, finalizando sistema
2025-07-08 18:19:32,900 - INFO - Ação concluída: Gerar relatório
2025-07-08 18:46:43,005 - INFO - Iniciando RelatorioUI
2025-07-08 18:46:43,016 - INFO - Iniciando configuração da interface
2025-07-08 18:46:43,067 - INFO - Interface configurada com sucesso
2025-07-08 18:46:49,249 - INFO - Saída confirmada, finalizando sistema
2025-07-08 18:46:49,297 - INFO - Ação concluída: Gerar relatório
2025-07-08 19:02:49,942 - INFO - Carregando clientes de: C:\Users\Obras\sistema_gestao_testes\testes\Financeiro\Planilhas_Base\clientes.xlsx
2025-07-08 19:02:49,985 - INFO - Colunas disponíveis: ['Nome', 'Endereço', 'Data Inicial', 'Observações', 'Data Final']
2025-07-08 19:02:49,985 - INFO - Coluna de status: Data Final
2025-07-08 19:02:50,000 - INFO - Coluna de nome: Nome
2025-07-08 19:02:50,000 - INFO - Total de clientes ativos encontrados: 14
2025-07-08 19:02:50,002 - INFO - Lista de clientes atualizada com 15 clientes
2025-07-08 19:02:50,032 - INFO - 🎉 SISTEMA INTEGRADO INICIADO COM SUCESSO!
2025-07-08 19:02:50,032 - INFO - Carregando clientes de: C:\Users\Obras\sistema_gestao_testes\testes\Financeiro\Planilhas_Base\clientes.xlsx
2025-07-08 19:02:50,048 - INFO - Colunas disponíveis: ['Nome', 'Endereço', 'Data Inicial', 'Observações', 'Data Final']
2025-07-08 19:02:50,048 - INFO - Coluna de status: Data Final
2025-07-08 19:02:50,049 - INFO - Coluna de nome: Nome
2025-07-08 19:02:50,050 - INFO - Total de clientes ativos encontrados: 14
2025-07-08 19:02:50,050 - INFO - Lista de clientes carregada com 15 itens
2025-07-08 19:02:51,436 - INFO - Data calculada automaticamente: 20/07/2025
2025-07-08 19:02:51,436 - INFO - Data calculada automaticamente: 20/07/2025
2025-07-08 19:02:53,880 - INFO - Modo manual ativado
2025-07-08 19:03:04,529 - INFO - Cliente selecionado: CLEVER LUIZ SALVADOR
2025-07-08 19:03:04,530 - INFO - Arquivo encontrado: C:\Users\Obras\sistema_gestao_testes\testes\Financeiro\Clientes\CLEVER LUIZ SALVADOR.xlsx
2025-07-08 19:03:04,537 - INFO - Arquivo encontrado: C:\Users\Obras\sistema_gestao_testes\testes\Financeiro\Clientes\CLEVER LUIZ SALVADOR.xlsx
2025-07-08 19:03:06,647 - INFO - 🔍 INICIANDO gerar_relatorio para: despesas
2025-07-08 19:03:06,648 - INFO - 🎯 PROCESSANDO: Relatório de despesas
2025-07-08 19:03:06,648 - INFO - 🎯 PROCESSANDO DESPESAS - ARQUITETURA LIMPA
2025-07-08 19:03:06,648 - INFO - Data final obtida: 2025-07-05 00:00:00 (tipo: <class 'datetime.datetime'>)
2025-07-08 19:03:06,649 - INFO - ✅ Arquivo encontrado em arquivo_cliente_selecionado: C:\Users\Obras\sistema_gestao_testes\testes\Financeiro\Clientes\CLEVER LUIZ SALVADOR.xlsx
2025-07-08 19:03:06,649 - INFO - ✅ Arquivo final nas configurações: C:\Users\Obras\sistema_gestao_testes\testes\Financeiro\Clientes\CLEVER LUIZ SALVADOR.xlsx
2025-07-08 19:03:06,649 - INFO - ✅ Configurações coletadas
2025-07-08 19:03:06,649 - INFO - ✅ Arquivo confirmado: CLEVER LUIZ SALVADOR.xlsx
2025-07-08 19:03:08,301 - INFO - Modo selecionado: Preview
2025-07-08 19:03:08,302 - INFO - 🎯 EXECUTANDO COM PREVIEW DIRETO - PDF TEMPORÁRIO
2025-07-08 19:03:08,778 - INFO - df_filtrado final: 19 registros
2025-07-08 19:03:08,778 - INFO - Colunas finais do df_filtrado: ['DATA_REL', 'TP_DESP', 'CNPJ_CPF', 'NOME', 'REFERÊNCIA', 'NF', 'VR_UNIT', 'DIAS', 'VALOR', 'DT_VENCTO', 'CATEGORIA', 'DADOS_BANCARIOS', 'OBSERVAÇÃO', 'STATUS', 'ID_LANCAMENTO', 'HISTORICO_ALTERACAO']
2025-07-08 19:03:08,779 - INFO - Tipos de despesa únicos: [2 3 7 5]
2025-07-08 19:03:09,109 - INFO - 
Obtendo número do relatório para data 2025-07-05 00:00:00
2025-07-08 19:03:09,110 - INFO - Número do relatório calculado: 21
2025-07-08 19:03:09,111 - INFO - Calculando acumulado para data 2025-07-05 00:00:00
2025-07-08 19:03:09,113 - INFO - Acumulado - registros após filtrar excluídos: 782
2025-07-08 19:03:09,123 - INFO - Valor acumulado calculado (apenas ativos): 2,199,915.92
2025-07-08 19:03:09,123 - INFO - 🔧 GERANDO PDF TEMPORÁRIO COM ORDENAÇÕES PRESERVADAS
2025-07-08 19:03:09,124 - INFO - 📄 Criando PDF temporário: PREVIEW_CLEVER_LUIZ_SALVADOR_20250708_190309.pdf
2025-07-08 19:03:09,124 - INFO - === INICIANDO ADIÇÃO DO CABEÇALHO ===
2025-07-08 19:03:09,124 - INFO - Tentando carregar logo: C:\Users\Obras\AppData\Local\Temp\_MEI164562\src\logo1.png
2025-07-08 19:03:09,124 - INFO - Logo carregada com sucesso!
2025-07-08 19:03:09,124 - INFO - Criando cabeçalho COM logo
2025-07-08 19:03:09,126 - INFO - Informações do cliente adicionadas com sucesso
2025-07-08 19:03:09,126 - INFO - === CABEÇALHO CONCLUÍDO COM SUCESSO ===
2025-07-08 19:03:09,133 - INFO - Iniciando adição de detalhes ao relatório
2025-07-08 19:03:09,248 - INFO - Detalhes adicionados com sucesso
2025-07-08 19:03:09,351 - INFO - ✅ PDF temporário gerado: C:\Users\Obras\AppData\Local\Temp\PREVIEW_CLEVER_LUIZ_SALVADOR_20250708_190309.pdf
2025-07-08 19:03:09,351 - INFO - ✅ PDF temporário válido: 50,720 bytes
2025-07-08 19:03:09,633 - INFO - ✅ Janela de decisão criada
2025-07-08 19:03:17,816 - INFO - 🗑️ PDF temporário agendado para remoção: PREVIEW_CLEVER_LUIZ_SALVADOR_20250708_190309.pdf
2025-07-08 19:03:19,819 - INFO - 🗑️ Arquivo temporário removido: PREVIEW_CLEVER_LUIZ_SALVADOR_20250708_190309.pdf
2025-07-08 19:03:27,392 - INFO - 🔍 INICIANDO gerar_relatorio para: categoria
2025-07-08 19:03:27,392 - INFO - 📋 Processando outros relatórios: categoria
2025-07-08 19:04:07,695 - INFO - 🔍 INICIANDO gerar_relatorio para: fornecedores
2025-07-08 19:04:07,695 - INFO - 📋 Processando outros relatórios: fornecedores
2025-07-08 19:04:42,526 - INFO - Solicitado retorno ao menu principal
2025-07-08 19:04:42,526 - INFO - Retornando ao menu principal existente
2025-07-08 19:04:42,629 - INFO - Retorno ao menu principal concluído
2025-07-08 19:04:43,758 - INFO - Abrindo sistema de entrada de dados
2025-07-08 19:04:43,772 - INFO - Configurações importadas com sucesso via src.config
2025-07-08 19:04:43,775 - INFO - Configurações importadas com sucesso
2025-07-08 19:04:43,775 - INFO - Configurações do sistema importadas com sucesso
2025-07-08 19:04:52,239 - INFO - Iniciando: Carregar configurações
2025-07-08 19:04:52,239 - INFO - Iniciando: Carregar configurações
2025-07-08 19:04:52,265 - INFO - Concluído: Carregar configurações
2025-07-08 19:04:52,265 - INFO - Concluído: Carregar configurações
2025-07-08 19:04:52,265 - INFO - Iniciando: Carregar configurações
2025-07-08 19:04:52,266 - INFO - Concluído: Carregar configurações
2025-07-08 19:04:52,274 - INFO - Iniciando: Carregar configurações
2025-07-08 19:04:52,274 - INFO - Concluído: Carregar configurações
2025-07-08 19:05:14,581 - INFO - Saída confirmada, finalizando sistema
2025-07-08 19:05:14,838 - INFO - Forçando encerramento do programa...
2025-07-08 19:56:42,340 - INFO - Carregando clientes de: H:\.shortcut-targets-by-id\195uuohIL_ZKum7lhwu-OzJCH_CGAb97G\Relatórios\Financeiro\Planilhas_Base\clientes.xlsx
2025-07-08 19:56:43,418 - INFO - Colunas disponíveis: ['Nome', 'Endereço', 'Data Inicial', 'Observações', 'Data Final']
2025-07-08 19:56:43,418 - INFO - Coluna de status: Data Final
2025-07-08 19:56:43,418 - INFO - Coluna de nome: Nome
2025-07-08 19:56:43,418 - INFO - Total de clientes ativos encontrados: 14
2025-07-08 19:56:43,418 - INFO - Lista de clientes atualizada com 15 clientes
2025-07-08 19:56:43,450 - INFO - 🎉 SISTEMA INTEGRADO INICIADO COM SUCESSO!
2025-07-08 19:56:43,465 - INFO - Carregando clientes de: H:\.shortcut-targets-by-id\195uuohIL_ZKum7lhwu-OzJCH_CGAb97G\Relatórios\Financeiro\Planilhas_Base\clientes.xlsx
2025-07-08 19:56:43,497 - INFO - Colunas disponíveis: ['Nome', 'Endereço', 'Data Inicial', 'Observações', 'Data Final']
2025-07-08 19:56:43,497 - INFO - Coluna de status: Data Final
2025-07-08 19:56:43,497 - INFO - Coluna de nome: Nome
2025-07-08 19:56:43,497 - INFO - Total de clientes ativos encontrados: 14
2025-07-08 19:56:43,497 - INFO - Lista de clientes carregada com 15 itens
2025-07-08 19:56:45,653 - INFO - Data calculada automaticamente: 20/07/2025
2025-07-08 19:56:45,653 - INFO - Data calculada automaticamente: 20/07/2025
2025-07-08 19:56:48,543 - INFO - Modo manual ativado
2025-07-08 19:57:10,230 - INFO - Cliente selecionado: ANA AUGUSTA PIRES COUTINHO
2025-07-08 19:57:10,230 - INFO - Arquivo encontrado: H:\.shortcut-targets-by-id\195uuohIL_ZKum7lhwu-OzJCH_CGAb97G\Relatórios\Financeiro\Clientes\ANA AUGUSTA PIRES COUTINHO.xlsx
2025-07-08 19:57:10,230 - INFO - Arquivo encontrado: H:\.shortcut-targets-by-id\195uuohIL_ZKum7lhwu-OzJCH_CGAb97G\Relatórios\Financeiro\Clientes\ANA AUGUSTA PIRES COUTINHO.xlsx
2025-07-08 19:57:12,011 - INFO - 🔍 INICIANDO gerar_relatorio para: despesas
2025-07-08 19:57:12,011 - INFO - 🎯 PROCESSANDO: Relatório de despesas
2025-07-08 19:57:12,011 - INFO - 🎯 PROCESSANDO DESPESAS - ARQUITETURA LIMPA
2025-07-08 19:57:12,011 - INFO - Data final obtida: 2025-07-05 00:00:00 (tipo: <class 'datetime.datetime'>)
2025-07-08 19:57:12,011 - INFO - ✅ Arquivo encontrado em arquivo_cliente_selecionado: H:\.shortcut-targets-by-id\195uuohIL_ZKum7lhwu-OzJCH_CGAb97G\Relatórios\Financeiro\Clientes\ANA AUGUSTA PIRES COUTINHO.xlsx
2025-07-08 19:57:12,011 - INFO - ✅ Arquivo final nas configurações: H:\.shortcut-targets-by-id\195uuohIL_ZKum7lhwu-OzJCH_CGAb97G\Relatórios\Financeiro\Clientes\ANA AUGUSTA PIRES COUTINHO.xlsx
2025-07-08 19:57:12,011 - INFO - ✅ Configurações coletadas
2025-07-08 19:57:12,011 - INFO - ✅ Arquivo confirmado: ANA AUGUSTA PIRES COUTINHO.xlsx
2025-07-08 19:57:13,640 - INFO - Modo selecionado: Preview
2025-07-08 19:57:13,640 - INFO - 🎯 EXECUTANDO COM PREVIEW DIRETO - PDF TEMPORÁRIO
2025-07-08 19:57:13,858 - INFO - df_filtrado final: 14 registros
2025-07-08 19:57:13,858 - INFO - Colunas finais do df_filtrado: ['DATA_REL', 'TP_DESP', 'CNPJ_CPF', 'NOME', 'REFERÊNCIA', 'NF', 'VR_UNIT', 'DIAS', 'VALOR', 'DT_VENCTO', 'CATEGORIA', 'DADOS_BANCARIOS', 'OBSERVAÇÃO', 'STATUS', 'ID_LANCAMENTO', 'HISTORICO_ALTERACAO', 'RELATÓRIO']
2025-07-08 19:57:13,858 - INFO - Tipos de despesa únicos: [2 3 5]
2025-07-08 19:57:14,061 - INFO - 
Obtendo número do relatório para data 2025-07-05 00:00:00
2025-07-08 19:57:14,061 - INFO - Número do relatório calculado: 10
2025-07-08 19:57:14,061 - INFO - Calculando acumulado para data 2025-07-05 00:00:00
2025-07-08 19:57:14,061 - INFO - Acumulado - registros após filtrar excluídos: 251
2025-07-08 19:57:14,077 - INFO - Valor acumulado calculado (apenas ativos): 426,376.12
2025-07-08 19:57:14,077 - INFO - 🔧 GERANDO PDF TEMPORÁRIO COM ORDENAÇÕES PRESERVADAS
2025-07-08 19:57:14,077 - INFO - 📄 Criando PDF temporário: PREVIEW_ANA_AUGUSTA_PIRES_COUTINHO_20250708_195714.pdf
2025-07-08 19:57:14,077 - INFO - === INICIANDO ADIÇÃO DO CABEÇALHO ===
2025-07-08 19:57:14,077 - INFO - Tentando carregar logo: C:\Users\Obras\AppData\Local\Temp\_MEI160362\src\logo1.png
2025-07-08 19:57:14,077 - INFO - Logo carregada com sucesso!
2025-07-08 19:57:14,077 - INFO - Criando cabeçalho COM logo
2025-07-08 19:57:14,077 - INFO - Informações do cliente adicionadas com sucesso
2025-07-08 19:57:14,077 - INFO - === CABEÇALHO CONCLUÍDO COM SUCESSO ===
2025-07-08 19:57:14,077 - INFO - Iniciando adição de detalhes ao relatório
2025-07-08 19:57:14,140 - INFO - Detalhes adicionados com sucesso
2025-07-08 19:57:14,218 - INFO - ✅ PDF temporário gerado: C:\Users\Obras\AppData\Local\Temp\PREVIEW_ANA_AUGUSTA_PIRES_COUTINHO_20250708_195714.pdf
2025-07-08 19:57:14,218 - INFO - ✅ PDF temporário válido: 49,172 bytes
2025-07-08 19:57:14,452 - INFO - ✅ Janela de decisão criada
2025-07-08 19:57:27,790 - INFO - 🗑️ PDF temporário agendado para remoção: PREVIEW_ANA_AUGUSTA_PIRES_COUTINHO_20250708_195714.pdf
2025-07-08 19:57:29,795 - INFO - 🗑️ Arquivo temporário removido: PREVIEW_ANA_AUGUSTA_PIRES_COUTINHO_20250708_195714.pdf
2025-07-08 19:57:29,811 - INFO - Solicitado retorno ao menu principal
2025-07-08 19:57:29,811 - INFO - Retornando ao menu principal existente
2025-07-08 19:57:29,888 - INFO - Retorno ao menu principal concluído
2025-07-08 19:57:32,342 - INFO - Executando ação: Gerar relatório
2025-07-08 19:57:32,342 - INFO - === INICIANDO SISTEMA DE RELATÓRIOS COM DIAGNÓSTICO ===
2025-07-08 19:57:32,342 - INFO - 🔍 INICIANDO DIAGNÓSTICO DO SISTEMA
2025-07-08 19:57:32,342 - INFO - 📍 Tipo de execução: PyInstaller
2025-07-08 19:57:32,342 - INFO - 📁 Diretório base: C:\Users\Obras\AppData\Local\Temp\_MEI160362
2025-07-08 19:57:32,342 - INFO - 📂 Verificando: C:\Users\Obras\AppData\Local\Temp\_MEI160362
2025-07-08 19:57:32,342 - INFO -   ❌ relatorios_interface.py
2025-07-08 19:57:32,342 - INFO -   ❌ relatorio_despesas_service.py
2025-07-08 19:57:32,342 - INFO -   ❌ relatorio_despesas_aprimorado.py
2025-07-08 19:57:32,342 - INFO - 📂 Verificando: C:\Users\Obras\AppData\Local\Temp
2025-07-08 19:57:32,342 - INFO -   ❌ relatorios_interface.py
2025-07-08 19:57:32,342 - INFO -   ❌ relatorio_despesas_service.py
2025-07-08 19:57:32,342 - INFO -   ❌ relatorio_despesas_aprimorado.py
2025-07-08 19:57:32,342 - INFO - 📂 Verificando: C:\Users\Obras\AppData\Local\Temp\_MEI160362\src
2025-07-08 19:57:32,342 - INFO -   ✅ relatorios_interface.py
2025-07-08 19:57:32,342 - INFO -   ✅ relatorio_despesas_service.py
2025-07-08 19:57:32,342 - INFO -   ✅ relatorio_despesas_aprimorado.py
2025-07-08 19:57:32,342 - INFO - 📂 NÃO EXISTE: C:\Users\Obras\AppData\Local\Temp\src
2025-07-08 19:57:32,342 - INFO - 📊 RESUMO: 3 arquivos relevantes encontrados
2025-07-08 19:57:32,342 - INFO - Usuário alterado para: sistema_principal
2025-07-08 19:57:32,342 - INFO - Abrindo sistema de relatórios
2025-07-08 19:57:32,342 - INFO - 🔍 INICIANDO BUSCA INTELIGENTE POR MÓDULOS
2025-07-08 19:57:32,342 - INFO - 📦 Executável PyInstaller detectado: C:\Users\Obras\AppData\Local\Temp\_MEI160362
2025-07-08 19:57:32,342 - INFO - ❌ NÃO ENCONTRADO: C:\Users\Obras\AppData\Local\Temp\_MEI160362\relatorios_interface.py
2025-07-08 19:57:32,342 - INFO - ❌ NÃO ENCONTRADO: C:\Users\Obras\AppData\Local\Temp\relatorios_interface.py
2025-07-08 19:57:32,342 - INFO - ✅ ENCONTRADO: C:\Users\Obras\AppData\Local\Temp\_MEI160362\src\relatorios_interface.py
2025-07-08 19:57:32,342 - INFO - 🔄 Configurando paths do sistema...
2025-07-08 19:57:32,342 - INFO - 🗑️ Cache limpo: relatorios_interface
2025-07-08 19:57:32,342 - INFO - 🗑️ Cache limpo: relatorio_despesas_service
2025-07-08 19:57:32,342 - INFO - 🗑️ Cache limpo: relatorio_despesas_aprimorado
2025-07-08 19:57:32,357 - INFO - 🔄 Cache do importlib invalidado
2025-07-08 19:57:32,357 - INFO - 🎯 Tentando importar: relatorios_interface
2025-07-08 19:57:32,357 - INFO - Usuário alterado para: sistema_relatorios
2025-07-08 19:57:32,357 - INFO - Sistema de relatórios inicializando usando logger configurado
2025-07-08 19:57:32,357 - INFO - Configurações de janela importadas com sucesso
2025-07-08 19:57:32,357 - INFO - === Sistema de Relatórios Inicializando ===
2025-07-08 19:57:32,357 - INFO - ✅ SUCESSO! Módulo relatorios_interface importado!
2025-07-08 19:57:32,357 - INFO - ✅ Classe SistemaRelatorios encontrada em relatorios_interface
2025-07-08 19:57:32,357 - INFO - 🚀 INICIALIZANDO SISTEMA INTEGRADO DE RELATÓRIOS
2025-07-08 19:57:32,422 - INFO - Carregando clientes de: H:\.shortcut-targets-by-id\195uuohIL_ZKum7lhwu-OzJCH_CGAb97G\Relatórios\Financeiro\Planilhas_Base\clientes.xlsx
2025-07-08 19:57:32,498 - INFO - Colunas disponíveis: ['Nome', 'Endereço', 'Data Inicial', 'Observações', 'Data Final']
2025-07-08 19:57:32,498 - INFO - Coluna de status: Data Final
2025-07-08 19:57:32,498 - INFO - Coluna de nome: Nome
2025-07-08 19:57:32,498 - INFO - Total de clientes ativos encontrados: 14
2025-07-08 19:57:32,498 - INFO - Lista de clientes atualizada com 15 clientes
2025-07-08 19:57:32,530 - INFO - 🎉 SISTEMA INTEGRADO INICIADO COM SUCESSO!
2025-07-08 19:57:32,530 - INFO - Carregando clientes de: H:\.shortcut-targets-by-id\195uuohIL_ZKum7lhwu-OzJCH_CGAb97G\Relatórios\Financeiro\Planilhas_Base\clientes.xlsx
2025-07-08 19:57:32,561 - INFO - Colunas disponíveis: ['Nome', 'Endereço', 'Data Inicial', 'Observações', 'Data Final']
2025-07-08 19:57:32,561 - INFO - Coluna de status: Data Final
2025-07-08 19:57:32,561 - INFO - Coluna de nome: Nome
2025-07-08 19:57:32,561 - INFO - Total de clientes ativos encontrados: 14
2025-07-08 19:57:32,561 - INFO - Lista de clientes carregada com 15 itens
2025-07-08 19:57:34,139 - INFO - Data calculada automaticamente: 20/07/2025
2025-07-08 19:57:34,139 - INFO - Data calculada automaticamente: 20/07/2025
2025-07-08 19:57:38,654 - INFO - Cliente selecionado: EMERSON HENRIQUE DO PRADO MARTINS
2025-07-08 19:57:38,654 - INFO - Arquivo encontrado: H:\.shortcut-targets-by-id\195uuohIL_ZKum7lhwu-OzJCH_CGAb97G\Relatórios\Financeiro\Clientes\EMERSON HENRIQUE DO PRADO MARTINS.xlsx
2025-07-08 19:57:38,654 - INFO - Arquivo encontrado: H:\.shortcut-targets-by-id\195uuohIL_ZKum7lhwu-OzJCH_CGAb97G\Relatórios\Financeiro\Clientes\EMERSON HENRIQUE DO PRADO MARTINS.xlsx
2025-07-08 19:57:40,764 - INFO - 🔍 INICIANDO gerar_relatorio para: despesas
2025-07-08 19:57:40,764 - INFO - 🎯 PROCESSANDO: Relatório de despesas
2025-07-08 19:57:40,764 - INFO - 🎯 PROCESSANDO DESPESAS - ARQUITETURA LIMPA
2025-07-08 19:57:40,764 - INFO - Data final obtida: 2025-07-20 00:00:00 (tipo: <class 'datetime.datetime'>)
2025-07-08 19:57:40,764 - INFO - ✅ Arquivo encontrado em arquivo_cliente_selecionado: H:\.shortcut-targets-by-id\195uuohIL_ZKum7lhwu-OzJCH_CGAb97G\Relatórios\Financeiro\Clientes\EMERSON HENRIQUE DO PRADO MARTINS.xlsx
2025-07-08 19:57:40,764 - INFO - ✅ Arquivo final nas configurações: H:\.shortcut-targets-by-id\195uuohIL_ZKum7lhwu-OzJCH_CGAb97G\Relatórios\Financeiro\Clientes\EMERSON HENRIQUE DO PRADO MARTINS.xlsx
2025-07-08 19:57:40,764 - INFO - ✅ Configurações coletadas
2025-07-08 19:57:40,764 - INFO - ✅ Arquivo confirmado: EMERSON HENRIQUE DO PRADO MARTINS.xlsx
2025-07-08 19:57:42,824 - INFO - Modo selecionado: Preview
2025-07-08 19:57:42,824 - INFO - 🎯 EXECUTANDO COM PREVIEW DIRETO - PDF TEMPORÁRIO
2025-07-08 19:57:43,589 - INFO - df_filtrado final: 0 registros
2025-07-08 19:57:43,667 - INFO - 
Obtendo número do relatório para data 2025-07-20 00:00:00
2025-07-08 19:57:43,667 - INFO - Número do relatório calculado: 1
2025-07-08 19:57:43,667 - INFO - Calculando acumulado para data 2025-07-20 00:00:00
2025-07-08 19:57:43,667 - INFO - Acumulado - registros após filtrar excluídos: 0
2025-07-08 19:57:43,667 - WARNING - Nenhum registro anterior encontrado
2025-07-08 19:57:43,667 - INFO - 🔧 GERANDO PDF TEMPORÁRIO COM ORDENAÇÕES PRESERVADAS
2025-07-08 19:57:43,667 - INFO - 📄 Criando PDF temporário: PREVIEW_EMERSON_HENRIQUE_DO_PRADO_MARTINS_20250708_195743.pdf
2025-07-08 19:57:43,667 - INFO - === INICIANDO ADIÇÃO DO CABEÇALHO ===
2025-07-08 19:57:43,667 - INFO - Tentando carregar logo: C:\Users\Obras\AppData\Local\Temp\_MEI160362\src\logo1.png
2025-07-08 19:57:43,667 - INFO - Logo carregada com sucesso!
2025-07-08 19:57:43,667 - INFO - Criando cabeçalho COM logo
2025-07-08 19:57:43,667 - INFO - Informações do cliente adicionadas com sucesso
2025-07-08 19:57:43,667 - INFO - === CABEÇALHO CONCLUÍDO COM SUCESSO ===
2025-07-08 19:57:43,667 - WARNING - df_filtrado vazio ou sem colunas necessárias para tipo 2
2025-07-08 19:57:43,667 - WARNING - df_filtrado vazio ou sem colunas necessárias para tipo 3
2025-07-08 19:57:43,667 - WARNING - df_filtrado vazio ou sem colunas necessárias para tipo 4
2025-07-08 19:57:43,667 - WARNING - df_filtrado vazio ou sem colunas necessárias para tipo 5
2025-07-08 19:57:43,667 - WARNING - df_filtrado vazio ou sem colunas necessárias para tipo 6
2025-07-08 19:57:43,667 - WARNING - df_filtrado vazio ou sem colunas necessárias para tipo 7
2025-07-08 19:57:43,667 - INFO - Iniciando adição de detalhes ao relatório
2025-07-08 19:57:43,667 - WARNING - df_filtrado está vazio!
2025-07-08 19:57:43,667 - WARNING - df_filtrado vazio ou sem TP_DESP, tentando recuperar...
2025-07-08 19:57:43,683 - INFO - Detalhes adicionados com sucesso
2025-07-08 19:57:43,730 - INFO - ✅ PDF temporário gerado: C:\Users\Obras\AppData\Local\Temp\PREVIEW_EMERSON_HENRIQUE_DO_PRADO_MARTINS_20250708_195743.pdf
2025-07-08 19:57:43,730 - INFO - ✅ PDF temporário válido: 45,225 bytes
2025-07-08 19:57:43,792 - INFO - ✅ Janela de decisão criada
2025-07-08 19:58:00,405 - INFO - 🗑️ PDF temporário agendado para remoção: PREVIEW_EMERSON_HENRIQUE_DO_PRADO_MARTINS_20250708_195743.pdf
2025-07-08 19:58:02,420 - INFO - 🗑️ Arquivo temporário removido: PREVIEW_EMERSON_HENRIQUE_DO_PRADO_MARTINS_20250708_195743.pdf
2025-07-08 19:58:04,076 - INFO - Solicitado retorno ao menu principal
2025-07-08 19:58:04,076 - INFO - Retornando ao menu principal existente
2025-07-08 19:58:04,161 - INFO - Retorno ao menu principal concluído
2025-07-08 19:58:16,906 - INFO - Saída confirmada, finalizando sistema
2025-07-08 19:58:16,946 - INFO - Ação concluída: Gerar relatório
2025-07-08 19:58:16,951 - INFO - Ação concluída: Gerar relatório
2025-07-08 20:14:24,949 - INFO - Carregando clientes de: H:\.shortcut-targets-by-id\195uuohIL_ZKum7lhwu-OzJCH_CGAb97G\Relatórios\Financeiro\Planilhas_Base\clientes.xlsx
2025-07-08 20:14:25,086 - INFO - Colunas disponíveis: ['Nome', 'Endereço', 'Data Inicial', 'Observações', 'Data Final']
2025-07-08 20:14:25,086 - INFO - Coluna de status: Data Final
2025-07-08 20:14:25,088 - INFO - Coluna de nome: Nome
2025-07-08 20:14:25,089 - INFO - Total de clientes ativos encontrados: 14
2025-07-08 20:14:25,089 - INFO - Lista de clientes atualizada com 15 clientes
2025-07-08 20:14:25,116 - INFO - 🎉 SISTEMA INTEGRADO INICIADO COM SUCESSO!
2025-07-08 20:14:25,116 - INFO - Carregando clientes de: H:\.shortcut-targets-by-id\195uuohIL_ZKum7lhwu-OzJCH_CGAb97G\Relatórios\Financeiro\Planilhas_Base\clientes.xlsx
2025-07-08 20:14:25,141 - INFO - Colunas disponíveis: ['Nome', 'Endereço', 'Data Inicial', 'Observações', 'Data Final']
2025-07-08 20:14:25,141 - INFO - Coluna de status: Data Final
2025-07-08 20:14:25,142 - INFO - Coluna de nome: Nome
2025-07-08 20:14:25,143 - INFO - Total de clientes ativos encontrados: 14
2025-07-08 20:14:25,143 - INFO - Lista de clientes carregada com 15 itens
2025-07-08 20:14:26,307 - INFO - Data calculada automaticamente: 20/07/2025
2025-07-08 20:14:26,308 - INFO - Data calculada automaticamente: 20/07/2025
2025-07-08 20:14:30,330 - INFO - Cliente selecionado: EMERSON HENRIQUE DO PRADO MARTINS
2025-07-08 20:14:30,334 - INFO - Arquivo encontrado: H:\.shortcut-targets-by-id\195uuohIL_ZKum7lhwu-OzJCH_CGAb97G\Relatórios\Financeiro\Clientes\EMERSON HENRIQUE DO PRADO MARTINS.xlsx
2025-07-08 20:14:30,341 - INFO - Arquivo encontrado: H:\.shortcut-targets-by-id\195uuohIL_ZKum7lhwu-OzJCH_CGAb97G\Relatórios\Financeiro\Clientes\EMERSON HENRIQUE DO PRADO MARTINS.xlsx
2025-07-08 20:14:32,152 - INFO - 🔍 INICIANDO gerar_relatorio para: despesas
2025-07-08 20:14:32,153 - INFO - 🎯 PROCESSANDO: Relatório de despesas
2025-07-08 20:14:32,153 - INFO - 🎯 PROCESSANDO DESPESAS - ARQUITETURA LIMPA
2025-07-08 20:14:32,154 - INFO - Data final obtida: 2025-07-20 00:00:00 (tipo: <class 'datetime.datetime'>)
2025-07-08 20:14:32,154 - INFO - ✅ Arquivo encontrado em arquivo_cliente_selecionado: H:\.shortcut-targets-by-id\195uuohIL_ZKum7lhwu-OzJCH_CGAb97G\Relatórios\Financeiro\Clientes\EMERSON HENRIQUE DO PRADO MARTINS.xlsx
2025-07-08 20:14:32,154 - INFO - ✅ Arquivo final nas configurações: H:\.shortcut-targets-by-id\195uuohIL_ZKum7lhwu-OzJCH_CGAb97G\Relatórios\Financeiro\Clientes\EMERSON HENRIQUE DO PRADO MARTINS.xlsx
2025-07-08 20:14:32,154 - INFO - ✅ Configurações coletadas
2025-07-08 20:14:32,155 - INFO - ✅ Arquivo confirmado: EMERSON HENRIQUE DO PRADO MARTINS.xlsx
2025-07-08 20:14:34,175 - INFO - Modo selecionado: Preview
2025-07-08 20:14:34,176 - INFO - 🎯 EXECUTANDO COM PREVIEW DIRETO - PDF TEMPORÁRIO
2025-07-08 20:14:34,289 - INFO - df_filtrado final: 0 registros
2025-07-08 20:14:34,374 - INFO - 
Obtendo número do relatório para data 2025-07-20 00:00:00
2025-07-08 20:14:34,374 - INFO - Número do relatório calculado: 1
2025-07-08 20:14:34,374 - INFO - Calculando acumulado para data 2025-07-20 00:00:00
2025-07-08 20:14:34,374 - INFO - Acumulado - registros após filtrar excluídos: 0
2025-07-08 20:14:34,374 - WARNING - Nenhum registro anterior encontrado
2025-07-08 20:14:34,374 - INFO - 🔧 GERANDO PDF TEMPORÁRIO COM ORDENAÇÕES PRESERVADAS
2025-07-08 20:14:34,374 - INFO - 📄 Criando PDF temporário: PREVIEW_EMERSON_HENRIQUE_DO_PRADO_MARTINS_20250708_201434.pdf
2025-07-08 20:14:34,374 - INFO - === INICIANDO ADIÇÃO DO CABEÇALHO ===
2025-07-08 20:14:34,374 - INFO - Tentando carregar logo: C:\Users\Obras\AppData\Local\Temp\_MEI44602\src\logo1.png
2025-07-08 20:14:34,389 - INFO - Logo carregada com sucesso!
2025-07-08 20:14:34,390 - INFO - Criando cabeçalho COM logo
2025-07-08 20:14:34,390 - INFO - Informações do cliente adicionadas com sucesso
2025-07-08 20:14:34,390 - INFO - === CABEÇALHO CONCLUÍDO COM SUCESSO ===
2025-07-08 20:14:34,390 - WARNING - df_filtrado vazio ou sem colunas necessárias para tipo 2
2025-07-08 20:14:34,390 - WARNING - df_filtrado vazio ou sem colunas necessárias para tipo 3
2025-07-08 20:14:34,390 - WARNING - df_filtrado vazio ou sem colunas necessárias para tipo 4
2025-07-08 20:14:34,390 - WARNING - df_filtrado vazio ou sem colunas necessárias para tipo 5
2025-07-08 20:14:34,390 - WARNING - df_filtrado vazio ou sem colunas necessárias para tipo 6
2025-07-08 20:14:34,390 - WARNING - df_filtrado vazio ou sem colunas necessárias para tipo 7
2025-07-08 20:14:34,390 - INFO - Iniciando adição de detalhes ao relatório
2025-07-08 20:14:34,390 - WARNING - df_filtrado está vazio!
2025-07-08 20:14:34,390 - WARNING - df_filtrado vazio ou sem TP_DESP, tentando recuperar...
2025-07-08 20:14:34,390 - INFO - Detalhes adicionados com sucesso
2025-07-08 20:14:34,457 - INFO - ✅ PDF temporário gerado: C:\Users\Obras\AppData\Local\Temp\PREVIEW_EMERSON_HENRIQUE_DO_PRADO_MARTINS_20250708_201434.pdf
2025-07-08 20:14:34,457 - INFO - ✅ PDF temporário válido: 45,225 bytes
2025-07-08 20:14:34,667 - INFO - ✅ Janela de decisão criada
2025-07-08 20:14:42,857 - INFO - 🗑️ PDF temporário agendado para remoção: PREVIEW_EMERSON_HENRIQUE_DO_PRADO_MARTINS_20250708_201434.pdf
2025-07-08 20:14:44,768 - INFO - Solicitado retorno ao menu principal
2025-07-08 20:14:44,769 - INFO - Retornando ao menu principal existente
2025-07-08 20:14:44,847 - INFO - Retorno ao menu principal concluído
2025-07-08 20:14:49,345 - INFO - Saída confirmada, finalizando sistema
2025-07-08 20:14:49,388 - INFO - Ação concluída: Gerar relatório
