2025-10-25 09:02:52,610 - sistema - logger_config - INFO - Sistema de logging inicializado
2025-10-25 09:02:52,612 - sistema_principal - logger_config - INFO - Usuário alterado para: sistema_principal
2025-10-25 09:02:52,614 - sistema_principal - sistema_principal - INFO - Abrindo sistema de relatórios
2025-10-25 09:02:52,924 - sistema_relatorios - logger_config - INFO - Usuário alterado para: sistema_relatorios
2025-10-25 09:02:52,936 - sistema_relatorios - relatorios_interface - INFO - Sistema de relatórios inicializando usando logger configurado
2025-10-25 09:02:52,937 - sistema_relatorios - relatorios_interface - INFO - Configurações de janela importadas com sucesso
2025-10-25 09:02:52,938 - sistema_relatorios - relatorios_interface - INFO - === Sistema de Relatórios Inicializando ===
2025-10-25 09:02:56,029 - sistema_relatorios - relatorios_interface - INFO - Carregando clientes de: C:\Users\Obras\sistema_gestao_testes\testes\Financeiro\Planilhas_Base\clientes.xlsx
2025-10-25 09:02:56,148 - sistema_relatorios - relatorios_interface - INFO - Colunas disponíveis: ['Nome', 'Endereço', 'Data Inicial', 'Observações', 'Data Final', 'Tipo Taxa']
2025-10-25 09:02:56,177 - sistema_relatorios - relatorios_interface - INFO - Coluna de status: Data Final
2025-10-25 09:02:56,198 - sistema_relatorios - relatorios_interface - INFO - Coluna de nome: Nome
2025-10-25 09:02:56,271 - sistema_relatorios - relatorios_interface - INFO - Total de clientes ativos encontrados: 14
2025-10-25 09:02:56,271 - sistema_relatorios - relatorios_interface - INFO - Lista de clientes atualizada com 15 clientes
2025-10-25 09:02:56,359 - sistema_relatorios - relatorios_interface - INFO - Carregando clientes de: C:\Users\Obras\sistema_gestao_testes\testes\Financeiro\Planilhas_Base\clientes.xlsx
2025-10-25 09:02:56,379 - sistema_relatorios - relatorios_interface - INFO - Colunas disponíveis: ['Nome', 'Endereço', 'Data Inicial', 'Observações', 'Data Final', 'Tipo Taxa']
2025-10-25 09:02:56,380 - sistema_relatorios - relatorios_interface - INFO - Coluna de status: Data Final
2025-10-25 09:02:56,383 - sistema_relatorios - relatorios_interface - INFO - Coluna de nome: Nome
2025-10-25 09:02:56,385 - sistema_relatorios - relatorios_interface - INFO - Total de clientes ativos encontrados: 14
2025-10-25 09:02:56,388 - sistema_relatorios - relatorios_interface - INFO - Lista de clientes carregada com 15 itens
2025-10-25 09:02:57,803 - sistema_relatorios - relatorios_interface - INFO - Data calculada automaticamente: 05/11/2025
2025-10-25 09:02:57,803 - sistema_relatorios - relatorios_interface - INFO - Data calculada automaticamente: 05/11/2025
2025-10-25 09:03:03,468 - sistema_relatorios - relatorios_interface - INFO - Cliente selecionado: BRUNO SANTANA RINALDI
2025-10-25 09:03:03,468 - sistema_relatorios - relatorios_interface - INFO - Arquivo encontrado: C:\Users\Obras\sistema_gestao_testes\testes\Financeiro\Clientes\BRUNO SANTANA RINALDI.xlsx
2025-10-25 09:03:03,483 - sistema_relatorios - relatorios_interface - INFO - Arquivo encontrado: C:\Users\Obras\sistema_gestao_testes\testes\Financeiro\Clientes\BRUNO SANTANA RINALDI.xlsx
2025-10-25 09:03:30,255 - sistema_relatorios - relatorios_interface - INFO - Notas salvas: 51 caracteres
2025-10-25 09:03:32,542 - sistema_relatorios - relatorios_interface - INFO - 🔍 INICIANDO gerar_relatorio para: despesas
2025-10-25 09:03:32,542 - sistema_relatorios - relatorios_interface - INFO - 🎯 PROCESSANDO: Relatório de despesas
2025-10-25 09:03:32,542 - sistema_relatorios - relatorios_interface - INFO - 🎯 PROCESSANDO DESPESAS - ARQUITETURA LIMPA
2025-10-25 09:03:32,542 - sistema_relatorios - relatorios_interface - INFO - Data final obtida: 2025-11-05 00:00:00 (tipo: <class 'datetime.datetime'>)
2025-10-25 09:03:32,542 - sistema_relatorios - relatorios_interface - INFO - ✅ Arquivo encontrado em arquivo_cliente_selecionado: C:\Users\Obras\sistema_gestao_testes\testes\Financeiro\Clientes\BRUNO SANTANA RINALDI.xlsx
2025-10-25 09:03:32,542 - sistema_relatorios - relatorios_interface - INFO - ✅ Arquivo final nas configurações: C:\Users\Obras\sistema_gestao_testes\testes\Financeiro\Clientes\BRUNO SANTANA RINALDI.xlsx
2025-10-25 09:03:32,542 - sistema_relatorios - relatorios_interface - INFO - ✅ Configurações coletadas
2025-10-25 09:03:32,558 - sistema_relatorios - relatorios_interface - INFO - ✅ Arquivo confirmado: BRUNO SANTANA RINALDI.xlsx
2025-10-25 09:03:34,204 - sistema_relatorios - relatorios_interface - INFO - Modo selecionado: Preview
2025-10-25 09:03:34,205 - sistema_relatorios - relatorios_interface - INFO - 🎯 EXECUTANDO COM PREVIEW DIRETO - PDF TEMPORÁRIO
2025-10-25 09:03:35,276 - sistema_relatorios - relatorios_interface - INFO - ✅ Janela de decisão criada
2025-10-25 09:04:00,321 - sistema_relatorios - relatorios_interface - INFO - 🗑️ PDF temporário agendado para remoção: PREVIEW_BRUNO_SANTANA_RINALDI_20251025_090334.pdf
2025-10-25 09:04:01,585 - sistema_relatorios - relatorios_interface - INFO - Solicitado retorno ao menu principal
2025-10-25 09:04:01,585 - sistema_relatorios - relatorios_interface - INFO - Retornando ao menu principal existente
2025-10-25 09:04:01,704 - sistema_relatorios - relatorios_interface - INFO - Retorno ao menu principal concluído
2025-10-25 09:07:46,147 - sistema - logger_config - INFO - Sistema de logging inicializado
2025-10-25 09:07:46,148 - sistema_principal - logger_config - INFO - Usuário alterado para: sistema_principal
2025-10-25 09:07:46,148 - sistema_principal - sistema_principal - INFO - Abrindo sistema de relatórios
2025-10-25 09:07:46,268 - sistema_relatorios - logger_config - INFO - Usuário alterado para: sistema_relatorios
2025-10-25 09:07:46,268 - sistema_relatorios - relatorios_interface - INFO - Sistema de relatórios inicializando usando logger configurado
2025-10-25 09:07:46,268 - sistema_relatorios - relatorios_interface - INFO - Configurações de janela importadas com sucesso
2025-10-25 09:07:46,268 - sistema_relatorios - relatorios_interface - INFO - === Sistema de Relatórios Inicializando ===
2025-10-25 09:07:48,011 - sistema_relatorios - relatorios_interface - INFO - Carregando clientes de: C:\Users\Obras\sistema_gestao_testes\testes\Financeiro\Planilhas_Base\clientes.xlsx
2025-10-25 09:07:48,067 - sistema_relatorios - relatorios_interface - INFO - Colunas disponíveis: ['Nome', 'Endereço', 'Data Inicial', 'Observações', 'Data Final', 'Tipo Taxa']
2025-10-25 09:07:48,067 - sistema_relatorios - relatorios_interface - INFO - Coluna de status: Data Final
2025-10-25 09:07:48,067 - sistema_relatorios - relatorios_interface - INFO - Coluna de nome: Nome
2025-10-25 09:07:48,067 - sistema_relatorios - relatorios_interface - INFO - Total de clientes ativos encontrados: 14
2025-10-25 09:07:48,067 - sistema_relatorios - relatorios_interface - INFO - Lista de clientes atualizada com 15 clientes
2025-10-25 09:07:48,111 - sistema_relatorios - relatorios_interface - INFO - Carregando clientes de: C:\Users\Obras\sistema_gestao_testes\testes\Financeiro\Planilhas_Base\clientes.xlsx
2025-10-25 09:07:48,127 - sistema_relatorios - relatorios_interface - INFO - Colunas disponíveis: ['Nome', 'Endereço', 'Data Inicial', 'Observações', 'Data Final', 'Tipo Taxa']
2025-10-25 09:07:48,127 - sistema_relatorios - relatorios_interface - INFO - Coluna de status: Data Final
2025-10-25 09:07:48,135 - sistema_relatorios - relatorios_interface - INFO - Coluna de nome: Nome
2025-10-25 09:07:48,135 - sistema_relatorios - relatorios_interface - INFO - Total de clientes ativos encontrados: 14
2025-10-25 09:07:48,135 - sistema_relatorios - relatorios_interface - INFO - Lista de clientes carregada com 15 itens
2025-10-25 09:07:49,609 - sistema_relatorios - relatorios_interface - INFO - Data calculada automaticamente: 05/11/2025
2025-10-25 09:07:49,609 - sistema_relatorios - relatorios_interface - INFO - Data calculada automaticamente: 05/11/2025
2025-10-25 09:08:14,555 - sistema_relatorios - relatorios_interface - INFO - Cliente selecionado: SERGIO LUCIO PEREIRA
2025-10-25 09:08:14,555 - sistema_relatorios - relatorios_interface - INFO - Arquivo encontrado: C:\Users\Obras\sistema_gestao_testes\testes\Financeiro\Clientes\SERGIO LUCIO PEREIRA.xlsx
2025-10-25 09:08:14,574 - sistema_relatorios - relatorios_interface - INFO - Arquivo encontrado: C:\Users\Obras\sistema_gestao_testes\testes\Financeiro\Clientes\SERGIO LUCIO PEREIRA.xlsx
2025-10-25 09:08:24,026 - sistema_relatorios - relatorios_interface - INFO - Modo manual ativado
2025-10-25 09:08:48,136 - sistema_relatorios - relatorios_interface - INFO - Notas salvas: 38 caracteres
2025-10-25 09:08:50,953 - sistema_relatorios - relatorios_interface - INFO - 🔍 INICIANDO gerar_relatorio para: despesas
2025-10-25 09:08:50,953 - sistema_relatorios - relatorios_interface - INFO - 🎯 PROCESSANDO: Relatório de despesas
2025-10-25 09:08:50,953 - sistema_relatorios - relatorios_interface - INFO - 🎯 PROCESSANDO DESPESAS - ARQUITETURA LIMPA
2025-10-25 09:08:50,953 - sistema_relatorios - relatorios_interface - INFO - Data final obtida: 2025-10-20 00:00:00 (tipo: <class 'datetime.datetime'>)
2025-10-25 09:08:50,953 - sistema_relatorios - relatorios_interface - INFO - ✅ Arquivo encontrado em arquivo_cliente_selecionado: C:\Users\Obras\sistema_gestao_testes\testes\Financeiro\Clientes\SERGIO LUCIO PEREIRA.xlsx
2025-10-25 09:08:50,953 - sistema_relatorios - relatorios_interface - INFO - ✅ Arquivo final nas configurações: C:\Users\Obras\sistema_gestao_testes\testes\Financeiro\Clientes\SERGIO LUCIO PEREIRA.xlsx
2025-10-25 09:08:50,968 - sistema_relatorios - relatorios_interface - INFO - ✅ Configurações coletadas
2025-10-25 09:08:50,969 - sistema_relatorios - relatorios_interface - INFO - ✅ Arquivo confirmado: SERGIO LUCIO PEREIRA.xlsx
2025-10-25 09:08:53,073 - sistema_relatorios - relatorios_interface - INFO - Modo selecionado: Preview
2025-10-25 09:08:53,089 - sistema_relatorios - relatorios_interface - INFO - 🎯 EXECUTANDO COM PREVIEW DIRETO - PDF TEMPORÁRIO
2025-10-25 09:08:55,026 - sistema_relatorios - relatorios_interface - INFO - ✅ Janela de decisão criada
2025-10-25 09:10:04,723 - sistema_relatorios - relatorios_interface - INFO - 🗑️ PDF temporário agendado para remoção: PREVIEW_SERGIO_LUCIO_PEREIRA_20251025_090854.pdf
2025-10-25 09:10:06,738 - sistema_relatorios - relatorios_interface - INFO - 🗑️ Arquivo temporário removido: PREVIEW_SERGIO_LUCIO_PEREIRA_20251025_090854.pdf
2025-10-25 09:11:45,054 - sistema - logger_config - INFO - Sistema de logging inicializado
2025-10-25 09:11:46,559 - sistema - logger_config - INFO - Iniciando: Carregar configurações
2025-10-25 09:11:46,582 - sistema - logger_config - INFO - Concluído: Carregar configurações
2025-10-25 09:11:46,596 - sistema - logger_config - INFO - Iniciando: Carregar configurações
2025-10-25 09:11:46,596 - sistema - logger_config - INFO - Concluído: Carregar configurações
2025-10-25 09:11:46,599 - sistema - Sistema_Entrada_Dados - INFO - Proteções contra perda de dados configuradas
2025-10-25 09:11:50,774 - sistema - Sistema_Entrada_Dados - INFO - Cliente selecionado com sucesso: BRUNO SANTANA RINALDI
2025-10-25 09:13:11,898 - sistema_principal - logger_config - INFO - Usuário alterado para: sistema_principal
2025-10-25 09:13:11,898 - sistema_principal - sistema_principal - INFO - Abrindo sistema de relatórios
2025-10-25 09:13:12,051 - sistema_relatorios - logger_config - INFO - Usuário alterado para: sistema_relatorios
2025-10-25 09:13:12,052 - sistema_relatorios - relatorios_interface - INFO - Sistema de relatórios inicializando usando logger configurado
2025-10-25 09:13:12,053 - sistema_relatorios - relatorios_interface - INFO - Configurações de janela importadas com sucesso
2025-10-25 09:13:12,054 - sistema_relatorios - relatorios_interface - INFO - === Sistema de Relatórios Inicializando ===
2025-10-25 09:13:12,505 - sistema_relatorios - relatorios_interface - INFO - Carregando clientes de: C:\Users\Obras\sistema_gestao_testes\testes\Financeiro\Planilhas_Base\clientes.xlsx
2025-10-25 09:13:12,530 - sistema_relatorios - relatorios_interface - INFO - Colunas disponíveis: ['Nome', 'Endereço', 'Data Inicial', 'Observações', 'Data Final', 'Tipo Taxa']
2025-10-25 09:13:12,532 - sistema_relatorios - relatorios_interface - INFO - Coluna de status: Data Final
2025-10-25 09:13:12,534 - sistema_relatorios - relatorios_interface - INFO - Coluna de nome: Nome
2025-10-25 09:13:12,535 - sistema_relatorios - relatorios_interface - INFO - Total de clientes ativos encontrados: 14
2025-10-25 09:13:12,536 - sistema_relatorios - relatorios_interface - INFO - Lista de clientes atualizada com 15 clientes
2025-10-25 09:13:12,565 - sistema_relatorios - relatorios_interface - INFO - Carregando clientes de: C:\Users\Obras\sistema_gestao_testes\testes\Financeiro\Planilhas_Base\clientes.xlsx
2025-10-25 09:13:12,586 - sistema_relatorios - relatorios_interface - INFO - Colunas disponíveis: ['Nome', 'Endereço', 'Data Inicial', 'Observações', 'Data Final', 'Tipo Taxa']
2025-10-25 09:13:12,586 - sistema_relatorios - relatorios_interface - INFO - Coluna de status: Data Final
2025-10-25 09:13:12,588 - sistema_relatorios - relatorios_interface - INFO - Coluna de nome: Nome
2025-10-25 09:13:12,589 - sistema_relatorios - relatorios_interface - INFO - Total de clientes ativos encontrados: 14
2025-10-25 09:13:12,590 - sistema_relatorios - relatorios_interface - INFO - Lista de clientes carregada com 15 itens
2025-10-25 09:13:13,898 - sistema_relatorios - relatorios_interface - INFO - Data calculada automaticamente: 05/11/2025
2025-10-25 09:13:21,605 - sistema_relatorios - relatorios_interface - INFO - Modo manual ativado
2025-10-25 09:13:45,704 - sistema_relatorios - relatorios_interface - INFO - Solicitado retorno ao menu principal
2025-10-25 09:13:45,704 - sistema_relatorios - relatorios_interface - INFO - Retornando ao menu principal existente
2025-10-25 09:13:45,787 - sistema_relatorios - relatorios_interface - INFO - Retorno ao menu principal concluído
2025-10-25 09:15:32,663 - sistema - logger_config - INFO - Sistema de logging inicializado
2025-10-25 09:15:32,664 - sistema_principal - logger_config - INFO - Usuário alterado para: sistema_principal
2025-10-25 09:15:32,665 - sistema_principal - sistema_principal - INFO - Abrindo sistema de relatórios
2025-10-25 09:15:32,843 - sistema_relatorios - logger_config - INFO - Usuário alterado para: sistema_relatorios
2025-10-25 09:15:32,843 - sistema_relatorios - relatorios_interface - INFO - Sistema de relatórios inicializando usando logger configurado
2025-10-25 09:15:32,843 - sistema_relatorios - relatorios_interface - INFO - Configurações de janela importadas com sucesso
2025-10-25 09:15:32,843 - sistema_relatorios - relatorios_interface - INFO - === Sistema de Relatórios Inicializando ===
2025-10-25 09:15:34,372 - sistema_relatorios - relatorios_interface - INFO - Carregando clientes de: C:\Users\Obras\sistema_gestao_testes\testes\Financeiro\Planilhas_Base\clientes.xlsx
2025-10-25 09:15:34,410 - sistema_relatorios - relatorios_interface - INFO - Colunas disponíveis: ['Nome', 'Endereço', 'Data Inicial', 'Observações', 'Data Final', 'Tipo Taxa']
2025-10-25 09:15:34,410 - sistema_relatorios - relatorios_interface - INFO - Coluna de status: Data Final
2025-10-25 09:15:34,427 - sistema_relatorios - relatorios_interface - INFO - Coluna de nome: Nome
2025-10-25 09:15:34,427 - sistema_relatorios - relatorios_interface - INFO - Total de clientes ativos encontrados: 14
2025-10-25 09:15:34,427 - sistema_relatorios - relatorios_interface - INFO - Lista de clientes atualizada com 15 clientes
2025-10-25 09:15:34,463 - sistema_relatorios - relatorios_interface - INFO - Carregando clientes de: C:\Users\Obras\sistema_gestao_testes\testes\Financeiro\Planilhas_Base\clientes.xlsx
2025-10-25 09:15:34,480 - sistema_relatorios - relatorios_interface - INFO - Colunas disponíveis: ['Nome', 'Endereço', 'Data Inicial', 'Observações', 'Data Final', 'Tipo Taxa']
2025-10-25 09:15:34,481 - sistema_relatorios - relatorios_interface - INFO - Coluna de status: Data Final
2025-10-25 09:15:34,483 - sistema_relatorios - relatorios_interface - INFO - Coluna de nome: Nome
2025-10-25 09:15:34,484 - sistema_relatorios - relatorios_interface - INFO - Total de clientes ativos encontrados: 14
2025-10-25 09:15:34,484 - sistema_relatorios - relatorios_interface - INFO - Lista de clientes carregada com 15 itens
2025-10-25 09:15:35,543 - sistema_relatorios - relatorios_interface - INFO - Data calculada automaticamente: 05/11/2025
2025-10-25 09:15:48,978 - sistema_relatorios - relatorios_interface - INFO - Solicitado retorno ao menu principal
2025-10-25 09:15:48,978 - sistema_relatorios - relatorios_interface - INFO - Retornando ao menu principal existente
2025-10-25 09:15:49,055 - sistema_relatorios - relatorios_interface - INFO - Retorno ao menu principal concluído
2025-10-25 09:18:24,363 - sistema - logger_config - INFO - Sistema de logging inicializado
2025-10-25 09:18:24,364 - sistema_principal - logger_config - INFO - Usuário alterado para: sistema_principal
2025-10-25 09:18:24,365 - sistema_principal - sistema_principal - INFO - Abrindo sistema de relatórios
2025-10-25 09:18:24,555 - sistema_relatorios - logger_config - INFO - Usuário alterado para: sistema_relatorios
2025-10-25 09:18:24,555 - sistema_relatorios - relatorios_interface - INFO - Sistema de relatórios inicializando usando logger configurado
2025-10-25 09:18:24,556 - sistema_relatorios - relatorios_interface - INFO - Configurações de janela importadas com sucesso
2025-10-25 09:18:24,556 - sistema_relatorios - relatorios_interface - INFO - === Sistema de Relatórios Inicializando ===
2025-10-25 09:18:26,052 - sistema_relatorios - relatorios_interface - INFO - Carregando clientes de: C:\Users\Obras\sistema_gestao_testes\testes\Financeiro\Planilhas_Base\clientes.xlsx
2025-10-25 09:18:26,097 - sistema_relatorios - relatorios_interface - INFO - Colunas disponíveis: ['Nome', 'Endereço', 'Data Inicial', 'Observações', 'Data Final', 'Tipo Taxa']
2025-10-25 09:18:26,109 - sistema_relatorios - relatorios_interface - INFO - Coluna de status: Data Final
2025-10-25 09:18:26,109 - sistema_relatorios - relatorios_interface - INFO - Coluna de nome: Nome
2025-10-25 09:18:26,109 - sistema_relatorios - relatorios_interface - INFO - Total de clientes ativos encontrados: 14
2025-10-25 09:18:26,114 - sistema_relatorios - relatorios_interface - INFO - Lista de clientes atualizada com 15 clientes
2025-10-25 09:18:26,143 - sistema_relatorios - relatorios_interface - INFO - Carregando clientes de: C:\Users\Obras\sistema_gestao_testes\testes\Financeiro\Planilhas_Base\clientes.xlsx
2025-10-25 09:18:26,157 - sistema_relatorios - relatorios_interface - INFO - Colunas disponíveis: ['Nome', 'Endereço', 'Data Inicial', 'Observações', 'Data Final', 'Tipo Taxa']
2025-10-25 09:18:26,160 - sistema_relatorios - relatorios_interface - INFO - Coluna de status: Data Final
2025-10-25 09:18:26,160 - sistema_relatorios - relatorios_interface - INFO - Coluna de nome: Nome
2025-10-25 09:18:26,165 - sistema_relatorios - relatorios_interface - INFO - Total de clientes ativos encontrados: 14
2025-10-25 09:18:26,165 - sistema_relatorios - relatorios_interface - INFO - Lista de clientes carregada com 15 itens
2025-10-25 09:18:27,430 - sistema_relatorios - relatorios_interface - INFO - Data calculada automaticamente: 05/11/2025
2025-10-25 09:18:27,430 - sistema_relatorios - relatorios_interface - INFO - Data calculada automaticamente: 05/11/2025
2025-10-25 09:18:54,727 - sistema_relatorios - relatorios_interface - INFO - Notas salvas: 8 caracteres
2025-10-25 09:19:25,700 - sistema_relatorios - relatorios_interface - INFO - Cliente selecionado: BRUNO SANTANA RINALDI
2025-10-25 09:19:25,700 - sistema_relatorios - relatorios_interface - INFO - Arquivo encontrado: C:\Users\Obras\sistema_gestao_testes\testes\Financeiro\Clientes\BRUNO SANTANA RINALDI.xlsx
2025-10-25 09:19:25,715 - sistema_relatorios - relatorios_interface - INFO - Arquivo encontrado: C:\Users\Obras\sistema_gestao_testes\testes\Financeiro\Clientes\BRUNO SANTANA RINALDI.xlsx
2025-10-25 09:19:31,760 - sistema_relatorios - relatorios_interface - INFO - 🔍 INICIANDO gerar_relatorio para: despesas
2025-10-25 09:19:31,760 - sistema_relatorios - relatorios_interface - INFO - 🎯 PROCESSANDO: Relatório de despesas
2025-10-25 09:19:31,760 - sistema_relatorios - relatorios_interface - INFO - 🎯 PROCESSANDO DESPESAS - ARQUITETURA LIMPA
2025-10-25 09:19:31,760 - sistema_relatorios - relatorios_interface - INFO - Data final obtida: 2025-11-05 00:00:00 (tipo: <class 'datetime.datetime'>)
2025-10-25 09:19:31,760 - sistema_relatorios - relatorios_interface - INFO - ✅ Arquivo encontrado em arquivo_cliente_selecionado: C:\Users\Obras\sistema_gestao_testes\testes\Financeiro\Clientes\BRUNO SANTANA RINALDI.xlsx
2025-10-25 09:19:31,760 - sistema_relatorios - relatorios_interface - INFO - ✅ Arquivo final nas configurações: C:\Users\Obras\sistema_gestao_testes\testes\Financeiro\Clientes\BRUNO SANTANA RINALDI.xlsx
2025-10-25 09:19:31,760 - sistema_relatorios - relatorios_interface - INFO - ✅ Configurações coletadas
2025-10-25 09:19:31,776 - sistema_relatorios - relatorios_interface - INFO - ✅ Arquivo confirmado: BRUNO SANTANA RINALDI.xlsx
2025-10-25 09:19:33,784 - sistema_relatorios - relatorios_interface - INFO - Modo selecionado: Preview
2025-10-25 09:19:33,793 - sistema_relatorios - relatorios_interface - INFO - 🎯 EXECUTANDO COM PREVIEW DIRETO - PDF TEMPORÁRIO
2025-10-25 09:19:34,895 - sistema_relatorios - relatorios_interface - INFO - ✅ Janela de decisão criada
2025-10-25 09:20:59,488 - sistema_relatorios - relatorios_interface - INFO - 🗑️ PDF temporário agendado para remoção: PREVIEW_BRUNO_SANTANA_RINALDI_20251025_091934.pdf
2025-10-25 09:21:00,858 - sistema_relatorios - relatorios_interface - INFO - 🔍 INICIANDO gerar_relatorio para: despesas
2025-10-25 09:21:00,874 - sistema_relatorios - relatorios_interface - INFO - 🎯 PROCESSANDO: Relatório de despesas
2025-10-25 09:21:00,874 - sistema_relatorios - relatorios_interface - INFO - 🎯 PROCESSANDO DESPESAS - ARQUITETURA LIMPA
2025-10-25 09:21:00,874 - sistema_relatorios - relatorios_interface - INFO - Data final obtida: 2025-11-05 00:00:00 (tipo: <class 'datetime.datetime'>)
2025-10-25 09:21:00,874 - sistema_relatorios - relatorios_interface - INFO - ✅ Arquivo encontrado em arquivo_cliente_selecionado: C:\Users\Obras\sistema_gestao_testes\testes\Financeiro\Clientes\BRUNO SANTANA RINALDI.xlsx
2025-10-25 09:21:00,874 - sistema_relatorios - relatorios_interface - INFO - ✅ Arquivo final nas configurações: C:\Users\Obras\sistema_gestao_testes\testes\Financeiro\Clientes\BRUNO SANTANA RINALDI.xlsx
2025-10-25 09:21:00,874 - sistema_relatorios - relatorios_interface - INFO - ✅ Configurações coletadas
2025-10-25 09:21:00,874 - sistema_relatorios - relatorios_interface - INFO - ✅ Arquivo confirmado: BRUNO SANTANA RINALDI.xlsx
2025-10-25 09:21:01,506 - sistema_relatorios - relatorios_interface - INFO - 🗑️ Arquivo temporário removido: PREVIEW_BRUNO_SANTANA_RINALDI_20251025_091934.pdf
2025-10-25 09:21:04,048 - sistema_relatorios - relatorios_interface - INFO - Modo selecionado: Preview
2025-10-25 09:21:04,048 - sistema_relatorios - relatorios_interface - INFO - 🎯 EXECUTANDO COM PREVIEW DIRETO - PDF TEMPORÁRIO
2025-10-25 09:21:04,927 - sistema_relatorios - relatorios_interface - INFO - ✅ Janela de decisão criada
2025-10-25 09:21:40,832 - sistema_relatorios - relatorios_interface - ERROR - Erro ao atualizar progresso: 'Toplevel' object has no attribute 'percent_label'
2025-10-25 09:21:41,004 - sistema_relatorios - relatorios_interface - INFO - 🗑️ PDF temporário agendado para remoção: PREVIEW_BRUNO_SANTANA_RINALDI_20251025_092104.pdf
2025-10-25 09:21:43,010 - sistema_relatorios - relatorios_interface - WARNING - Aviso: Não foi possível remover arquivo temporário: [WinError 32] O arquivo já está sendo usado por outro processo: 'C:\\Users\\Obras\\AppData\\Local\\Temp\\PREVIEW_BRUNO_SANTANA_RINALDI_20251025_092104.pdf'
2025-10-25 09:21:52,472 - sistema_relatorios - relatorios_interface - INFO - Solicitado retorno ao menu principal
2025-10-25 09:21:52,472 - sistema_relatorios - relatorios_interface - INFO - Retornando ao menu principal existente
2025-10-25 09:21:52,547 - sistema_relatorios - relatorios_interface - INFO - Retorno ao menu principal concluído
2025-10-25 09:23:33,277 - sistema - logger_config - INFO - Sistema de logging inicializado
2025-10-25 09:23:35,115 - sistema - logger_config - INFO - Iniciando: Carregar configurações
2025-10-25 09:23:35,115 - sistema - logger_config - INFO - Concluído: Carregar configurações
2025-10-25 09:23:35,115 - sistema - logger_config - INFO - Iniciando: Carregar configurações
2025-10-25 09:23:35,115 - sistema - logger_config - INFO - Concluído: Carregar configurações
2025-10-25 09:23:35,129 - sistema - Sistema_Entrada_Dados - INFO - Proteções contra perda de dados configuradas
2025-10-25 09:23:38,735 - sistema - Sistema_Entrada_Dados - INFO - Cliente selecionado com sucesso: EDIGAR BATISTA FERREIRA
2025-10-25 09:24:10,408 - sistema - Sistema_Entrada_Dados - INFO - Cliente selecionado com sucesso: SERGIO LUCIO PEREIRA
2025-10-25 09:24:50,027 - sistema - Sistema_Entrada_Dados - INFO - Cliente selecionado com sucesso: CLEVER LUIZ SALVADOR
2025-10-25 09:25:07,089 - sistema_principal - logger_config - INFO - Usuário alterado para: sistema_principal
2025-10-25 09:25:07,090 - sistema_principal - sistema_principal - INFO - Abrindo sistema de relatórios
2025-10-25 09:25:07,127 - sistema_relatorios - logger_config - INFO - Usuário alterado para: sistema_relatorios
2025-10-25 09:25:07,135 - sistema_relatorios - relatorios_interface - INFO - Sistema de relatórios inicializando usando logger configurado
2025-10-25 09:25:07,136 - sistema_relatorios - relatorios_interface - INFO - Configurações de janela importadas com sucesso
2025-10-25 09:25:07,138 - sistema_relatorios - relatorios_interface - INFO - === Sistema de Relatórios Inicializando ===
2025-10-25 09:25:07,507 - sistema_relatorios - relatorios_interface - INFO - Carregando clientes de: C:\Users\Obras\sistema_gestao_testes\testes\Financeiro\Planilhas_Base\clientes.xlsx
2025-10-25 09:25:07,529 - sistema_relatorios - relatorios_interface - INFO - Colunas disponíveis: ['Nome', 'Endereço', 'Data Inicial', 'Observações', 'Data Final', 'Tipo Taxa']
2025-10-25 09:25:07,529 - sistema_relatorios - relatorios_interface - INFO - Coluna de status: Data Final
2025-10-25 09:25:07,534 - sistema_relatorios - relatorios_interface - INFO - Coluna de nome: Nome
2025-10-25 09:25:07,535 - sistema_relatorios - relatorios_interface - INFO - Total de clientes ativos encontrados: 14
2025-10-25 09:25:07,536 - sistema_relatorios - relatorios_interface - INFO - Lista de clientes atualizada com 15 clientes
2025-10-25 09:25:07,573 - sistema_relatorios - relatorios_interface - INFO - Carregando clientes de: C:\Users\Obras\sistema_gestao_testes\testes\Financeiro\Planilhas_Base\clientes.xlsx
2025-10-25 09:25:07,592 - sistema_relatorios - relatorios_interface - INFO - Colunas disponíveis: ['Nome', 'Endereço', 'Data Inicial', 'Observações', 'Data Final', 'Tipo Taxa']
2025-10-25 09:25:07,593 - sistema_relatorios - relatorios_interface - INFO - Coluna de status: Data Final
2025-10-25 09:25:07,595 - sistema_relatorios - relatorios_interface - INFO - Coluna de nome: Nome
2025-10-25 09:25:07,595 - sistema_relatorios - relatorios_interface - INFO - Total de clientes ativos encontrados: 14
2025-10-25 09:25:07,595 - sistema_relatorios - relatorios_interface - INFO - Lista de clientes carregada com 15 itens
2025-10-25 09:25:09,108 - sistema_relatorios - relatorios_interface - INFO - Data calculada automaticamente: 05/11/2025
2025-10-25 09:25:09,108 - sistema_relatorios - relatorios_interface - INFO - Data calculada automaticamente: 05/11/2025
2025-10-25 09:25:24,486 - sistema_relatorios - relatorios_interface - INFO - Cliente selecionado: CLEVER LUIZ SALVADOR
2025-10-25 09:25:24,486 - sistema_relatorios - relatorios_interface - INFO - Arquivo encontrado: C:\Users\Obras\sistema_gestao_testes\testes\Financeiro\Clientes\CLEVER LUIZ SALVADOR.xlsx
2025-10-25 09:25:24,486 - sistema_relatorios - relatorios_interface - INFO - Arquivo encontrado: C:\Users\Obras\sistema_gestao_testes\testes\Financeiro\Clientes\CLEVER LUIZ SALVADOR.xlsx
2025-10-25 09:25:26,289 - sistema_relatorios - relatorios_interface - INFO - Modo manual ativado
2025-10-25 09:25:33,364 - sistema_relatorios - relatorios_interface - INFO - Data calculada automaticamente: 05/11/2025
2025-10-25 09:26:27,144 - sistema_relatorios - relatorios_interface - INFO - Notas salvas: 263 caracteres
2025-10-25 09:26:40,658 - sistema_relatorios - relatorios_interface - INFO - Data final obtida: 2025-10-20 00:00:00 (tipo: <class 'datetime.datetime'>)
2025-10-25 09:26:40,658 - sistema_relatorios - relatorios_interface - INFO - ✅ Arquivo encontrado em arquivo_cliente_selecionado: C:\Users\Obras\sistema_gestao_testes\testes\Financeiro\Clientes\CLEVER LUIZ SALVADOR.xlsx
2025-10-25 09:26:40,658 - sistema_relatorios - relatorios_interface - INFO - ✅ Arquivo final nas configurações: C:\Users\Obras\sistema_gestao_testes\testes\Financeiro\Clientes\CLEVER LUIZ SALVADOR.xlsx
2025-10-25 09:26:57,065 - sistema_relatorios - relatorios_interface - INFO - 🔍 INICIANDO gerar_relatorio para: despesas
2025-10-25 09:26:57,065 - sistema_relatorios - relatorios_interface - INFO - 🎯 PROCESSANDO: Relatório de despesas
2025-10-25 09:26:57,065 - sistema_relatorios - relatorios_interface - INFO - 🎯 PROCESSANDO DESPESAS - ARQUITETURA LIMPA
2025-10-25 09:26:57,065 - sistema_relatorios - relatorios_interface - INFO - Data final obtida: 2025-10-20 00:00:00 (tipo: <class 'datetime.datetime'>)
2025-10-25 09:26:57,065 - sistema_relatorios - relatorios_interface - INFO - ✅ Arquivo encontrado em arquivo_cliente_selecionado: C:\Users\Obras\sistema_gestao_testes\testes\Financeiro\Clientes\CLEVER LUIZ SALVADOR.xlsx
2025-10-25 09:26:57,065 - sistema_relatorios - relatorios_interface - INFO - ✅ Arquivo final nas configurações: C:\Users\Obras\sistema_gestao_testes\testes\Financeiro\Clientes\CLEVER LUIZ SALVADOR.xlsx
2025-10-25 09:26:57,080 - sistema_relatorios - relatorios_interface - INFO - ✅ Configurações coletadas
2025-10-25 09:26:57,080 - sistema_relatorios - relatorios_interface - INFO - ✅ Arquivo confirmado: CLEVER LUIZ SALVADOR.xlsx
2025-10-25 09:26:58,896 - sistema_relatorios - relatorios_interface - INFO - Modo selecionado: Preview
2025-10-25 09:26:58,896 - sistema_relatorios - relatorios_interface - INFO - 🎯 EXECUTANDO COM PREVIEW DIRETO - PDF TEMPORÁRIO
2025-10-25 09:27:00,314 - sistema_relatorios - relatorios_interface - INFO - ✅ Janela de decisão criada
2025-10-25 09:27:22,349 - sistema_relatorios - relatorios_interface - ERROR - Erro ao atualizar progresso: 'Toplevel' object has no attribute 'percent_label'
2025-10-25 09:27:22,689 - sistema_relatorios - relatorios_interface - INFO - 🗑️ PDF temporário agendado para remoção: PREVIEW_CLEVER_LUIZ_SALVADOR_20251025_092659.pdf
2025-10-25 09:27:24,692 - sistema_relatorios - relatorios_interface - WARNING - Aviso: Não foi possível remover arquivo temporário: [WinError 32] O arquivo já está sendo usado por outro processo: 'C:\\Users\\Obras\\AppData\\Local\\Temp\\PREVIEW_CLEVER_LUIZ_SALVADOR_20251025_092659.pdf'
2025-10-25 09:51:15,963 - sistema - logger_config - INFO - Sistema de logging inicializado
2025-10-25 09:51:15,963 - sistema_principal - logger_config - INFO - Usuário alterado para: sistema_principal
2025-10-25 09:51:15,965 - sistema_principal - sistema_principal - INFO - Abrindo sistema de relatórios
2025-10-25 09:51:16,083 - sistema_relatorios - logger_config - INFO - Usuário alterado para: sistema_relatorios
2025-10-25 09:51:16,085 - sistema_relatorios - relatorios_interface - INFO - Sistema de relatórios inicializando usando logger configurado
2025-10-25 09:51:16,085 - sistema_relatorios - relatorios_interface - INFO - Configurações de janela importadas com sucesso
2025-10-25 09:51:16,085 - sistema_relatorios - relatorios_interface - INFO - === Sistema de Relatórios Inicializando ===
2025-10-25 09:51:17,791 - sistema_relatorios - relatorios_interface - INFO - Carregando clientes de: C:\Users\Obras\sistema_gestao_testes\testes\Financeiro\Planilhas_Base\clientes.xlsx
2025-10-25 09:51:17,833 - sistema_relatorios - relatorios_interface - INFO - Colunas disponíveis: ['Nome', 'Endereço', 'Data Inicial', 'Observações', 'Data Final', 'Tipo Taxa']
2025-10-25 09:51:17,833 - sistema_relatorios - relatorios_interface - INFO - Coluna de status: Data Final
2025-10-25 09:51:17,833 - sistema_relatorios - relatorios_interface - INFO - Coluna de nome: Nome
2025-10-25 09:51:17,833 - sistema_relatorios - relatorios_interface - INFO - Total de clientes ativos encontrados: 14
2025-10-25 09:51:17,833 - sistema_relatorios - relatorios_interface - INFO - Lista de clientes atualizada com 15 clientes
2025-10-25 09:51:17,877 - sistema_relatorios - relatorios_interface - INFO - Carregando clientes de: C:\Users\Obras\sistema_gestao_testes\testes\Financeiro\Planilhas_Base\clientes.xlsx
2025-10-25 09:51:17,886 - sistema_relatorios - relatorios_interface - INFO - Colunas disponíveis: ['Nome', 'Endereço', 'Data Inicial', 'Observações', 'Data Final', 'Tipo Taxa']
2025-10-25 09:51:17,886 - sistema_relatorios - relatorios_interface - INFO - Coluna de status: Data Final
2025-10-25 09:51:17,900 - sistema_relatorios - relatorios_interface - INFO - Coluna de nome: Nome
2025-10-25 09:51:17,901 - sistema_relatorios - relatorios_interface - INFO - Total de clientes ativos encontrados: 14
2025-10-25 09:51:17,903 - sistema_relatorios - relatorios_interface - INFO - Lista de clientes carregada com 15 itens
2025-10-25 09:51:19,469 - sistema_relatorios - relatorios_interface - INFO - Data calculada automaticamente: 05/11/2025
2025-10-25 09:51:19,469 - sistema_relatorios - relatorios_interface - INFO - Data calculada automaticamente: 05/11/2025
2025-10-25 09:51:24,372 - sistema_relatorios - relatorios_interface - INFO - Cliente selecionado: BRUNO SANTANA RINALDI
2025-10-25 09:51:24,387 - sistema_relatorios - relatorios_interface - INFO - Arquivo encontrado: C:\Users\Obras\sistema_gestao_testes\testes\Financeiro\Clientes\BRUNO SANTANA RINALDI.xlsx
2025-10-25 09:51:24,387 - sistema_relatorios - relatorios_interface - INFO - Arquivo encontrado: C:\Users\Obras\sistema_gestao_testes\testes\Financeiro\Clientes\BRUNO SANTANA RINALDI.xlsx
2025-10-25 09:51:37,532 - sistema_relatorios - relatorios_interface - INFO - Notas salvas: 26 caracteres
2025-10-25 09:51:39,696 - sistema_relatorios - relatorios_interface - INFO - 🔍 INICIANDO gerar_relatorio para: despesas
2025-10-25 09:51:39,696 - sistema_relatorios - relatorios_interface - INFO - 🎯 PROCESSANDO: Relatório de despesas
2025-10-25 09:51:39,696 - sistema_relatorios - relatorios_interface - INFO - 🎯 PROCESSANDO DESPESAS - ARQUITETURA LIMPA
2025-10-25 09:51:39,696 - sistema_relatorios - relatorios_interface - INFO - Data final obtida: 2025-11-05 00:00:00 (tipo: <class 'datetime.datetime'>)
2025-10-25 09:51:39,696 - sistema_relatorios - relatorios_interface - INFO - ✅ Arquivo encontrado em arquivo_cliente_selecionado: C:\Users\Obras\sistema_gestao_testes\testes\Financeiro\Clientes\BRUNO SANTANA RINALDI.xlsx
2025-10-25 09:51:39,696 - sistema_relatorios - relatorios_interface - INFO - ✅ Arquivo final nas configurações: C:\Users\Obras\sistema_gestao_testes\testes\Financeiro\Clientes\BRUNO SANTANA RINALDI.xlsx
2025-10-25 09:51:39,696 - sistema_relatorios - relatorios_interface - INFO - ✅ Configurações coletadas
2025-10-25 09:51:39,696 - sistema_relatorios - relatorios_interface - INFO - ✅ Arquivo confirmado: BRUNO SANTANA RINALDI.xlsx
2025-10-25 09:51:41,782 - sistema_relatorios - relatorios_interface - INFO - Modo selecionado: Preview
2025-10-25 09:51:41,782 - sistema_relatorios - relatorios_interface - INFO - 🎯 EXECUTANDO COM PREVIEW DIRETO - PDF TEMPORÁRIO
2025-10-25 09:51:42,786 - sistema_relatorios - relatorios_interface - INFO - ✅ Janela de decisão criada
2025-10-25 09:51:55,940 - sistema_relatorios - relatorios_interface - INFO - 🗑️ PDF temporário agendado para remoção: PREVIEW_BRUNO_SANTANA_RINALDI_20251025_095142.pdf
2025-10-25 09:51:58,032 - sistema_relatorios - relatorios_interface - INFO - 🗑️ Arquivo temporário removido: PREVIEW_BRUNO_SANTANA_RINALDI_20251025_095142.pdf
2025-10-25 09:51:58,149 - sistema_relatorios - relatorios_interface - INFO - Solicitado retorno ao menu principal
2025-10-25 09:51:58,149 - sistema_relatorios - relatorios_interface - INFO - Retornando ao menu principal existente
2025-10-25 09:51:58,362 - sistema_relatorios - relatorios_interface - INFO - Retorno ao menu principal concluído
2025-10-25 09:52:22,339 - sistema - logger_config - INFO - Sistema de logging inicializado
2025-10-25 09:52:22,339 - sistema_principal - logger_config - INFO - Usuário alterado para: sistema_principal
2025-10-25 09:52:22,341 - sistema_principal - sistema_principal - INFO - Abrindo sistema de relatórios
2025-10-25 09:52:22,456 - sistema_relatorios - logger_config - INFO - Usuário alterado para: sistema_relatorios
2025-10-25 09:52:22,456 - sistema_relatorios - relatorios_interface - INFO - Sistema de relatórios inicializando usando logger configurado
2025-10-25 09:52:22,456 - sistema_relatorios - relatorios_interface - INFO - Configurações de janela importadas com sucesso
2025-10-25 09:52:22,456 - sistema_relatorios - relatorios_interface - INFO - === Sistema de Relatórios Inicializando ===
2025-10-25 09:52:24,345 - sistema_relatorios - relatorios_interface - INFO - Carregando clientes de: C:\Users\Obras\sistema_gestao_testes\testes\Financeiro\Planilhas_Base\clientes.xlsx
2025-10-25 09:52:24,400 - sistema_relatorios - relatorios_interface - INFO - Colunas disponíveis: ['Nome', 'Endereço', 'Data Inicial', 'Observações', 'Data Final', 'Tipo Taxa']
2025-10-25 09:52:24,400 - sistema_relatorios - relatorios_interface - INFO - Coluna de status: Data Final
2025-10-25 09:52:24,400 - sistema_relatorios - relatorios_interface - INFO - Coluna de nome: Nome
2025-10-25 09:52:24,400 - sistema_relatorios - relatorios_interface - INFO - Total de clientes ativos encontrados: 14
2025-10-25 09:52:24,400 - sistema_relatorios - relatorios_interface - INFO - Lista de clientes atualizada com 15 clientes
2025-10-25 09:52:24,440 - sistema_relatorios - relatorios_interface - INFO - Carregando clientes de: C:\Users\Obras\sistema_gestao_testes\testes\Financeiro\Planilhas_Base\clientes.xlsx
2025-10-25 09:52:24,456 - sistema_relatorios - relatorios_interface - INFO - Colunas disponíveis: ['Nome', 'Endereço', 'Data Inicial', 'Observações', 'Data Final', 'Tipo Taxa']
2025-10-25 09:52:24,456 - sistema_relatorios - relatorios_interface - INFO - Coluna de status: Data Final
2025-10-25 09:52:24,459 - sistema_relatorios - relatorios_interface - INFO - Coluna de nome: Nome
2025-10-25 09:52:24,460 - sistema_relatorios - relatorios_interface - INFO - Total de clientes ativos encontrados: 14
2025-10-25 09:52:24,460 - sistema_relatorios - relatorios_interface - INFO - Lista de clientes carregada com 15 itens
2025-10-25 09:52:25,939 - sistema_relatorios - relatorios_interface - INFO - Data calculada automaticamente: 05/11/2025
2025-10-25 09:52:25,939 - sistema_relatorios - relatorios_interface - INFO - Data calculada automaticamente: 05/11/2025
2025-10-25 09:52:30,174 - sistema_relatorios - relatorios_interface - INFO - Cliente selecionado: BRUNO SANTANA RINALDI
2025-10-25 09:52:30,174 - sistema_relatorios - relatorios_interface - INFO - Arquivo encontrado: C:\Users\Obras\sistema_gestao_testes\testes\Financeiro\Clientes\BRUNO SANTANA RINALDI.xlsx
2025-10-25 09:52:30,189 - sistema_relatorios - relatorios_interface - INFO - Arquivo encontrado: C:\Users\Obras\sistema_gestao_testes\testes\Financeiro\Clientes\BRUNO SANTANA RINALDI.xlsx
2025-10-25 09:52:46,580 - sistema_relatorios - relatorios_interface - INFO - Notas salvas: 27 caracteres
2025-10-25 09:53:05,234 - sistema_relatorios - relatorios_interface - INFO - 🔍 INICIANDO gerar_relatorio para: despesas
2025-10-25 09:53:05,234 - sistema_relatorios - relatorios_interface - INFO - 🎯 PROCESSANDO: Relatório de despesas
2025-10-25 09:53:05,234 - sistema_relatorios - relatorios_interface - INFO - 🎯 PROCESSANDO DESPESAS - ARQUITETURA LIMPA
2025-10-25 09:53:05,234 - sistema_relatorios - relatorios_interface - INFO - Data final obtida: 2025-11-05 00:00:00 (tipo: <class 'datetime.datetime'>)
2025-10-25 09:53:05,234 - sistema_relatorios - relatorios_interface - INFO - ✅ Arquivo encontrado em arquivo_cliente_selecionado: C:\Users\Obras\sistema_gestao_testes\testes\Financeiro\Clientes\BRUNO SANTANA RINALDI.xlsx
2025-10-25 09:53:05,234 - sistema_relatorios - relatorios_interface - INFO - ✅ Arquivo final nas configurações: C:\Users\Obras\sistema_gestao_testes\testes\Financeiro\Clientes\BRUNO SANTANA RINALDI.xlsx
2025-10-25 09:53:05,234 - sistema_relatorios - relatorios_interface - INFO - ✅ Configurações coletadas
2025-10-25 09:53:05,234 - sistema_relatorios - relatorios_interface - INFO - ✅ Arquivo confirmado: BRUNO SANTANA RINALDI.xlsx
2025-10-25 09:53:07,365 - sistema_relatorios - relatorios_interface - INFO - Modo selecionado: Preview
2025-10-25 09:53:07,367 - sistema_relatorios - relatorios_interface - INFO - 🎯 EXECUTANDO COM PREVIEW DIRETO - PDF TEMPORÁRIO
2025-10-25 09:53:08,351 - sistema_relatorios - relatorios_interface - INFO - ✅ Janela de decisão criada
2025-10-25 09:53:27,890 - sistema_relatorios - relatorios_interface - INFO - 🗑️ PDF temporário agendado para remoção: PREVIEW_BRUNO_SANTANA_RINALDI_20251025_095307.pdf
2025-10-25 09:53:29,389 - sistema_relatorios - relatorios_interface - INFO - Solicitado retorno ao menu principal
2025-10-25 09:53:29,389 - sistema_relatorios - relatorios_interface - INFO - Retornando ao menu principal existente
2025-10-25 09:53:29,474 - sistema_relatorios - relatorios_interface - INFO - Retorno ao menu principal concluído
2025-10-25 09:58:01,696 - sistema - logger_config - INFO - Sistema de logging inicializado
2025-10-25 09:58:01,696 - sistema_principal - logger_config - INFO - Usuário alterado para: sistema_principal
2025-10-25 09:58:01,699 - sistema_principal - sistema_principal - INFO - Abrindo sistema de relatórios
2025-10-25 09:58:01,812 - sistema_relatorios - logger_config - INFO - Usuário alterado para: sistema_relatorios
2025-10-25 09:58:01,812 - sistema_relatorios - relatorios_interface - INFO - Sistema de relatórios inicializando usando logger configurado
2025-10-25 09:58:01,812 - sistema_relatorios - relatorios_interface - INFO - Configurações de janela importadas com sucesso
2025-10-25 09:58:01,812 - sistema_relatorios - relatorios_interface - INFO - === Sistema de Relatórios Inicializando ===
2025-10-25 09:58:03,630 - sistema_relatorios - relatorios_interface - INFO - Carregando clientes de: C:\Users\Obras\sistema_gestao_testes\testes\Financeiro\Planilhas_Base\clientes.xlsx
2025-10-25 09:58:03,716 - sistema_relatorios - relatorios_interface - INFO - Colunas disponíveis: ['Nome', 'Endereço', 'Data Inicial', 'Observações', 'Data Final', 'Tipo Taxa']
2025-10-25 09:58:03,718 - sistema_relatorios - relatorios_interface - INFO - Coluna de status: Data Final
2025-10-25 09:58:03,736 - sistema_relatorios - relatorios_interface - INFO - Coluna de nome: Nome
2025-10-25 09:58:03,737 - sistema_relatorios - relatorios_interface - INFO - Total de clientes ativos encontrados: 14
2025-10-25 09:58:03,739 - sistema_relatorios - relatorios_interface - INFO - Lista de clientes atualizada com 15 clientes
2025-10-25 09:58:03,779 - sistema_relatorios - relatorios_interface - INFO - Carregando clientes de: C:\Users\Obras\sistema_gestao_testes\testes\Financeiro\Planilhas_Base\clientes.xlsx
2025-10-25 09:58:03,805 - sistema_relatorios - relatorios_interface - INFO - Colunas disponíveis: ['Nome', 'Endereço', 'Data Inicial', 'Observações', 'Data Final', 'Tipo Taxa']
2025-10-25 09:58:03,807 - sistema_relatorios - relatorios_interface - INFO - Coluna de status: Data Final
2025-10-25 09:58:03,811 - sistema_relatorios - relatorios_interface - INFO - Coluna de nome: Nome
2025-10-25 09:58:03,817 - sistema_relatorios - relatorios_interface - INFO - Total de clientes ativos encontrados: 14
2025-10-25 09:58:03,819 - sistema_relatorios - relatorios_interface - INFO - Lista de clientes carregada com 15 itens
2025-10-25 09:58:05,395 - sistema_relatorios - relatorios_interface - INFO - Data calculada automaticamente: 05/11/2025
2025-10-25 09:58:05,395 - sistema_relatorios - relatorios_interface - INFO - Data calculada automaticamente: 05/11/2025
2025-10-25 09:58:10,499 - sistema_relatorios - relatorios_interface - INFO - Cliente selecionado: BRUNO SANTANA RINALDI
2025-10-25 09:58:10,499 - sistema_relatorios - relatorios_interface - INFO - Arquivo encontrado: C:\Users\Obras\sistema_gestao_testes\testes\Financeiro\Clientes\BRUNO SANTANA RINALDI.xlsx
2025-10-25 09:58:10,519 - sistema_relatorios - relatorios_interface - INFO - Arquivo encontrado: C:\Users\Obras\sistema_gestao_testes\testes\Financeiro\Clientes\BRUNO SANTANA RINALDI.xlsx
2025-10-25 09:58:12,830 - sistema_relatorios - relatorios_interface - INFO - 🔍 INICIANDO gerar_relatorio para: despesas
2025-10-25 09:58:12,830 - sistema_relatorios - relatorios_interface - INFO - 🎯 PROCESSANDO: Relatório de despesas
2025-10-25 09:58:12,845 - sistema_relatorios - relatorios_interface - INFO - 🎯 PROCESSANDO DESPESAS - ARQUITETURA LIMPA
2025-10-25 09:58:12,845 - sistema_relatorios - relatorios_interface - INFO - Data final obtida: 2025-11-05 00:00:00 (tipo: <class 'datetime.datetime'>)
2025-10-25 09:58:12,845 - sistema_relatorios - relatorios_interface - INFO - ✅ Arquivo encontrado em arquivo_cliente_selecionado: C:\Users\Obras\sistema_gestao_testes\testes\Financeiro\Clientes\BRUNO SANTANA RINALDI.xlsx
2025-10-25 09:58:12,845 - sistema_relatorios - relatorios_interface - INFO - ✅ Arquivo final nas configurações: C:\Users\Obras\sistema_gestao_testes\testes\Financeiro\Clientes\BRUNO SANTANA RINALDI.xlsx
2025-10-25 09:58:12,845 - sistema_relatorios - relatorios_interface - INFO - ✅ Configurações coletadas
2025-10-25 09:58:12,845 - sistema_relatorios - relatorios_interface - INFO - ✅ Arquivo confirmado: BRUNO SANTANA RINALDI.xlsx
2025-10-25 09:58:16,328 - sistema_relatorios - relatorios_interface - INFO - Modo selecionado: Preview
2025-10-25 09:58:16,328 - sistema_relatorios - relatorios_interface - INFO - 🎯 EXECUTANDO COM PREVIEW DIRETO - PDF TEMPORÁRIO
2025-10-25 09:58:17,336 - sistema_relatorios - relatorios_interface - INFO - ✅ Janela de decisão criada
2025-10-25 09:58:28,042 - sistema_relatorios - relatorios_interface - INFO - 🗑️ PDF temporário agendado para remoção: PREVIEW_BRUNO_SANTANA_RINALDI_20251025_095816.pdf
2025-10-25 09:58:30,019 - sistema_relatorios - relatorios_interface - INFO - Solicitado retorno ao menu principal
2025-10-25 09:58:30,019 - sistema_relatorios - relatorios_interface - INFO - Retornando ao menu principal existente
2025-10-25 09:58:30,101 - sistema_relatorios - relatorios_interface - INFO - Retorno ao menu principal concluído
2025-10-25 10:05:07,262 - sistema - logger_config - INFO - Sistema de logging inicializado
2025-10-25 10:05:07,262 - sistema_principal - logger_config - INFO - Usuário alterado para: sistema_principal
2025-10-25 10:05:07,263 - sistema_principal - sistema_principal - INFO - Abrindo sistema de relatórios
2025-10-25 10:05:07,380 - sistema_relatorios - logger_config - INFO - Usuário alterado para: sistema_relatorios
2025-10-25 10:05:07,380 - sistema_relatorios - relatorios_interface - INFO - Sistema de relatórios inicializando usando logger configurado
2025-10-25 10:05:07,380 - sistema_relatorios - relatorios_interface - INFO - Configurações de janela importadas com sucesso
2025-10-25 10:05:07,388 - sistema_relatorios - relatorios_interface - INFO - === Sistema de Relatórios Inicializando ===
2025-10-25 10:05:09,096 - sistema_relatorios - relatorios_interface - INFO - Carregando clientes de: C:\Users\Obras\sistema_gestao_testes\testes\Financeiro\Planilhas_Base\clientes.xlsx
2025-10-25 10:05:09,157 - sistema_relatorios - relatorios_interface - INFO - Colunas disponíveis: ['Nome', 'Endereço', 'Data Inicial', 'Observações', 'Data Final', 'Tipo Taxa']
2025-10-25 10:05:09,157 - sistema_relatorios - relatorios_interface - INFO - Coluna de status: Data Final
2025-10-25 10:05:09,157 - sistema_relatorios - relatorios_interface - INFO - Coluna de nome: Nome
2025-10-25 10:05:09,157 - sistema_relatorios - relatorios_interface - INFO - Total de clientes ativos encontrados: 14
2025-10-25 10:05:09,157 - sistema_relatorios - relatorios_interface - INFO - Lista de clientes atualizada com 15 clientes
2025-10-25 10:05:09,198 - sistema_relatorios - relatorios_interface - INFO - Carregando clientes de: C:\Users\Obras\sistema_gestao_testes\testes\Financeiro\Planilhas_Base\clientes.xlsx
2025-10-25 10:05:09,213 - sistema_relatorios - relatorios_interface - INFO - Colunas disponíveis: ['Nome', 'Endereço', 'Data Inicial', 'Observações', 'Data Final', 'Tipo Taxa']
2025-10-25 10:05:09,213 - sistema_relatorios - relatorios_interface - INFO - Coluna de status: Data Final
2025-10-25 10:05:09,224 - sistema_relatorios - relatorios_interface - INFO - Coluna de nome: Nome
2025-10-25 10:05:09,226 - sistema_relatorios - relatorios_interface - INFO - Total de clientes ativos encontrados: 14
2025-10-25 10:05:09,227 - sistema_relatorios - relatorios_interface - INFO - Lista de clientes carregada com 15 itens
2025-10-25 10:05:10,525 - sistema_relatorios - relatorios_interface - INFO - Data calculada automaticamente: 05/11/2025
2025-10-25 10:05:10,525 - sistema_relatorios - relatorios_interface - INFO - Data calculada automaticamente: 05/11/2025
2025-10-25 10:05:15,372 - sistema_relatorios - relatorios_interface - INFO - Cliente selecionado: BRUNO SANTANA RINALDI
2025-10-25 10:05:15,372 - sistema_relatorios - relatorios_interface - INFO - Arquivo encontrado: C:\Users\Obras\sistema_gestao_testes\testes\Financeiro\Clientes\BRUNO SANTANA RINALDI.xlsx
2025-10-25 10:05:15,387 - sistema_relatorios - relatorios_interface - INFO - Arquivo encontrado: C:\Users\Obras\sistema_gestao_testes\testes\Financeiro\Clientes\BRUNO SANTANA RINALDI.xlsx
2025-10-25 10:05:17,378 - sistema_relatorios - relatorios_interface - INFO - 🔍 INICIANDO gerar_relatorio para: despesas
2025-10-25 10:05:17,378 - sistema_relatorios - relatorios_interface - INFO - 🎯 PROCESSANDO: Relatório de despesas
2025-10-25 10:05:17,378 - sistema_relatorios - relatorios_interface - INFO - 🎯 PROCESSANDO DESPESAS - ARQUITETURA LIMPA
2025-10-25 10:05:17,378 - sistema_relatorios - relatorios_interface - INFO - Data final obtida: 2025-11-05 00:00:00 (tipo: <class 'datetime.datetime'>)
2025-10-25 10:05:17,378 - sistema_relatorios - relatorios_interface - INFO - ✅ Arquivo encontrado em arquivo_cliente_selecionado: C:\Users\Obras\sistema_gestao_testes\testes\Financeiro\Clientes\BRUNO SANTANA RINALDI.xlsx
2025-10-25 10:05:17,394 - sistema_relatorios - relatorios_interface - INFO - ✅ Arquivo final nas configurações: C:\Users\Obras\sistema_gestao_testes\testes\Financeiro\Clientes\BRUNO SANTANA RINALDI.xlsx
2025-10-25 10:05:17,394 - sistema_relatorios - relatorios_interface - INFO - ✅ Configurações coletadas
2025-10-25 10:05:17,394 - sistema_relatorios - relatorios_interface - INFO - ✅ Arquivo confirmado: BRUNO SANTANA RINALDI.xlsx
2025-10-25 10:05:19,488 - sistema_relatorios - relatorios_interface - INFO - Modo selecionado: Preview
2025-10-25 10:05:19,488 - sistema_relatorios - relatorios_interface - INFO - 🎯 EXECUTANDO COM PREVIEW DIRETO - PDF TEMPORÁRIO
2025-10-25 10:05:20,414 - sistema_relatorios - relatorios_interface - INFO - ✅ Janela de decisão criada
2025-10-25 10:05:42,218 - sistema_relatorios - relatorios_interface - INFO - 🗑️ PDF temporário agendado para remoção: PREVIEW_BRUNO_SANTANA_RINALDI_20251025_100519.pdf
2025-10-25 10:05:44,228 - sistema_relatorios - relatorios_interface - WARNING - Aviso: Não foi possível remover arquivo temporário: [WinError 32] O arquivo já está sendo usado por outro processo: 'C:\\Users\\Obras\\AppData\\Local\\Temp\\PREVIEW_BRUNO_SANTANA_RINALDI_20251025_100519.pdf'
2025-10-25 10:05:44,272 - sistema_relatorios - relatorios_interface - INFO - Solicitado retorno ao menu principal
2025-10-25 10:05:44,272 - sistema_relatorios - relatorios_interface - INFO - Retornando ao menu principal existente
2025-10-25 10:05:44,356 - sistema_relatorios - relatorios_interface - INFO - Retorno ao menu principal concluído
2025-10-25 10:06:31,911 - sistema - logger_config - INFO - Sistema de logging inicializado
2025-10-25 10:06:31,912 - sistema_principal - logger_config - INFO - Usuário alterado para: sistema_principal
2025-10-25 10:06:31,913 - sistema_principal - sistema_principal - INFO - Abrindo sistema de relatórios
2025-10-25 10:06:32,038 - sistema_relatorios - logger_config - INFO - Usuário alterado para: sistema_relatorios
2025-10-25 10:06:32,038 - sistema_relatorios - relatorios_interface - INFO - Sistema de relatórios inicializando usando logger configurado
2025-10-25 10:06:32,038 - sistema_relatorios - relatorios_interface - INFO - Configurações de janela importadas com sucesso
2025-10-25 10:06:32,038 - sistema_relatorios - relatorios_interface - INFO - === Sistema de Relatórios Inicializando ===
2025-10-25 10:06:33,899 - sistema_relatorios - relatorios_interface - INFO - Carregando clientes de: C:\Users\Obras\sistema_gestao_testes\testes\Financeiro\Planilhas_Base\clientes.xlsx
2025-10-25 10:06:33,970 - sistema_relatorios - relatorios_interface - INFO - Colunas disponíveis: ['Nome', 'Endereço', 'Data Inicial', 'Observações', 'Data Final', 'Tipo Taxa']
2025-10-25 10:06:33,971 - sistema_relatorios - relatorios_interface - INFO - Coluna de status: Data Final
2025-10-25 10:06:33,979 - sistema_relatorios - relatorios_interface - INFO - Coluna de nome: Nome
2025-10-25 10:06:33,980 - sistema_relatorios - relatorios_interface - INFO - Total de clientes ativos encontrados: 14
2025-10-25 10:06:33,981 - sistema_relatorios - relatorios_interface - INFO - Lista de clientes atualizada com 15 clientes
2025-10-25 10:06:34,007 - sistema_relatorios - relatorios_interface - INFO - Carregando clientes de: C:\Users\Obras\sistema_gestao_testes\testes\Financeiro\Planilhas_Base\clientes.xlsx
2025-10-25 10:06:34,027 - sistema_relatorios - relatorios_interface - INFO - Colunas disponíveis: ['Nome', 'Endereço', 'Data Inicial', 'Observações', 'Data Final', 'Tipo Taxa']
2025-10-25 10:06:34,029 - sistema_relatorios - relatorios_interface - INFO - Coluna de status: Data Final
2025-10-25 10:06:34,031 - sistema_relatorios - relatorios_interface - INFO - Coluna de nome: Nome
2025-10-25 10:06:34,032 - sistema_relatorios - relatorios_interface - INFO - Total de clientes ativos encontrados: 14
2025-10-25 10:06:34,033 - sistema_relatorios - relatorios_interface - INFO - Lista de clientes carregada com 15 itens
2025-10-25 10:06:36,137 - sistema_relatorios - relatorios_interface - INFO - Data calculada automaticamente: 05/11/2025
2025-10-25 10:06:36,137 - sistema_relatorios - relatorios_interface - INFO - Data calculada automaticamente: 05/11/2025
2025-10-25 10:06:39,458 - sistema_relatorios - relatorios_interface - INFO - Cliente selecionado: BRUNO SANTANA RINALDI
2025-10-25 10:06:39,458 - sistema_relatorios - relatorios_interface - INFO - Arquivo encontrado: C:\Users\Obras\sistema_gestao_testes\testes\Financeiro\Clientes\BRUNO SANTANA RINALDI.xlsx
2025-10-25 10:06:39,458 - sistema_relatorios - relatorios_interface - INFO - Arquivo encontrado: C:\Users\Obras\sistema_gestao_testes\testes\Financeiro\Clientes\BRUNO SANTANA RINALDI.xlsx
2025-10-25 10:06:42,867 - sistema_relatorios - relatorios_interface - INFO - 🔍 INICIANDO gerar_relatorio para: despesas
2025-10-25 10:06:42,867 - sistema_relatorios - relatorios_interface - INFO - 🎯 PROCESSANDO: Relatório de despesas
2025-10-25 10:06:42,867 - sistema_relatorios - relatorios_interface - INFO - 🎯 PROCESSANDO DESPESAS - ARQUITETURA LIMPA
2025-10-25 10:06:42,867 - sistema_relatorios - relatorios_interface - INFO - Data final obtida: 2025-11-05 00:00:00 (tipo: <class 'datetime.datetime'>)
2025-10-25 10:06:42,867 - sistema_relatorios - relatorios_interface - INFO - ✅ Arquivo encontrado em arquivo_cliente_selecionado: C:\Users\Obras\sistema_gestao_testes\testes\Financeiro\Clientes\BRUNO SANTANA RINALDI.xlsx
2025-10-25 10:06:42,867 - sistema_relatorios - relatorios_interface - INFO - ✅ Arquivo final nas configurações: C:\Users\Obras\sistema_gestao_testes\testes\Financeiro\Clientes\BRUNO SANTANA RINALDI.xlsx
2025-10-25 10:06:42,867 - sistema_relatorios - relatorios_interface - INFO - ✅ Configurações coletadas
2025-10-25 10:06:42,867 - sistema_relatorios - relatorios_interface - INFO - ✅ Arquivo confirmado: BRUNO SANTANA RINALDI.xlsx
2025-10-25 10:06:44,432 - sistema_relatorios - relatorios_interface - INFO - Modo selecionado: Preview
2025-10-25 10:06:44,432 - sistema_relatorios - relatorios_interface - INFO - 🎯 EXECUTANDO COM PREVIEW DIRETO - PDF TEMPORÁRIO
2025-10-25 10:06:45,442 - sistema_relatorios - relatorios_interface - INFO - ✅ Janela de decisão criada
2025-10-25 10:07:02,582 - sistema_relatorios - relatorios_interface - INFO - 🗑️ PDF temporário agendado para remoção: PREVIEW_BRUNO_SANTANA_RINALDI_20251025_100644.pdf
2025-10-25 10:07:04,574 - sistema_relatorios - relatorios_interface - INFO - Solicitado retorno ao menu principal
2025-10-25 10:07:04,590 - sistema_relatorios - relatorios_interface - INFO - Retornando ao menu principal existente
2025-10-25 10:07:04,676 - sistema_relatorios - relatorios_interface - INFO - Retorno ao menu principal concluído
2025-10-25 10:09:16,910 - sistema - logger_config - INFO - Sistema de logging inicializado
2025-10-25 10:09:16,910 - sistema_principal - logger_config - INFO - Usuário alterado para: sistema_principal
2025-10-25 10:09:16,910 - sistema_principal - sistema_principal - INFO - Abrindo sistema de relatórios
2025-10-25 10:09:17,020 - sistema_relatorios - logger_config - INFO - Usuário alterado para: sistema_relatorios
2025-10-25 10:09:17,020 - sistema_relatorios - relatorios_interface - INFO - Sistema de relatórios inicializando usando logger configurado
2025-10-25 10:09:17,020 - sistema_relatorios - relatorios_interface - INFO - Configurações de janela importadas com sucesso
2025-10-25 10:09:17,020 - sistema_relatorios - relatorios_interface - INFO - === Sistema de Relatórios Inicializando ===
2025-10-25 10:09:18,786 - sistema_relatorios - relatorios_interface - INFO - Carregando clientes de: C:\Users\Obras\sistema_gestao_testes\testes\Financeiro\Planilhas_Base\clientes.xlsx
2025-10-25 10:09:18,837 - sistema_relatorios - relatorios_interface - INFO - Colunas disponíveis: ['Nome', 'Endereço', 'Data Inicial', 'Observações', 'Data Final', 'Tipo Taxa']
2025-10-25 10:09:18,837 - sistema_relatorios - relatorios_interface - INFO - Coluna de status: Data Final
2025-10-25 10:09:18,851 - sistema_relatorios - relatorios_interface - INFO - Coluna de nome: Nome
2025-10-25 10:09:18,853 - sistema_relatorios - relatorios_interface - INFO - Total de clientes ativos encontrados: 14
2025-10-25 10:09:18,853 - sistema_relatorios - relatorios_interface - INFO - Lista de clientes atualizada com 15 clientes
2025-10-25 10:09:18,889 - sistema_relatorios - relatorios_interface - INFO - Carregando clientes de: C:\Users\Obras\sistema_gestao_testes\testes\Financeiro\Planilhas_Base\clientes.xlsx
2025-10-25 10:09:18,904 - sistema_relatorios - relatorios_interface - INFO - Colunas disponíveis: ['Nome', 'Endereço', 'Data Inicial', 'Observações', 'Data Final', 'Tipo Taxa']
2025-10-25 10:09:18,906 - sistema_relatorios - relatorios_interface - INFO - Coluna de status: Data Final
2025-10-25 10:09:18,908 - sistema_relatorios - relatorios_interface - INFO - Coluna de nome: Nome
2025-10-25 10:09:18,909 - sistema_relatorios - relatorios_interface - INFO - Total de clientes ativos encontrados: 14
2025-10-25 10:09:18,909 - sistema_relatorios - relatorios_interface - INFO - Lista de clientes carregada com 15 itens
2025-10-25 10:09:20,096 - sistema_relatorios - relatorios_interface - INFO - Data calculada automaticamente: 05/11/2025
2025-10-25 10:09:20,111 - sistema_relatorios - relatorios_interface - INFO - Data calculada automaticamente: 05/11/2025
2025-10-25 10:09:23,437 - sistema_relatorios - relatorios_interface - INFO - Cliente selecionado: BRUNO SANTANA RINALDI
2025-10-25 10:09:23,437 - sistema_relatorios - relatorios_interface - INFO - Arquivo encontrado: C:\Users\Obras\sistema_gestao_testes\testes\Financeiro\Clientes\BRUNO SANTANA RINALDI.xlsx
2025-10-25 10:09:23,437 - sistema_relatorios - relatorios_interface - INFO - Arquivo encontrado: C:\Users\Obras\sistema_gestao_testes\testes\Financeiro\Clientes\BRUNO SANTANA RINALDI.xlsx
2025-10-25 10:09:25,332 - sistema_relatorios - relatorios_interface - INFO - 🔍 INICIANDO gerar_relatorio para: despesas
2025-10-25 10:09:25,348 - sistema_relatorios - relatorios_interface - INFO - 🎯 PROCESSANDO: Relatório de despesas
2025-10-25 10:09:25,348 - sistema_relatorios - relatorios_interface - INFO - 🎯 PROCESSANDO DESPESAS - ARQUITETURA LIMPA
2025-10-25 10:09:25,348 - sistema_relatorios - relatorios_interface - INFO - Data final obtida: 2025-11-05 00:00:00 (tipo: <class 'datetime.datetime'>)
2025-10-25 10:09:25,348 - sistema_relatorios - relatorios_interface - INFO - ✅ Arquivo encontrado em arquivo_cliente_selecionado: C:\Users\Obras\sistema_gestao_testes\testes\Financeiro\Clientes\BRUNO SANTANA RINALDI.xlsx
2025-10-25 10:09:25,348 - sistema_relatorios - relatorios_interface - INFO - ✅ Arquivo final nas configurações: C:\Users\Obras\sistema_gestao_testes\testes\Financeiro\Clientes\BRUNO SANTANA RINALDI.xlsx
2025-10-25 10:09:25,348 - sistema_relatorios - relatorios_interface - INFO - ✅ Configurações coletadas
2025-10-25 10:09:25,354 - sistema_relatorios - relatorios_interface - INFO - ✅ Arquivo confirmado: BRUNO SANTANA RINALDI.xlsx
2025-10-25 10:09:27,243 - sistema_relatorios - relatorios_interface - INFO - Modo selecionado: Preview
2025-10-25 10:09:27,243 - sistema_relatorios - relatorios_interface - INFO - 🎯 EXECUTANDO COM PREVIEW DIRETO - PDF TEMPORÁRIO
2025-10-25 10:09:28,240 - sistema_relatorios - relatorios_interface - INFO - ✅ Janela de decisão criada
2025-10-25 10:14:04,363 - sistema_relatorios - relatorios_interface - INFO - 🗑️ PDF temporário agendado para remoção: PREVIEW_BRUNO_SANTANA_RINALDI_20251025_100927.pdf
2025-10-25 10:14:06,170 - sistema_relatorios - relatorios_interface - INFO - Solicitado retorno ao menu principal
2025-10-25 10:14:06,170 - sistema_relatorios - relatorios_interface - INFO - Retornando ao menu principal existente
2025-10-25 10:14:06,281 - sistema_relatorios - relatorios_interface - INFO - Retorno ao menu principal concluído
2025-10-25 10:14:16,165 - sistema - logger_config - INFO - Sistema de logging inicializado
2025-10-25 10:14:17,510 - sistema - logger_config - INFO - Iniciando: Carregar configurações
2025-10-25 10:14:17,510 - sistema - logger_config - INFO - Concluído: Carregar configurações
2025-10-25 10:14:17,510 - sistema - logger_config - INFO - Iniciando: Carregar configurações
2025-10-25 10:14:17,510 - sistema - logger_config - INFO - Concluído: Carregar configurações
2025-10-25 10:14:17,536 - sistema - Sistema_Entrada_Dados - INFO - Proteções contra perda de dados configuradas
2025-10-25 10:14:22,020 - sistema - Sistema_Entrada_Dados - INFO - Cliente selecionado com sucesso: BRUNO SANTANA RINALDI
2025-10-25 10:14:31,011 - sistema_principal - logger_config - INFO - Usuário alterado para: sistema_principal
2025-10-25 10:14:31,011 - sistema_principal - sistema_principal - INFO - Abrindo sistema de relatórios
2025-10-25 10:14:31,050 - sistema_relatorios - logger_config - INFO - Usuário alterado para: sistema_relatorios
2025-10-25 10:14:31,050 - sistema_relatorios - relatorios_interface - INFO - Sistema de relatórios inicializando usando logger configurado
2025-10-25 10:14:31,050 - sistema_relatorios - relatorios_interface - INFO - Configurações de janela importadas com sucesso
2025-10-25 10:14:31,063 - sistema_relatorios - relatorios_interface - INFO - === Sistema de Relatórios Inicializando ===
2025-10-25 10:14:31,412 - sistema_relatorios - relatorios_interface - INFO - Carregando clientes de: C:\Users\Obras\sistema_gestao_testes\testes\Financeiro\Planilhas_Base\clientes.xlsx
2025-10-25 10:14:31,448 - sistema_relatorios - relatorios_interface - INFO - Colunas disponíveis: ['Nome', 'Endereço', 'Data Inicial', 'Observações', 'Data Final', 'Tipo Taxa']
2025-10-25 10:14:31,448 - sistema_relatorios - relatorios_interface - INFO - Coluna de status: Data Final
2025-10-25 10:14:31,464 - sistema_relatorios - relatorios_interface - INFO - Coluna de nome: Nome
2025-10-25 10:14:31,464 - sistema_relatorios - relatorios_interface - INFO - Total de clientes ativos encontrados: 14
2025-10-25 10:14:31,464 - sistema_relatorios - relatorios_interface - INFO - Lista de clientes atualizada com 15 clientes
2025-10-25 10:14:31,499 - sistema_relatorios - relatorios_interface - INFO - Carregando clientes de: C:\Users\Obras\sistema_gestao_testes\testes\Financeiro\Planilhas_Base\clientes.xlsx
2025-10-25 10:14:31,522 - sistema_relatorios - relatorios_interface - INFO - Colunas disponíveis: ['Nome', 'Endereço', 'Data Inicial', 'Observações', 'Data Final', 'Tipo Taxa']
2025-10-25 10:14:31,523 - sistema_relatorios - relatorios_interface - INFO - Coluna de status: Data Final
2025-10-25 10:14:31,525 - sistema_relatorios - relatorios_interface - INFO - Coluna de nome: Nome
2025-10-25 10:14:31,526 - sistema_relatorios - relatorios_interface - INFO - Total de clientes ativos encontrados: 14
2025-10-25 10:14:31,526 - sistema_relatorios - relatorios_interface - INFO - Lista de clientes carregada com 15 itens
2025-10-25 10:14:33,163 - sistema_relatorios - relatorios_interface - INFO - Data calculada automaticamente: 05/11/2025
2025-10-25 10:14:33,163 - sistema_relatorios - relatorios_interface - INFO - Data calculada automaticamente: 05/11/2025
2025-10-25 10:14:38,845 - sistema_relatorios - relatorios_interface - INFO - Cliente selecionado: BRUNO SANTANA RINALDI
2025-10-25 10:14:38,845 - sistema_relatorios - relatorios_interface - INFO - Arquivo encontrado: C:\Users\Obras\sistema_gestao_testes\testes\Financeiro\Clientes\BRUNO SANTANA RINALDI.xlsx
2025-10-25 10:14:38,860 - sistema_relatorios - relatorios_interface - INFO - Arquivo encontrado: C:\Users\Obras\sistema_gestao_testes\testes\Financeiro\Clientes\BRUNO SANTANA RINALDI.xlsx
2025-10-25 10:14:42,729 - sistema_relatorios - relatorios_interface - INFO - Solicitado retorno ao menu principal
2025-10-25 10:14:42,729 - sistema_relatorios - relatorios_interface - INFO - Retornando ao menu principal existente
2025-10-25 10:14:42,821 - sistema_relatorios - relatorios_interface - INFO - Retorno ao menu principal concluído
2025-10-25 10:14:46,625 - sistema_principal - logger_config - INFO - Usuário alterado para: sistema_principal
2025-10-25 10:14:46,625 - sistema_principal - sistema_principal - INFO - Abrindo sistema de relatórios
2025-10-25 10:14:46,634 - sistema_relatorios - logger_config - INFO - Usuário alterado para: sistema_relatorios
2025-10-25 10:14:46,634 - sistema_relatorios - relatorios_interface - INFO - Sistema de relatórios inicializando usando logger configurado
2025-10-25 10:14:46,634 - sistema_relatorios - relatorios_interface - INFO - Configurações de janela importadas com sucesso
2025-10-25 10:14:46,646 - sistema_relatorios - relatorios_interface - INFO - === Sistema de Relatórios Inicializando ===
2025-10-25 10:14:46,711 - sistema_relatorios - relatorios_interface - INFO - Carregando clientes de: C:\Users\Obras\sistema_gestao_testes\testes\Financeiro\Planilhas_Base\clientes.xlsx
2025-10-25 10:14:46,774 - sistema_relatorios - relatorios_interface - INFO - Colunas disponíveis: ['Nome', 'Endereço', 'Data Inicial', 'Observações', 'Data Final', 'Tipo Taxa']
2025-10-25 10:14:46,785 - sistema_relatorios - relatorios_interface - INFO - Coluna de status: Data Final
2025-10-25 10:14:46,789 - sistema_relatorios - relatorios_interface - INFO - Coluna de nome: Nome
2025-10-25 10:14:46,793 - sistema_relatorios - relatorios_interface - INFO - Total de clientes ativos encontrados: 14
2025-10-25 10:14:46,794 - sistema_relatorios - relatorios_interface - INFO - Lista de clientes atualizada com 15 clientes
2025-10-25 10:14:46,831 - sistema_relatorios - relatorios_interface - INFO - Carregando clientes de: C:\Users\Obras\sistema_gestao_testes\testes\Financeiro\Planilhas_Base\clientes.xlsx
2025-10-25 10:14:46,853 - sistema_relatorios - relatorios_interface - INFO - Colunas disponíveis: ['Nome', 'Endereço', 'Data Inicial', 'Observações', 'Data Final', 'Tipo Taxa']
2025-10-25 10:14:46,854 - sistema_relatorios - relatorios_interface - INFO - Coluna de status: Data Final
2025-10-25 10:14:46,856 - sistema_relatorios - relatorios_interface - INFO - Coluna de nome: Nome
2025-10-25 10:14:46,857 - sistema_relatorios - relatorios_interface - INFO - Total de clientes ativos encontrados: 14
2025-10-25 10:14:46,858 - sistema_relatorios - relatorios_interface - INFO - Lista de clientes carregada com 15 itens
2025-10-25 10:14:48,043 - sistema_relatorios - relatorios_interface - INFO - Data calculada automaticamente: 05/11/2025
2025-10-25 10:14:48,058 - sistema_relatorios - relatorios_interface - INFO - Data calculada automaticamente: 05/11/2025
2025-10-25 10:14:50,867 - sistema_relatorios - relatorios_interface - INFO - Cliente selecionado: BRUNO SANTANA RINALDI
2025-10-25 10:14:50,867 - sistema_relatorios - relatorios_interface - INFO - Arquivo encontrado: C:\Users\Obras\sistema_gestao_testes\testes\Financeiro\Clientes\BRUNO SANTANA RINALDI.xlsx
2025-10-25 10:14:50,882 - sistema_relatorios - relatorios_interface - INFO - Arquivo encontrado: C:\Users\Obras\sistema_gestao_testes\testes\Financeiro\Clientes\BRUNO SANTANA RINALDI.xlsx
2025-10-25 10:14:53,357 - sistema_relatorios - relatorios_interface - INFO - 🔍 INICIANDO gerar_relatorio para: despesas
2025-10-25 10:14:53,357 - sistema_relatorios - relatorios_interface - INFO - 🎯 PROCESSANDO: Relatório de despesas
2025-10-25 10:14:53,357 - sistema_relatorios - relatorios_interface - INFO - 🎯 PROCESSANDO DESPESAS - ARQUITETURA LIMPA
2025-10-25 10:14:53,357 - sistema_relatorios - relatorios_interface - INFO - Data final obtida: 2025-11-05 00:00:00 (tipo: <class 'datetime.datetime'>)
2025-10-25 10:14:53,357 - sistema_relatorios - relatorios_interface - INFO - ✅ Arquivo encontrado em arquivo_cliente_selecionado: C:\Users\Obras\sistema_gestao_testes\testes\Financeiro\Clientes\BRUNO SANTANA RINALDI.xlsx
2025-10-25 10:14:53,357 - sistema_relatorios - relatorios_interface - INFO - ✅ Arquivo final nas configurações: C:\Users\Obras\sistema_gestao_testes\testes\Financeiro\Clientes\BRUNO SANTANA RINALDI.xlsx
2025-10-25 10:14:53,357 - sistema_relatorios - relatorios_interface - INFO - ✅ Configurações coletadas
2025-10-25 10:14:53,372 - sistema_relatorios - relatorios_interface - INFO - ✅ Arquivo confirmado: BRUNO SANTANA RINALDI.xlsx
2025-10-25 10:14:54,803 - sistema_relatorios - relatorios_interface - INFO - Modo selecionado: Preview
2025-10-25 10:14:54,803 - sistema_relatorios - relatorios_interface - INFO - 🎯 EXECUTANDO COM PREVIEW DIRETO - PDF TEMPORÁRIO
2025-10-25 10:14:55,822 - sistema_relatorios - relatorios_interface - INFO - ✅ Janela de decisão criada
2025-10-25 10:15:12,212 - sistema_relatorios - relatorios_interface - INFO - 🗑️ PDF temporário agendado para remoção: PREVIEW_BRUNO_SANTANA_RINALDI_20251025_101455.pdf
2025-10-25 10:15:13,314 - sistema_relatorios - relatorios_interface - INFO - Solicitado retorno ao menu principal
2025-10-25 10:15:13,314 - sistema_relatorios - relatorios_interface - INFO - Retornando ao menu principal existente
2025-10-25 10:15:13,399 - sistema_relatorios - relatorios_interface - INFO - Retorno ao menu principal concluído
2025-10-25 10:15:36,157 - sistema - logger_config - INFO - Sistema de logging inicializado
2025-10-25 10:15:36,157 - sistema_principal - logger_config - INFO - Usuário alterado para: sistema_principal
2025-10-25 10:15:36,162 - sistema_principal - sistema_principal - INFO - Abrindo sistema de relatórios
2025-10-25 10:15:36,264 - sistema_relatorios - logger_config - INFO - Usuário alterado para: sistema_relatorios
2025-10-25 10:15:36,265 - sistema_relatorios - relatorios_interface - INFO - Sistema de relatórios inicializando usando logger configurado
2025-10-25 10:15:36,266 - sistema_relatorios - relatorios_interface - INFO - Configurações de janela importadas com sucesso
2025-10-25 10:15:36,267 - sistema_relatorios - relatorios_interface - INFO - === Sistema de Relatórios Inicializando ===
2025-10-25 10:15:37,986 - sistema_relatorios - relatorios_interface - INFO - Carregando clientes de: C:\Users\Obras\sistema_gestao_testes\testes\Financeiro\Planilhas_Base\clientes.xlsx
2025-10-25 10:15:38,039 - sistema_relatorios - relatorios_interface - INFO - Colunas disponíveis: ['Nome', 'Endereço', 'Data Inicial', 'Observações', 'Data Final', 'Tipo Taxa']
2025-10-25 10:15:38,047 - sistema_relatorios - relatorios_interface - INFO - Coluna de status: Data Final
2025-10-25 10:15:38,049 - sistema_relatorios - relatorios_interface - INFO - Coluna de nome: Nome
2025-10-25 10:15:38,049 - sistema_relatorios - relatorios_interface - INFO - Total de clientes ativos encontrados: 14
2025-10-25 10:15:38,052 - sistema_relatorios - relatorios_interface - INFO - Lista de clientes atualizada com 15 clientes
2025-10-25 10:15:38,082 - sistema_relatorios - relatorios_interface - INFO - Carregando clientes de: C:\Users\Obras\sistema_gestao_testes\testes\Financeiro\Planilhas_Base\clientes.xlsx
2025-10-25 10:15:38,102 - sistema_relatorios - relatorios_interface - INFO - Colunas disponíveis: ['Nome', 'Endereço', 'Data Inicial', 'Observações', 'Data Final', 'Tipo Taxa']
2025-10-25 10:15:38,103 - sistema_relatorios - relatorios_interface - INFO - Coluna de status: Data Final
2025-10-25 10:15:38,105 - sistema_relatorios - relatorios_interface - INFO - Coluna de nome: Nome
2025-10-25 10:15:38,106 - sistema_relatorios - relatorios_interface - INFO - Total de clientes ativos encontrados: 14
2025-10-25 10:15:38,107 - sistema_relatorios - relatorios_interface - INFO - Lista de clientes carregada com 15 itens
2025-10-25 10:15:39,337 - sistema_relatorios - relatorios_interface - INFO - Data calculada automaticamente: 05/11/2025
2025-10-25 10:15:39,337 - sistema_relatorios - relatorios_interface - INFO - Data calculada automaticamente: 05/11/2025
2025-10-25 10:15:42,790 - sistema_relatorios - relatorios_interface - INFO - Cliente selecionado: BRUNO SANTANA RINALDI
2025-10-25 10:15:42,790 - sistema_relatorios - relatorios_interface - INFO - Arquivo encontrado: C:\Users\Obras\sistema_gestao_testes\testes\Financeiro\Clientes\BRUNO SANTANA RINALDI.xlsx
2025-10-25 10:15:42,790 - sistema_relatorios - relatorios_interface - INFO - Arquivo encontrado: C:\Users\Obras\sistema_gestao_testes\testes\Financeiro\Clientes\BRUNO SANTANA RINALDI.xlsx
2025-10-25 10:15:45,189 - sistema_relatorios - relatorios_interface - INFO - 🔍 INICIANDO gerar_relatorio para: despesas
2025-10-25 10:15:45,189 - sistema_relatorios - relatorios_interface - INFO - 🎯 PROCESSANDO: Relatório de despesas
2025-10-25 10:15:45,189 - sistema_relatorios - relatorios_interface - INFO - 🎯 PROCESSANDO DESPESAS - ARQUITETURA LIMPA
2025-10-25 10:15:45,189 - sistema_relatorios - relatorios_interface - INFO - Data final obtida: 2025-11-05 00:00:00 (tipo: <class 'datetime.datetime'>)
2025-10-25 10:15:45,189 - sistema_relatorios - relatorios_interface - INFO - ✅ Arquivo encontrado em arquivo_cliente_selecionado: C:\Users\Obras\sistema_gestao_testes\testes\Financeiro\Clientes\BRUNO SANTANA RINALDI.xlsx
2025-10-25 10:15:45,189 - sistema_relatorios - relatorios_interface - INFO - ✅ Arquivo final nas configurações: C:\Users\Obras\sistema_gestao_testes\testes\Financeiro\Clientes\BRUNO SANTANA RINALDI.xlsx
2025-10-25 10:15:45,189 - sistema_relatorios - relatorios_interface - INFO - ✅ Configurações coletadas
2025-10-25 10:15:45,204 - sistema_relatorios - relatorios_interface - INFO - ✅ Arquivo confirmado: BRUNO SANTANA RINALDI.xlsx
2025-10-25 10:15:46,866 - sistema_relatorios - relatorios_interface - INFO - Modo selecionado: Preview
2025-10-25 10:15:46,866 - sistema_relatorios - relatorios_interface - INFO - 🎯 EXECUTANDO COM PREVIEW DIRETO - PDF TEMPORÁRIO
2025-10-25 10:15:47,836 - sistema_relatorios - relatorios_interface - INFO - ✅ Janela de decisão criada
2025-10-25 10:16:27,898 - sistema_relatorios - relatorios_interface - INFO - 🗑️ PDF temporário agendado para remoção: PREVIEW_BRUNO_SANTANA_RINALDI_20251025_101547.pdf
2025-10-25 10:16:29,245 - sistema_relatorios - relatorios_interface - INFO - Solicitado retorno ao menu principal
2025-10-25 10:16:29,246 - sistema_relatorios - relatorios_interface - INFO - Retornando ao menu principal existente
2025-10-25 10:16:29,325 - sistema_relatorios - relatorios_interface - INFO - Retorno ao menu principal concluído
2025-10-25 10:20:37,431 - sistema - logger_config - INFO - Sistema de logging inicializado
2025-10-25 10:20:37,432 - sistema_principal - logger_config - INFO - Usuário alterado para: sistema_principal
2025-10-25 10:20:37,432 - sistema_principal - sistema_principal - INFO - Abrindo sistema de relatórios
2025-10-25 10:20:37,559 - sistema_relatorios - logger_config - INFO - Usuário alterado para: sistema_relatorios
2025-10-25 10:20:37,559 - sistema_relatorios - relatorios_interface - INFO - Sistema de relatórios inicializando usando logger configurado
2025-10-25 10:20:37,559 - sistema_relatorios - relatorios_interface - INFO - Configurações de janela importadas com sucesso
2025-10-25 10:20:37,559 - sistema_relatorios - relatorios_interface - INFO - === Sistema de Relatórios Inicializando ===
2025-10-25 10:20:39,641 - sistema_relatorios - relatorios_interface - INFO - Carregando clientes de: C:\Users\Obras\sistema_gestao_testes\testes\Financeiro\Planilhas_Base\clientes.xlsx
2025-10-25 10:20:39,729 - sistema_relatorios - relatorios_interface - INFO - Colunas disponíveis: ['Nome', 'Endereço', 'Data Inicial', 'Observações', 'Data Final', 'Tipo Taxa']
2025-10-25 10:20:39,730 - sistema_relatorios - relatorios_interface - INFO - Coluna de status: Data Final
2025-10-25 10:20:39,747 - sistema_relatorios - relatorios_interface - INFO - Coluna de nome: Nome
2025-10-25 10:20:39,748 - sistema_relatorios - relatorios_interface - INFO - Total de clientes ativos encontrados: 14
2025-10-25 10:20:39,750 - sistema_relatorios - relatorios_interface - INFO - Lista de clientes atualizada com 15 clientes
2025-10-25 10:20:39,777 - sistema_relatorios - relatorios_interface - INFO - Carregando clientes de: C:\Users\Obras\sistema_gestao_testes\testes\Financeiro\Planilhas_Base\clientes.xlsx
2025-10-25 10:20:39,799 - sistema_relatorios - relatorios_interface - INFO - Colunas disponíveis: ['Nome', 'Endereço', 'Data Inicial', 'Observações', 'Data Final', 'Tipo Taxa']
2025-10-25 10:20:39,801 - sistema_relatorios - relatorios_interface - INFO - Coluna de status: Data Final
2025-10-25 10:20:39,801 - sistema_relatorios - relatorios_interface - INFO - Coluna de nome: Nome
2025-10-25 10:20:39,801 - sistema_relatorios - relatorios_interface - INFO - Total de clientes ativos encontrados: 14
2025-10-25 10:20:39,806 - sistema_relatorios - relatorios_interface - INFO - Lista de clientes carregada com 15 itens
2025-10-25 10:20:41,301 - sistema_relatorios - relatorios_interface - INFO - Data calculada automaticamente: 05/11/2025
2025-10-25 10:20:41,301 - sistema_relatorios - relatorios_interface - INFO - Data calculada automaticamente: 05/11/2025
2025-10-25 10:20:44,675 - sistema_relatorios - relatorios_interface - INFO - Cliente selecionado: BRUNO SANTANA RINALDI
2025-10-25 10:20:44,675 - sistema_relatorios - relatorios_interface - INFO - Arquivo encontrado: C:\Users\Obras\sistema_gestao_testes\testes\Financeiro\Clientes\BRUNO SANTANA RINALDI.xlsx
2025-10-25 10:20:44,694 - sistema_relatorios - relatorios_interface - INFO - Arquivo encontrado: C:\Users\Obras\sistema_gestao_testes\testes\Financeiro\Clientes\BRUNO SANTANA RINALDI.xlsx
2025-10-25 10:20:46,169 - sistema_relatorios - relatorios_interface - INFO - 🔍 INICIANDO gerar_relatorio para: despesas
2025-10-25 10:20:46,169 - sistema_relatorios - relatorios_interface - INFO - 🎯 PROCESSANDO: Relatório de despesas
2025-10-25 10:20:46,169 - sistema_relatorios - relatorios_interface - INFO - 🎯 PROCESSANDO DESPESAS - ARQUITETURA LIMPA
2025-10-25 10:20:46,169 - sistema_relatorios - relatorios_interface - INFO - Data final obtida: 2025-11-05 00:00:00 (tipo: <class 'datetime.datetime'>)
2025-10-25 10:20:46,169 - sistema_relatorios - relatorios_interface - INFO - ✅ Arquivo encontrado em arquivo_cliente_selecionado: C:\Users\Obras\sistema_gestao_testes\testes\Financeiro\Clientes\BRUNO SANTANA RINALDI.xlsx
2025-10-25 10:20:46,169 - sistema_relatorios - relatorios_interface - INFO - ✅ Arquivo final nas configurações: C:\Users\Obras\sistema_gestao_testes\testes\Financeiro\Clientes\BRUNO SANTANA RINALDI.xlsx
2025-10-25 10:20:46,169 - sistema_relatorios - relatorios_interface - INFO - ✅ Configurações coletadas
2025-10-25 10:20:46,169 - sistema_relatorios - relatorios_interface - INFO - ✅ Arquivo confirmado: BRUNO SANTANA RINALDI.xlsx
2025-10-25 10:20:47,724 - sistema_relatorios - relatorios_interface - INFO - Modo selecionado: Preview
2025-10-25 10:20:47,724 - sistema_relatorios - relatorios_interface - INFO - 🎯 EXECUTANDO COM PREVIEW DIRETO - PDF TEMPORÁRIO
2025-10-25 10:20:48,783 - sistema_relatorios - relatorios_interface - INFO - ✅ Janela de decisão criada
2025-10-25 10:20:58,122 - sistema_relatorios - relatorios_interface - INFO - 🗑️ PDF temporário agendado para remoção: PREVIEW_BRUNO_SANTANA_RINALDI_20251025_102048.pdf
2025-10-25 10:20:59,477 - sistema_relatorios - relatorios_interface - INFO - Solicitado retorno ao menu principal
2025-10-25 10:20:59,477 - sistema_relatorios - relatorios_interface - INFO - Retornando ao menu principal existente
2025-10-25 10:20:59,551 - sistema_relatorios - relatorios_interface - INFO - Retorno ao menu principal concluído
2025-10-25 10:30:50,733 - sistema - logger_config - INFO - Sistema de logging inicializado
2025-10-25 10:30:50,734 - sistema_principal - logger_config - INFO - Usuário alterado para: sistema_principal
2025-10-25 10:30:50,734 - sistema_principal - sistema_principal - INFO - Abrindo sistema de relatórios
2025-10-25 10:30:50,844 - sistema_relatorios - logger_config - INFO - Usuário alterado para: sistema_relatorios
2025-10-25 10:30:50,844 - sistema_relatorios - relatorios_interface - INFO - Sistema de relatórios inicializando usando logger configurado
2025-10-25 10:30:50,844 - sistema_relatorios - relatorios_interface - INFO - Configurações de janela importadas com sucesso
2025-10-25 10:30:50,844 - sistema_relatorios - relatorios_interface - INFO - === Sistema de Relatórios Inicializando ===
2025-10-25 10:30:52,905 - sistema_relatorios - relatorios_interface - INFO - Carregando clientes de: C:\Users\Obras\sistema_gestao_testes\testes\Financeiro\Planilhas_Base\clientes.xlsx
2025-10-25 10:30:52,998 - sistema_relatorios - relatorios_interface - INFO - Colunas disponíveis: ['Nome', 'Endereço', 'Data Inicial', 'Observações', 'Data Final', 'Tipo Taxa']
2025-10-25 10:30:52,999 - sistema_relatorios - relatorios_interface - INFO - Coluna de status: Data Final
2025-10-25 10:30:53,015 - sistema_relatorios - relatorios_interface - INFO - Coluna de nome: Nome
2025-10-25 10:30:53,017 - sistema_relatorios - relatorios_interface - INFO - Total de clientes ativos encontrados: 14
2025-10-25 10:30:53,019 - sistema_relatorios - relatorios_interface - INFO - Lista de clientes atualizada com 15 clientes
2025-10-25 10:30:53,051 - sistema_relatorios - relatorios_interface - INFO - Carregando clientes de: C:\Users\Obras\sistema_gestao_testes\testes\Financeiro\Planilhas_Base\clientes.xlsx
2025-10-25 10:30:53,060 - sistema_relatorios - relatorios_interface - INFO - Colunas disponíveis: ['Nome', 'Endereço', 'Data Inicial', 'Observações', 'Data Final', 'Tipo Taxa']
2025-10-25 10:30:53,068 - sistema_relatorios - relatorios_interface - INFO - Coluna de status: Data Final
2025-10-25 10:30:53,072 - sistema_relatorios - relatorios_interface - INFO - Coluna de nome: Nome
2025-10-25 10:30:53,074 - sistema_relatorios - relatorios_interface - INFO - Total de clientes ativos encontrados: 14
2025-10-25 10:30:53,075 - sistema_relatorios - relatorios_interface - INFO - Lista de clientes carregada com 15 itens
2025-10-25 10:30:53,997 - sistema_relatorios - relatorios_interface - INFO - Data calculada automaticamente: 05/11/2025
2025-10-25 10:30:53,997 - sistema_relatorios - relatorios_interface - INFO - Data calculada automaticamente: 05/11/2025
2025-10-25 10:30:57,805 - sistema_relatorios - relatorios_interface - INFO - Cliente selecionado: BRUNO SANTANA RINALDI
2025-10-25 10:30:57,821 - sistema_relatorios - relatorios_interface - INFO - Arquivo encontrado: C:\Users\Obras\sistema_gestao_testes\testes\Financeiro\Clientes\BRUNO SANTANA RINALDI.xlsx
2025-10-25 10:30:57,821 - sistema_relatorios - relatorios_interface - INFO - Arquivo encontrado: C:\Users\Obras\sistema_gestao_testes\testes\Financeiro\Clientes\BRUNO SANTANA RINALDI.xlsx
2025-10-25 10:31:00,341 - sistema_relatorios - relatorios_interface - INFO - 🔍 INICIANDO gerar_relatorio para: despesas
2025-10-25 10:31:00,341 - sistema_relatorios - relatorios_interface - INFO - 🎯 PROCESSANDO: Relatório de despesas
2025-10-25 10:31:00,341 - sistema_relatorios - relatorios_interface - INFO - 🎯 PROCESSANDO DESPESAS - ARQUITETURA LIMPA
2025-10-25 10:31:00,356 - sistema_relatorios - relatorios_interface - INFO - Data final obtida: 2025-11-05 00:00:00 (tipo: <class 'datetime.datetime'>)
2025-10-25 10:31:00,356 - sistema_relatorios - relatorios_interface - INFO - ✅ Arquivo encontrado em arquivo_cliente_selecionado: C:\Users\Obras\sistema_gestao_testes\testes\Financeiro\Clientes\BRUNO SANTANA RINALDI.xlsx
2025-10-25 10:31:00,356 - sistema_relatorios - relatorios_interface - INFO - ✅ Arquivo final nas configurações: C:\Users\Obras\sistema_gestao_testes\testes\Financeiro\Clientes\BRUNO SANTANA RINALDI.xlsx
2025-10-25 10:31:00,356 - sistema_relatorios - relatorios_interface - INFO - ✅ Configurações coletadas
2025-10-25 10:31:00,356 - sistema_relatorios - relatorios_interface - INFO - ✅ Arquivo confirmado: BRUNO SANTANA RINALDI.xlsx
2025-10-25 10:31:02,153 - sistema_relatorios - relatorios_interface - INFO - Modo selecionado: Preview
2025-10-25 10:31:02,153 - sistema_relatorios - relatorios_interface - INFO - 🎯 EXECUTANDO COM PREVIEW DIRETO - PDF TEMPORÁRIO
2025-10-25 10:31:03,257 - sistema_relatorios - relatorios_interface - INFO - ✅ Janela de decisão criada
2025-10-25 10:31:54,861 - sistema_relatorios - relatorios_interface - ERROR - Erro ao atualizar progresso: 'Toplevel' object has no attribute 'percent_label'
2025-10-25 10:31:55,101 - sistema_relatorios - relatorios_interface - INFO - 🗑️ PDF temporário agendado para remoção: PREVIEW_BRUNO_SANTANA_RINALDI_20251025_103102.pdf
2025-10-25 10:31:57,124 - sistema_relatorios - relatorios_interface - WARNING - Aviso: Não foi possível remover arquivo temporário: [WinError 32] O arquivo já está sendo usado por outro processo: 'C:\\Users\\Obras\\AppData\\Local\\Temp\\PREVIEW_BRUNO_SANTANA_RINALDI_20251025_103102.pdf'
2025-10-25 10:34:28,493 - sistema_relatorios - relatorios_interface - INFO - Solicitado retorno ao menu principal
2025-10-25 10:34:28,493 - sistema_relatorios - relatorios_interface - INFO - Retornando ao menu principal existente
2025-10-25 10:34:28,595 - sistema_relatorios - relatorios_interface - INFO - Retorno ao menu principal concluído
2025-10-25 10:37:55,386 - sistema - logger_config - INFO - Sistema de logging inicializado
2025-10-25 10:37:55,386 - sistema_principal - logger_config - INFO - Usuário alterado para: sistema_principal
2025-10-25 10:37:55,393 - sistema_principal - sistema_principal - INFO - Abrindo sistema de relatórios
2025-10-25 10:37:55,514 - sistema_relatorios - logger_config - INFO - Usuário alterado para: sistema_relatorios
2025-10-25 10:37:55,530 - sistema_relatorios - relatorios_interface - INFO - Sistema de relatórios inicializando usando logger configurado
2025-10-25 10:37:55,530 - sistema_relatorios - relatorios_interface - INFO - Configurações de janela importadas com sucesso
2025-10-25 10:37:55,530 - sistema_relatorios - relatorios_interface - INFO - === Sistema de Relatórios Inicializando ===
2025-10-25 10:37:57,539 - sistema_relatorios - relatorios_interface - INFO - Carregando clientes de: C:\Users\Obras\sistema_gestao_testes\testes\Financeiro\Planilhas_Base\clientes.xlsx
2025-10-25 10:37:57,613 - sistema_relatorios - relatorios_interface - INFO - Colunas disponíveis: ['Nome', 'Endereço', 'Data Inicial', 'Observações', 'Data Final', 'Tipo Taxa']
2025-10-25 10:37:57,629 - sistema_relatorios - relatorios_interface - INFO - Coluna de status: Data Final
2025-10-25 10:37:57,641 - sistema_relatorios - relatorios_interface - INFO - Coluna de nome: Nome
2025-10-25 10:37:57,642 - sistema_relatorios - relatorios_interface - INFO - Total de clientes ativos encontrados: 14
2025-10-25 10:37:57,643 - sistema_relatorios - relatorios_interface - INFO - Lista de clientes atualizada com 15 clientes
2025-10-25 10:37:57,667 - sistema_relatorios - relatorios_interface - INFO - Carregando clientes de: C:\Users\Obras\sistema_gestao_testes\testes\Financeiro\Planilhas_Base\clientes.xlsx
2025-10-25 10:37:57,688 - sistema_relatorios - relatorios_interface - INFO - Colunas disponíveis: ['Nome', 'Endereço', 'Data Inicial', 'Observações', 'Data Final', 'Tipo Taxa']
2025-10-25 10:37:57,688 - sistema_relatorios - relatorios_interface - INFO - Coluna de status: Data Final
2025-10-25 10:37:57,688 - sistema_relatorios - relatorios_interface - INFO - Coluna de nome: Nome
2025-10-25 10:37:57,688 - sistema_relatorios - relatorios_interface - INFO - Total de clientes ativos encontrados: 14
2025-10-25 10:37:57,695 - sistema_relatorios - relatorios_interface - INFO - Lista de clientes carregada com 15 itens
2025-10-25 10:37:58,828 - sistema_relatorios - relatorios_interface - INFO - Data calculada automaticamente: 05/11/2025
2025-10-25 10:37:58,828 - sistema_relatorios - relatorios_interface - INFO - Data calculada automaticamente: 05/11/2025
2025-10-25 10:38:02,104 - sistema_relatorios - relatorios_interface - INFO - Cliente selecionado: BRUNO SANTANA RINALDI
2025-10-25 10:38:02,104 - sistema_relatorios - relatorios_interface - INFO - Arquivo encontrado: C:\Users\Obras\sistema_gestao_testes\testes\Financeiro\Clientes\BRUNO SANTANA RINALDI.xlsx
2025-10-25 10:38:02,119 - sistema_relatorios - relatorios_interface - INFO - Arquivo encontrado: C:\Users\Obras\sistema_gestao_testes\testes\Financeiro\Clientes\BRUNO SANTANA RINALDI.xlsx
2025-10-25 10:38:05,653 - sistema_relatorios - relatorios_interface - INFO - 🔍 INICIANDO gerar_relatorio para: despesas
2025-10-25 10:38:05,654 - sistema_relatorios - relatorios_interface - INFO - 🎯 PROCESSANDO: Relatório de despesas
2025-10-25 10:38:05,655 - sistema_relatorios - relatorios_interface - INFO - 🎯 PROCESSANDO DESPESAS - ARQUITETURA LIMPA
2025-10-25 10:38:05,656 - sistema_relatorios - relatorios_interface - INFO - Data final obtida: 2025-11-05 00:00:00 (tipo: <class 'datetime.datetime'>)
2025-10-25 10:38:05,657 - sistema_relatorios - relatorios_interface - INFO - ✅ Arquivo encontrado em arquivo_cliente_selecionado: C:\Users\Obras\sistema_gestao_testes\testes\Financeiro\Clientes\BRUNO SANTANA RINALDI.xlsx
2025-10-25 10:38:05,657 - sistema_relatorios - relatorios_interface - INFO - ✅ Arquivo final nas configurações: C:\Users\Obras\sistema_gestao_testes\testes\Financeiro\Clientes\BRUNO SANTANA RINALDI.xlsx
2025-10-25 10:38:05,658 - sistema_relatorios - relatorios_interface - INFO - ✅ Configurações coletadas
2025-10-25 10:38:05,658 - sistema_relatorios - relatorios_interface - INFO - ✅ Arquivo confirmado: BRUNO SANTANA RINALDI.xlsx
2025-10-25 10:38:07,488 - sistema_relatorios - relatorios_interface - INFO - Modo selecionado: Preview
2025-10-25 10:38:07,488 - sistema_relatorios - relatorios_interface - INFO - 🎯 EXECUTANDO COM PREVIEW DIRETO - PDF TEMPORÁRIO
2025-10-25 10:38:08,703 - sistema_relatorios - relatorios_interface - INFO - ✅ Janela de decisão criada
2025-10-25 10:38:31,992 - sistema_relatorios - relatorios_interface - INFO - 🗑️ PDF temporário agendado para remoção: PREVIEW_BRUNO_SANTANA_RINALDI_20251025_103808.pdf
2025-10-25 10:38:33,172 - sistema_relatorios - relatorios_interface - INFO - Solicitado retorno ao menu principal
2025-10-25 10:38:33,172 - sistema_relatorios - relatorios_interface - INFO - Retornando ao menu principal existente
2025-10-25 10:38:33,309 - sistema_relatorios - relatorios_interface - INFO - Retorno ao menu principal concluído
2025-10-25 10:39:57,415 - sistema - logger_config - INFO - Sistema de logging inicializado
2025-10-25 10:39:57,416 - sistema_principal - logger_config - INFO - Usuário alterado para: sistema_principal
2025-10-25 10:39:57,417 - sistema_principal - sistema_principal - INFO - Abrindo sistema de relatórios
2025-10-25 10:39:57,611 - sistema_relatorios - logger_config - INFO - Usuário alterado para: sistema_relatorios
2025-10-25 10:39:57,611 - sistema_relatorios - relatorios_interface - INFO - Sistema de relatórios inicializando usando logger configurado
2025-10-25 10:39:57,611 - sistema_relatorios - relatorios_interface - INFO - Configurações de janela importadas com sucesso
2025-10-25 10:39:57,611 - sistema_relatorios - relatorios_interface - INFO - === Sistema de Relatórios Inicializando ===
2025-10-25 10:39:59,230 - sistema_relatorios - relatorios_interface - INFO - Carregando clientes de: C:\Users\Obras\sistema_gestao_testes\testes\Financeiro\Planilhas_Base\clientes.xlsx
2025-10-25 10:39:59,285 - sistema_relatorios - relatorios_interface - INFO - Colunas disponíveis: ['Nome', 'Endereço', 'Data Inicial', 'Observações', 'Data Final', 'Tipo Taxa']
2025-10-25 10:39:59,286 - sistema_relatorios - relatorios_interface - INFO - Coluna de status: Data Final
2025-10-25 10:39:59,288 - sistema_relatorios - relatorios_interface - INFO - Coluna de nome: Nome
2025-10-25 10:39:59,289 - sistema_relatorios - relatorios_interface - INFO - Total de clientes ativos encontrados: 14
2025-10-25 10:39:59,290 - sistema_relatorios - relatorios_interface - INFO - Lista de clientes atualizada com 15 clientes
2025-10-25 10:39:59,320 - sistema_relatorios - relatorios_interface - INFO - Carregando clientes de: C:\Users\Obras\sistema_gestao_testes\testes\Financeiro\Planilhas_Base\clientes.xlsx
2025-10-25 10:39:59,336 - sistema_relatorios - relatorios_interface - INFO - Colunas disponíveis: ['Nome', 'Endereço', 'Data Inicial', 'Observações', 'Data Final', 'Tipo Taxa']
2025-10-25 10:39:59,337 - sistema_relatorios - relatorios_interface - INFO - Coluna de status: Data Final
2025-10-25 10:39:59,340 - sistema_relatorios - relatorios_interface - INFO - Coluna de nome: Nome
2025-10-25 10:39:59,341 - sistema_relatorios - relatorios_interface - INFO - Total de clientes ativos encontrados: 14
2025-10-25 10:39:59,342 - sistema_relatorios - relatorios_interface - INFO - Lista de clientes carregada com 15 itens
2025-10-25 10:40:01,038 - sistema_relatorios - relatorios_interface - INFO - Data calculada automaticamente: 05/11/2025
2025-10-25 10:40:01,038 - sistema_relatorios - relatorios_interface - INFO - Data calculada automaticamente: 05/11/2025
2025-10-25 10:40:05,145 - sistema_relatorios - relatorios_interface - INFO - Cliente selecionado: BRUNO SANTANA RINALDI
2025-10-25 10:40:05,145 - sistema_relatorios - relatorios_interface - INFO - Arquivo encontrado: C:\Users\Obras\sistema_gestao_testes\testes\Financeiro\Clientes\BRUNO SANTANA RINALDI.xlsx
2025-10-25 10:40:05,145 - sistema_relatorios - relatorios_interface - INFO - Arquivo encontrado: C:\Users\Obras\sistema_gestao_testes\testes\Financeiro\Clientes\BRUNO SANTANA RINALDI.xlsx
2025-10-25 10:40:22,285 - sistema_relatorios - relatorios_interface - INFO - Notas salvas: 278 caracteres
2025-10-25 10:40:26,776 - sistema_relatorios - relatorios_interface - INFO - 🔍 INICIANDO gerar_relatorio para: despesas
2025-10-25 10:40:26,776 - sistema_relatorios - relatorios_interface - INFO - 🎯 PROCESSANDO: Relatório de despesas
2025-10-25 10:40:26,776 - sistema_relatorios - relatorios_interface - INFO - 🎯 PROCESSANDO DESPESAS - ARQUITETURA LIMPA
2025-10-25 10:40:26,776 - sistema_relatorios - relatorios_interface - INFO - Data final obtida: 2025-11-05 00:00:00 (tipo: <class 'datetime.datetime'>)
2025-10-25 10:40:26,776 - sistema_relatorios - relatorios_interface - INFO - ✅ Arquivo encontrado em arquivo_cliente_selecionado: C:\Users\Obras\sistema_gestao_testes\testes\Financeiro\Clientes\BRUNO SANTANA RINALDI.xlsx
2025-10-25 10:40:26,791 - sistema_relatorios - relatorios_interface - INFO - ✅ Arquivo final nas configurações: C:\Users\Obras\sistema_gestao_testes\testes\Financeiro\Clientes\BRUNO SANTANA RINALDI.xlsx
2025-10-25 10:40:26,791 - sistema_relatorios - relatorios_interface - INFO - ✅ Configurações coletadas
2025-10-25 10:40:26,791 - sistema_relatorios - relatorios_interface - INFO - ✅ Arquivo confirmado: BRUNO SANTANA RINALDI.xlsx
2025-10-25 10:40:28,789 - sistema_relatorios - relatorios_interface - INFO - Modo selecionado: Preview
2025-10-25 10:40:28,789 - sistema_relatorios - relatorios_interface - INFO - 🎯 EXECUTANDO COM PREVIEW DIRETO - PDF TEMPORÁRIO
2025-10-25 10:40:29,870 - sistema_relatorios - relatorios_interface - INFO - ✅ Janela de decisão criada
2025-10-25 10:40:52,231 - sistema_relatorios - relatorios_interface - ERROR - Erro ao atualizar progresso: 'Toplevel' object has no attribute 'percent_label'
2025-10-25 10:40:52,577 - sistema_relatorios - relatorios_interface - INFO - 🗑️ PDF temporário agendado para remoção: PREVIEW_BRUNO_SANTANA_RINALDI_20251025_104029.pdf
2025-10-25 10:40:54,584 - sistema_relatorios - relatorios_interface - WARNING - Aviso: Não foi possível remover arquivo temporário: [WinError 32] O arquivo já está sendo usado por outro processo: 'C:\\Users\\Obras\\AppData\\Local\\Temp\\PREVIEW_BRUNO_SANTANA_RINALDI_20251025_104029.pdf'
2025-10-25 10:41:09,387 - sistema_relatorios - relatorios_interface - INFO - Solicitado retorno ao menu principal
2025-10-25 10:41:09,402 - sistema_relatorios - relatorios_interface - INFO - Retornando ao menu principal existente
2025-10-25 10:41:09,503 - sistema_relatorios - relatorios_interface - INFO - Retorno ao menu principal concluído
2025-10-25 10:42:49,817 - sistema - logger_config - INFO - Sistema de logging inicializado
2025-10-25 10:42:49,818 - sistema_principal - logger_config - INFO - Usuário alterado para: sistema_principal
2025-10-25 10:42:49,818 - sistema_principal - sistema_principal - INFO - Abrindo sistema de relatórios
2025-10-25 10:42:50,025 - sistema_relatorios - logger_config - INFO - Usuário alterado para: sistema_relatorios
2025-10-25 10:42:50,025 - sistema_relatorios - relatorios_interface - INFO - Sistema de relatórios inicializando usando logger configurado
2025-10-25 10:42:50,025 - sistema_relatorios - relatorios_interface - INFO - Configurações de janela importadas com sucesso
2025-10-25 10:42:50,025 - sistema_relatorios - relatorios_interface - INFO - === Sistema de Relatórios Inicializando ===
2025-10-25 10:42:52,033 - sistema_relatorios - relatorios_interface - INFO - Carregando clientes de: C:\Users\Obras\sistema_gestao_testes\testes\Financeiro\Planilhas_Base\clientes.xlsx
2025-10-25 10:42:52,154 - sistema_relatorios - relatorios_interface - INFO - Colunas disponíveis: ['Nome', 'Endereço', 'Data Inicial', 'Observações', 'Data Final', 'Tipo Taxa']
2025-10-25 10:42:52,155 - sistema_relatorios - relatorios_interface - INFO - Coluna de status: Data Final
2025-10-25 10:42:52,160 - sistema_relatorios - relatorios_interface - INFO - Coluna de nome: Nome
2025-10-25 10:42:52,160 - sistema_relatorios - relatorios_interface - INFO - Total de clientes ativos encontrados: 14
2025-10-25 10:42:52,173 - sistema_relatorios - relatorios_interface - INFO - Lista de clientes atualizada com 15 clientes
2025-10-25 10:42:52,193 - sistema_relatorios - relatorios_interface - INFO - Carregando clientes de: C:\Users\Obras\sistema_gestao_testes\testes\Financeiro\Planilhas_Base\clientes.xlsx
2025-10-25 10:42:52,231 - sistema_relatorios - relatorios_interface - INFO - Colunas disponíveis: ['Nome', 'Endereço', 'Data Inicial', 'Observações', 'Data Final', 'Tipo Taxa']
2025-10-25 10:42:52,232 - sistema_relatorios - relatorios_interface - INFO - Coluna de status: Data Final
2025-10-25 10:42:52,234 - sistema_relatorios - relatorios_interface - INFO - Coluna de nome: Nome
2025-10-25 10:42:52,236 - sistema_relatorios - relatorios_interface - INFO - Total de clientes ativos encontrados: 14
2025-10-25 10:42:52,236 - sistema_relatorios - relatorios_interface - INFO - Lista de clientes carregada com 15 itens
2025-10-25 10:42:53,546 - sistema_relatorios - relatorios_interface - INFO - Data calculada automaticamente: 05/11/2025
2025-10-25 10:42:53,546 - sistema_relatorios - relatorios_interface - INFO - Data calculada automaticamente: 05/11/2025
2025-10-25 10:42:59,304 - sistema_relatorios - relatorios_interface - INFO - Cliente selecionado: BRUNO SANTANA RINALDI
2025-10-25 10:42:59,304 - sistema_relatorios - relatorios_interface - INFO - Arquivo encontrado: C:\Users\Obras\sistema_gestao_testes\testes\Financeiro\Clientes\BRUNO SANTANA RINALDI.xlsx
2025-10-25 10:42:59,320 - sistema_relatorios - relatorios_interface - INFO - Arquivo encontrado: C:\Users\Obras\sistema_gestao_testes\testes\Financeiro\Clientes\BRUNO SANTANA RINALDI.xlsx
2025-10-25 10:43:58,536 - sistema_relatorios - relatorios_interface - INFO - Cliente selecionado: CLEVER LUIZ SALVADOR
2025-10-25 10:43:58,536 - sistema_relatorios - relatorios_interface - INFO - Arquivo encontrado: C:\Users\Obras\sistema_gestao_testes\testes\Financeiro\Clientes\CLEVER LUIZ SALVADOR.xlsx
2025-10-25 10:43:58,536 - sistema_relatorios - relatorios_interface - INFO - Arquivo encontrado: C:\Users\Obras\sistema_gestao_testes\testes\Financeiro\Clientes\CLEVER LUIZ SALVADOR.xlsx
2025-10-25 10:44:03,594 - sistema_relatorios - relatorios_interface - INFO - Cliente selecionado: GILMAR ALMEIDA PORTUGAL
2025-10-25 10:44:03,594 - sistema_relatorios - relatorios_interface - INFO - Arquivo encontrado: C:\Users\Obras\sistema_gestao_testes\testes\Financeiro\Clientes\GILMAR ALMEIDA PORTUGAL.xlsx
2025-10-25 10:44:03,594 - sistema_relatorios - relatorios_interface - INFO - Arquivo encontrado: C:\Users\Obras\sistema_gestao_testes\testes\Financeiro\Clientes\GILMAR ALMEIDA PORTUGAL.xlsx
2025-10-25 10:44:39,855 - sistema_relatorios - relatorios_interface - INFO - Solicitado retorno ao menu principal
2025-10-25 10:44:39,855 - sistema_relatorios - relatorios_interface - INFO - Retornando ao menu principal existente
2025-10-25 10:44:39,963 - sistema_relatorios - relatorios_interface - INFO - Retorno ao menu principal concluído
2025-10-25 10:47:43,872 - sistema - logger_config - INFO - Sistema de logging inicializado
2025-10-25 10:47:43,873 - sistema_principal - logger_config - INFO - Usuário alterado para: sistema_principal
2025-10-25 10:47:43,873 - sistema_principal - sistema_principal - INFO - Abrindo sistema de relatórios
2025-10-25 10:47:44,072 - sistema_relatorios - logger_config - INFO - Usuário alterado para: sistema_relatorios
2025-10-25 10:47:44,072 - sistema_relatorios - relatorios_interface - INFO - Sistema de relatórios inicializando usando logger configurado
2025-10-25 10:47:44,072 - sistema_relatorios - relatorios_interface - INFO - Configurações de janela importadas com sucesso
2025-10-25 10:47:44,072 - sistema_relatorios - relatorios_interface - INFO - === Sistema de Relatórios Inicializando ===
2025-10-25 10:47:45,721 - sistema_relatorios - relatorios_interface - INFO - Carregando clientes de: C:\Users\Obras\sistema_gestao_testes\testes\Financeiro\Planilhas_Base\clientes.xlsx
2025-10-25 10:47:45,783 - sistema_relatorios - relatorios_interface - INFO - Colunas disponíveis: ['Nome', 'Endereço', 'Data Inicial', 'Observações', 'Data Final', 'Tipo Taxa']
2025-10-25 10:47:45,784 - sistema_relatorios - relatorios_interface - INFO - Coluna de status: Data Final
2025-10-25 10:47:45,788 - sistema_relatorios - relatorios_interface - INFO - Coluna de nome: Nome
2025-10-25 10:47:45,789 - sistema_relatorios - relatorios_interface - INFO - Total de clientes ativos encontrados: 14
2025-10-25 10:47:45,790 - sistema_relatorios - relatorios_interface - INFO - Lista de clientes atualizada com 15 clientes
2025-10-25 10:47:45,814 - sistema_relatorios - relatorios_interface - INFO - Carregando clientes de: C:\Users\Obras\sistema_gestao_testes\testes\Financeiro\Planilhas_Base\clientes.xlsx
2025-10-25 10:47:45,832 - sistema_relatorios - relatorios_interface - INFO - Colunas disponíveis: ['Nome', 'Endereço', 'Data Inicial', 'Observações', 'Data Final', 'Tipo Taxa']
2025-10-25 10:47:45,839 - sistema_relatorios - relatorios_interface - INFO - Coluna de status: Data Final
2025-10-25 10:47:45,841 - sistema_relatorios - relatorios_interface - INFO - Coluna de nome: Nome
2025-10-25 10:47:45,841 - sistema_relatorios - relatorios_interface - INFO - Total de clientes ativos encontrados: 14
2025-10-25 10:47:45,841 - sistema_relatorios - relatorios_interface - INFO - Lista de clientes carregada com 15 itens
2025-10-25 10:47:46,752 - sistema_relatorios - relatorios_interface - INFO - Data calculada automaticamente: 05/11/2025
2025-10-25 10:47:46,752 - sistema_relatorios - relatorios_interface - INFO - Data calculada automaticamente: 05/11/2025
2025-10-25 10:47:50,372 - sistema_relatorios - relatorios_interface - INFO - Cliente selecionado: BRUNO SANTANA RINALDI
2025-10-25 10:47:50,372 - sistema_relatorios - relatorios_interface - INFO - Arquivo encontrado: C:\Users\Obras\sistema_gestao_testes\testes\Financeiro\Clientes\BRUNO SANTANA RINALDI.xlsx
2025-10-25 10:47:50,372 - sistema_relatorios - relatorios_interface - INFO - Arquivo encontrado: C:\Users\Obras\sistema_gestao_testes\testes\Financeiro\Clientes\BRUNO SANTANA RINALDI.xlsx
2025-10-25 10:48:23,839 - sistema_relatorios - relatorios_interface - INFO - Solicitado retorno ao menu principal
2025-10-25 10:48:23,839 - sistema_relatorios - relatorios_interface - INFO - Retornando ao menu principal existente
2025-10-25 10:48:23,947 - sistema_relatorios - relatorios_interface - INFO - Retorno ao menu principal concluído
