2025-10-17 11:35:59,488 - sistema - logger_config - INFO - Sistema de logging inicializado
2025-10-17 11:36:02,771 - sistema - logger_config - INFO - Iniciando: Carregar configurações
2025-10-17 11:36:02,806 - sistema - logger_config - INFO - Concluído: Carregar configurações
2025-10-17 11:36:02,808 - sistema - logger_config - INFO - Iniciando: Carregar configurações
2025-10-17 11:36:02,809 - sistema - logger_config - INFO - Concluído: Carregar configurações
2025-10-17 11:38:51,633 - sistema - logger_config - INFO - Sistema de logging inicializado
2025-10-17 11:38:53,293 - sistema - logger_config - INFO - Iniciando: Carregar configurações
2025-10-17 11:38:53,293 - sistema - logger_config - INFO - Concluído: Carregar configurações
2025-10-17 11:38:53,293 - sistema - logger_config - INFO - Iniciando: Carregar configurações
2025-10-17 11:38:53,293 - sistema - logger_config - INFO - Concluído: Carregar configurações
2025-10-17 11:40:16,831 - sistema - logger_config - INFO - Sistema de logging inicializado
2025-10-17 11:40:18,558 - sistema - logger_config - INFO - Iniciando: Carregar configurações
2025-10-17 11:40:18,558 - sistema - logger_config - INFO - Concluído: Carregar configurações
2025-10-17 11:40:18,558 - sistema - logger_config - INFO - Iniciando: Carregar configurações
2025-10-17 11:40:18,558 - sistema - logger_config - INFO - Concluído: Carregar configurações
2025-10-17 11:41:56,863 - sistema - logger_config - INFO - Sistema de logging inicializado
2025-10-17 11:41:58,612 - sistema - logger_config - INFO - Iniciando: Carregar configurações
2025-10-17 11:41:58,612 - sistema - logger_config - INFO - Concluído: Carregar configurações
2025-10-17 11:41:58,612 - sistema - logger_config - INFO - Iniciando: Carregar configurações
2025-10-17 11:41:58,612 - sistema - logger_config - INFO - Concluído: Carregar configurações
2025-10-17 11:44:50,243 - sistema - logger_config - INFO - Sistema de logging inicializado
2025-10-17 11:44:51,672 - sistema - logger_config - INFO - Iniciando: Carregar configurações
2025-10-17 11:44:51,687 - sistema - logger_config - INFO - Concluído: Carregar configurações
2025-10-17 11:44:51,687 - sistema - logger_config - INFO - Iniciando: Carregar configurações
2025-10-17 11:44:51,687 - sistema - logger_config - INFO - Concluído: Carregar configurações
2025-10-17 11:53:42,605 - sistema - logger_config - INFO - Sistema de logging inicializado
2025-10-17 11:53:45,149 - sistema - logger_config - INFO - Iniciando: Carregar configurações
2025-10-17 11:53:45,149 - sistema - logger_config - INFO - Concluído: Carregar configurações
2025-10-17 11:53:45,165 - sistema - logger_config - INFO - Iniciando: Carregar configurações
2025-10-17 11:53:45,165 - sistema - logger_config - INFO - Concluído: Carregar configurações
2025-10-17 11:55:28,955 - sistema - Sistema_Entrada_Dados - INFO - Iniciando envio de dados - Cliente: CLEVER LUIZ SALVADOR, Registros: 10
2025-10-17 11:55:28,955 - sistema - Sistema_Entrada_Dados - INFO - Obtendo dados do visualizador
2025-10-17 11:55:28,955 - sistema - Sistema_Entrada_Dados - INFO - Total de registros a processar: 10
2025-10-17 11:55:28,955 - sistema - Sistema_Entrada_Dados - INFO - Datas que serão afetadas pela inserção: ['20/10/2025']
2025-10-17 11:55:28,955 - sistema - Sistema_Entrada_Dados - INFO - Salvando em: C:\Users\Obras\sistema_gestao_testes\testes\Financeiro\Clientes\CLEVER LUIZ SALVADOR.xlsx
2025-10-17 11:55:28,955 - sistema - Sistema_Entrada_Dados - INFO - Verificando integridade dos IDs antes da inserção
2025-10-17 11:55:29,616 - sistema - Sistema_Entrada_Dados - ERROR - 🔍 MÉTODO DE VERIFICAÇÃO FOI CHAMADO!
2025-10-17 11:55:29,616 - sistema - Sistema_Entrada_Dados - INFO - === INICIANDO VERIFICAÇÃO DE DUPLICIDADE ===
2025-10-17 11:55:29,616 - sistema - Sistema_Entrada_Dados - INFO - Dados novos: ANTONIO DUTRA DE FREITAS | SALÁRIO | R$ 1156.00 | 20/10/2025
2025-10-17 11:55:29,686 - sistema - Sistema_Entrada_Dados - ERROR - 🚨 DUPLICATA PROVÁVEL DETECTADA (Critério: Fornecedor+Valor+Data+Referência Similar)!
2025-10-17 11:55:29,686 - sistema - Sistema_Entrada_Dados - ERROR -    Nome: ANTONIO DUTRA DE FREITAS
2025-10-17 11:55:29,686 - sistema - Sistema_Entrada_Dados - ERROR -    Referência nova: 'SALÁRIO'
2025-10-17 11:55:29,686 - sistema - Sistema_Entrada_Dados - ERROR -    Referência existente: 'SALÁRIO'
2025-10-17 11:55:29,686 - sistema - Sistema_Entrada_Dados - ERROR -    Similaridade: 90.00%
2025-10-17 11:55:29,686 - sistema - Sistema_Entrada_Dados - ERROR -    Valor: R$ 1156.00
2025-10-17 11:55:29,686 - sistema - Sistema_Entrada_Dados - ERROR -    Vencimento: 20/10/2025
2025-10-17 11:55:29,686 - sistema - Sistema_Entrada_Dados - ERROR -    Linha existente: 1008
2025-10-17 11:55:29,686 - sistema - Sistema_Entrada_Dados - WARNING - Duplicata detectada: ANTONIO DUTRA DE FREITAS - SALÁRIO - R$ 1156.00
2025-10-17 11:55:29,697 - sistema - Sistema_Entrada_Dados - ERROR - 🔍 MÉTODO DE VERIFICAÇÃO FOI CHAMADO!
2025-10-17 11:55:29,698 - sistema - Sistema_Entrada_Dados - INFO - === INICIANDO VERIFICAÇÃO DE DUPLICIDADE ===
2025-10-17 11:55:29,698 - sistema - Sistema_Entrada_Dados - INFO - Dados novos: BRUNO JUNIO DA SILVA | SALÁRIO | R$ 2719.60 | 20/10/2025
2025-10-17 11:55:29,753 - sistema - Sistema_Entrada_Dados - ERROR - 🚨 DUPLICATA PROVÁVEL DETECTADA (Critério: Fornecedor+Valor+Data+Referência Similar)!
2025-10-17 11:55:29,753 - sistema - Sistema_Entrada_Dados - ERROR -    Nome: BRUNO JUNIO DA SILVA
2025-10-17 11:55:29,753 - sistema - Sistema_Entrada_Dados - ERROR -    Referência nova: 'SALÁRIO'
2025-10-17 11:55:29,753 - sistema - Sistema_Entrada_Dados - ERROR -    Referência existente: 'SALÁRIO'
2025-10-17 11:55:29,753 - sistema - Sistema_Entrada_Dados - ERROR -    Similaridade: 90.00%
2025-10-17 11:55:29,753 - sistema - Sistema_Entrada_Dados - ERROR -    Valor: R$ 2719.60
2025-10-17 11:55:29,753 - sistema - Sistema_Entrada_Dados - ERROR -    Vencimento: 20/10/2025
2025-10-17 11:55:29,753 - sistema - Sistema_Entrada_Dados - ERROR -    Linha existente: 1009
2025-10-17 11:55:29,753 - sistema - Sistema_Entrada_Dados - WARNING - Duplicata detectada: BRUNO JUNIO DA SILVA - SALÁRIO - R$ 2719.60
2025-10-17 11:55:29,762 - sistema - Sistema_Entrada_Dados - ERROR - 🔍 MÉTODO DE VERIFICAÇÃO FOI CHAMADO!
2025-10-17 11:55:29,763 - sistema - Sistema_Entrada_Dados - INFO - === INICIANDO VERIFICAÇÃO DE DUPLICIDADE ===
2025-10-17 11:55:29,763 - sistema - Sistema_Entrada_Dados - INFO - Dados novos: BRUNO RODRIGUES DOS SANTOS | SALÁRIO | R$ 1156.00 | 20/10/2025
2025-10-17 11:55:29,819 - sistema - Sistema_Entrada_Dados - ERROR - 🚨 DUPLICATA PROVÁVEL DETECTADA (Critério: Fornecedor+Valor+Data+Referência Similar)!
2025-10-17 11:55:29,819 - sistema - Sistema_Entrada_Dados - ERROR -    Nome: BRUNO RODRIGUES DOS SANTOS
2025-10-17 11:55:29,819 - sistema - Sistema_Entrada_Dados - ERROR -    Referência nova: 'SALÁRIO'
2025-10-17 11:55:29,819 - sistema - Sistema_Entrada_Dados - ERROR -    Referência existente: 'SALÁRIO'
2025-10-17 11:55:29,819 - sistema - Sistema_Entrada_Dados - ERROR -    Similaridade: 90.00%
2025-10-17 11:55:29,819 - sistema - Sistema_Entrada_Dados - ERROR -    Valor: R$ 1156.00
2025-10-17 11:55:29,819 - sistema - Sistema_Entrada_Dados - ERROR -    Vencimento: 20/10/2025
2025-10-17 11:55:29,819 - sistema - Sistema_Entrada_Dados - ERROR -    Linha existente: 1010
2025-10-17 11:55:29,819 - sistema - Sistema_Entrada_Dados - WARNING - Duplicata detectada: BRUNO RODRIGUES DOS SANTOS - SALÁRIO - R$ 1156.00
2025-10-17 11:55:29,831 - sistema - Sistema_Entrada_Dados - ERROR - 🔍 MÉTODO DE VERIFICAÇÃO FOI CHAMADO!
2025-10-17 11:55:29,832 - sistema - Sistema_Entrada_Dados - INFO - === INICIANDO VERIFICAÇÃO DE DUPLICIDADE ===
2025-10-17 11:55:29,833 - sistema - Sistema_Entrada_Dados - INFO - Dados novos: CARLOS ALEXANDRE FERNANDES DA SILVA | SALÁRIO | R$ 1156.00 | 20/10/2025
2025-10-17 11:55:29,886 - sistema - Sistema_Entrada_Dados - ERROR - 🚨 DUPLICATA PROVÁVEL DETECTADA (Critério: Fornecedor+Valor+Data+Referência Similar)!
2025-10-17 11:55:29,886 - sistema - Sistema_Entrada_Dados - ERROR -    Nome: CARLOS ALEXANDRE FERNANDES DA SILVA
2025-10-17 11:55:29,886 - sistema - Sistema_Entrada_Dados - ERROR -    Referência nova: 'SALÁRIO'
2025-10-17 11:55:29,886 - sistema - Sistema_Entrada_Dados - ERROR -    Referência existente: 'SALÁRIO'
2025-10-17 11:55:29,886 - sistema - Sistema_Entrada_Dados - ERROR -    Similaridade: 90.00%
2025-10-17 11:55:29,886 - sistema - Sistema_Entrada_Dados - ERROR -    Valor: R$ 1156.00
2025-10-17 11:55:29,886 - sistema - Sistema_Entrada_Dados - ERROR -    Vencimento: 20/10/2025
2025-10-17 11:55:29,886 - sistema - Sistema_Entrada_Dados - ERROR -    Linha existente: 1011
2025-10-17 11:55:29,886 - sistema - Sistema_Entrada_Dados - WARNING - Duplicata detectada: CARLOS ALEXANDRE FERNANDES DA SILVA - SALÁRIO - R$ 1156.00
2025-10-17 11:55:29,898 - sistema - Sistema_Entrada_Dados - ERROR - 🔍 MÉTODO DE VERIFICAÇÃO FOI CHAMADO!
2025-10-17 11:55:29,898 - sistema - Sistema_Entrada_Dados - INFO - === INICIANDO VERIFICAÇÃO DE DUPLICIDADE ===
2025-10-17 11:55:29,899 - sistema - Sistema_Entrada_Dados - INFO - Dados novos: EDER PEREIRA DA SILVA | SALÁRIO | R$ 1156.00 | 20/10/2025
2025-10-17 11:55:29,953 - sistema - Sistema_Entrada_Dados - ERROR - 🚨 DUPLICATA PROVÁVEL DETECTADA (Critério: Fornecedor+Valor+Data+Referência Similar)!
2025-10-17 11:55:29,953 - sistema - Sistema_Entrada_Dados - ERROR -    Nome: EDER PEREIRA DA SILVA
2025-10-17 11:55:29,953 - sistema - Sistema_Entrada_Dados - ERROR -    Referência nova: 'SALÁRIO'
2025-10-17 11:55:29,953 - sistema - Sistema_Entrada_Dados - ERROR -    Referência existente: 'SALÁRIO'
2025-10-17 11:55:29,953 - sistema - Sistema_Entrada_Dados - ERROR -    Similaridade: 90.00%
2025-10-17 11:55:29,953 - sistema - Sistema_Entrada_Dados - ERROR -    Valor: R$ 1156.00
2025-10-17 11:55:29,953 - sistema - Sistema_Entrada_Dados - ERROR -    Vencimento: 20/10/2025
2025-10-17 11:55:29,953 - sistema - Sistema_Entrada_Dados - ERROR -    Linha existente: 1012
2025-10-17 11:55:29,953 - sistema - Sistema_Entrada_Dados - WARNING - Duplicata detectada: EDER PEREIRA DA SILVA - SALÁRIO - R$ 1156.00
2025-10-17 11:55:29,959 - sistema - Sistema_Entrada_Dados - ERROR - 🔍 MÉTODO DE VERIFICAÇÃO FOI CHAMADO!
2025-10-17 11:55:29,960 - sistema - Sistema_Entrada_Dados - INFO - === INICIANDO VERIFICAÇÃO DE DUPLICIDADE ===
2025-10-17 11:55:29,960 - sistema - Sistema_Entrada_Dados - INFO - Dados novos: FRANCISCO REGO DA SILVA | SALÁRIO | R$ 979.60 | 20/10/2025
2025-10-17 11:55:30,019 - sistema - Sistema_Entrada_Dados - ERROR - 🚨 DUPLICATA PROVÁVEL DETECTADA (Critério: Fornecedor+Valor+Data+Referência Similar)!
2025-10-17 11:55:30,020 - sistema - Sistema_Entrada_Dados - ERROR -    Nome: FRANCISCO REGO DA SILVA
2025-10-17 11:55:30,021 - sistema - Sistema_Entrada_Dados - ERROR -    Referência nova: 'SALÁRIO'
2025-10-17 11:55:30,021 - sistema - Sistema_Entrada_Dados - ERROR -    Referência existente: 'SALÁRIO'
2025-10-17 11:55:30,022 - sistema - Sistema_Entrada_Dados - ERROR -    Similaridade: 90.00%
2025-10-17 11:55:30,022 - sistema - Sistema_Entrada_Dados - ERROR -    Valor: R$ 979.60
2025-10-17 11:55:30,023 - sistema - Sistema_Entrada_Dados - ERROR -    Vencimento: 20/10/2025
2025-10-17 11:55:30,023 - sistema - Sistema_Entrada_Dados - ERROR -    Linha existente: 1013
2025-10-17 11:55:30,024 - sistema - Sistema_Entrada_Dados - WARNING - Duplicata detectada: FRANCISCO REGO DA SILVA - SALÁRIO - R$ 979.60
2025-10-17 11:55:30,025 - sistema - Sistema_Entrada_Dados - ERROR - 🔍 MÉTODO DE VERIFICAÇÃO FOI CHAMADO!
2025-10-17 11:55:30,027 - sistema - Sistema_Entrada_Dados - INFO - === INICIANDO VERIFICAÇÃO DE DUPLICIDADE ===
2025-10-17 11:55:30,028 - sistema - Sistema_Entrada_Dados - INFO - Dados novos: LUCAS CATALUNHA DA SILVA | SALÁRIO | R$ 740.00 | 20/10/2025
2025-10-17 11:55:30,086 - sistema - Sistema_Entrada_Dados - ERROR - 🚨 DUPLICATA PROVÁVEL DETECTADA (Critério: Fornecedor+Valor+Data+Referência Similar)!
2025-10-17 11:55:30,086 - sistema - Sistema_Entrada_Dados - ERROR -    Nome: LUCAS CATALUNHA DA SILVA
2025-10-17 11:55:30,086 - sistema - Sistema_Entrada_Dados - ERROR -    Referência nova: 'SALÁRIO'
2025-10-17 11:55:30,086 - sistema - Sistema_Entrada_Dados - ERROR -    Referência existente: 'SALÁRIO'
2025-10-17 11:55:30,086 - sistema - Sistema_Entrada_Dados - ERROR -    Similaridade: 90.00%
2025-10-17 11:55:30,086 - sistema - Sistema_Entrada_Dados - ERROR -    Valor: R$ 740.00
2025-10-17 11:55:30,086 - sistema - Sistema_Entrada_Dados - ERROR -    Vencimento: 20/10/2025
2025-10-17 11:55:30,086 - sistema - Sistema_Entrada_Dados - ERROR -    Linha existente: 1014
2025-10-17 11:55:30,086 - sistema - Sistema_Entrada_Dados - WARNING - Duplicata detectada: LUCAS CATALUNHA DA SILVA - SALÁRIO - R$ 740.00
2025-10-17 11:55:30,098 - sistema - Sistema_Entrada_Dados - ERROR - 🔍 MÉTODO DE VERIFICAÇÃO FOI CHAMADO!
2025-10-17 11:55:30,099 - sistema - Sistema_Entrada_Dados - INFO - === INICIANDO VERIFICAÇÃO DE DUPLICIDADE ===
2025-10-17 11:55:30,099 - sistema - Sistema_Entrada_Dados - INFO - Dados novos: MARCOS VINICIUS BISPO CORREIA | SALÁRIO | R$ 1156.00 | 20/10/2025
2025-10-17 11:55:30,157 - sistema - Sistema_Entrada_Dados - ERROR - 🚨 DUPLICATA PROVÁVEL DETECTADA (Critério: Fornecedor+Valor+Data+Referência Similar)!
2025-10-17 11:55:30,158 - sistema - Sistema_Entrada_Dados - ERROR -    Nome: MARCOS VINICIUS BISPO CORREIA
2025-10-17 11:55:30,159 - sistema - Sistema_Entrada_Dados - ERROR -    Referência nova: 'SALÁRIO'
2025-10-17 11:55:30,159 - sistema - Sistema_Entrada_Dados - ERROR -    Referência existente: 'SALÁRIO'
2025-10-17 11:55:30,160 - sistema - Sistema_Entrada_Dados - ERROR -    Similaridade: 90.00%
2025-10-17 11:55:30,160 - sistema - Sistema_Entrada_Dados - ERROR -    Valor: R$ 1156.00
2025-10-17 11:55:30,161 - sistema - Sistema_Entrada_Dados - ERROR -    Vencimento: 20/10/2025
2025-10-17 11:55:30,162 - sistema - Sistema_Entrada_Dados - ERROR -    Linha existente: 1015
2025-10-17 11:55:30,162 - sistema - Sistema_Entrada_Dados - WARNING - Duplicata detectada: MARCOS VINICIUS BISPO CORREIA - SALÁRIO - R$ 1156.00
2025-10-17 11:55:30,164 - sistema - Sistema_Entrada_Dados - ERROR - 🔍 MÉTODO DE VERIFICAÇÃO FOI CHAMADO!
2025-10-17 11:55:30,165 - sistema - Sistema_Entrada_Dados - INFO - === INICIANDO VERIFICAÇÃO DE DUPLICIDADE ===
2025-10-17 11:55:30,167 - sistema - Sistema_Entrada_Dados - INFO - Dados novos: ROBERVAL PORTACIO DOS SANTOS | SALÁRIO | R$ 740.00 | 20/10/2025
2025-10-17 11:55:30,221 - sistema - Sistema_Entrada_Dados - ERROR - 🚨 DUPLICATA PROVÁVEL DETECTADA (Critério: Fornecedor+Valor+Data+Referência Similar)!
2025-10-17 11:55:30,221 - sistema - Sistema_Entrada_Dados - ERROR -    Nome: ROBERVAL PORTACIO DOS SANTOS
2025-10-17 11:55:30,221 - sistema - Sistema_Entrada_Dados - ERROR -    Referência nova: 'SALÁRIO'
2025-10-17 11:55:30,221 - sistema - Sistema_Entrada_Dados - ERROR -    Referência existente: 'SALÁRIO'
2025-10-17 11:55:30,221 - sistema - Sistema_Entrada_Dados - ERROR -    Similaridade: 90.00%
2025-10-17 11:55:30,221 - sistema - Sistema_Entrada_Dados - ERROR -    Valor: R$ 740.00
2025-10-17 11:55:30,221 - sistema - Sistema_Entrada_Dados - ERROR -    Vencimento: 20/10/2025
2025-10-17 11:55:30,221 - sistema - Sistema_Entrada_Dados - ERROR -    Linha existente: 1016
2025-10-17 11:55:30,221 - sistema - Sistema_Entrada_Dados - WARNING - Duplicata detectada: ROBERVAL PORTACIO DOS SANTOS - SALÁRIO - R$ 740.00
2025-10-17 11:55:30,221 - sistema - Sistema_Entrada_Dados - ERROR - 🔍 MÉTODO DE VERIFICAÇÃO FOI CHAMADO!
2025-10-17 11:55:30,232 - sistema - Sistema_Entrada_Dados - INFO - === INICIANDO VERIFICAÇÃO DE DUPLICIDADE ===
2025-10-17 11:55:30,233 - sistema - Sistema_Entrada_Dados - INFO - Dados novos: DOMINGOS DA SILVA LIMA | SALÁRIO | R$ 740.00 | 20/10/2025
2025-10-17 11:55:30,270 - sistema - Sistema_Entrada_Dados - ERROR - 🚨 DUPLICATA PROVÁVEL DETECTADA (Critério: Fornecedor+Valor+Data+Referência Similar)!
2025-10-17 11:55:30,270 - sistema - Sistema_Entrada_Dados - ERROR -    Nome: DOMINGOS DA SILVA LIMA
2025-10-17 11:55:30,285 - sistema - Sistema_Entrada_Dados - ERROR -    Referência nova: 'SALÁRIO'
2025-10-17 11:55:30,286 - sistema - Sistema_Entrada_Dados - ERROR -    Referência existente: 'SALÁRIO'
2025-10-17 11:55:30,286 - sistema - Sistema_Entrada_Dados - ERROR -    Similaridade: 90.00%
2025-10-17 11:55:30,286 - sistema - Sistema_Entrada_Dados - ERROR -    Valor: R$ 740.00
2025-10-17 11:55:30,289 - sistema - Sistema_Entrada_Dados - ERROR -    Vencimento: 20/10/2025
2025-10-17 11:55:30,289 - sistema - Sistema_Entrada_Dados - ERROR -    Linha existente: 1017
2025-10-17 11:55:30,290 - sistema - Sistema_Entrada_Dados - WARNING - Duplicata detectada: DOMINGOS DA SILVA LIMA - SALÁRIO - R$ 740.00
2025-10-17 11:55:30,290 - sistema - Sistema_Entrada_Dados - WARNING - Detectados 10 possíveis lançamentos duplicados
2025-10-17 11:56:02,099 - sistema - Sistema_Entrada_Dados - INFO - Usuário optou por continuar. Processando 0 lançamentos únicos
2025-10-17 11:59:29,865 - sistema - Sistema_Entrada_Dados - INFO - Iniciando envio de dados - Cliente: CLEVER LUIZ SALVADOR, Registros: 10
2025-10-17 11:59:29,865 - sistema - Sistema_Entrada_Dados - INFO - Obtendo dados do visualizador
2025-10-17 11:59:29,865 - sistema - Sistema_Entrada_Dados - INFO - Total de registros a processar: 10
2025-10-17 11:59:29,865 - sistema - Sistema_Entrada_Dados - INFO - Datas que serão afetadas pela inserção: ['20/10/2025']
2025-10-17 11:59:29,881 - sistema - Sistema_Entrada_Dados - INFO - Salvando em: C:\Users\Obras\sistema_gestao_testes\testes\Financeiro\Clientes\CLEVER LUIZ SALVADOR.xlsx
2025-10-17 11:59:29,881 - sistema - Sistema_Entrada_Dados - INFO - Verificando integridade dos IDs antes da inserção
2025-10-17 11:59:30,826 - sistema - Sistema_Entrada_Dados - ERROR - 🔍 MÉTODO DE VERIFICAÇÃO FOI CHAMADO!
2025-10-17 11:59:30,826 - sistema - Sistema_Entrada_Dados - INFO - === INICIANDO VERIFICAÇÃO DE DUPLICIDADE ===
2025-10-17 11:59:30,826 - sistema - Sistema_Entrada_Dados - INFO - Dados novos: ANTONIO DUTRA DE FREITAS | SALÁRIO | R$ 1156.00 | 20/10/2025
2025-10-17 11:59:30,910 - sistema - Sistema_Entrada_Dados - ERROR - 🚨 DUPLICATA PROVÁVEL DETECTADA (Critério: Fornecedor+Valor+Data+Referência Similar)!
2025-10-17 11:59:30,911 - sistema - Sistema_Entrada_Dados - ERROR -    Nome: ANTONIO DUTRA DE FREITAS
2025-10-17 11:59:30,911 - sistema - Sistema_Entrada_Dados - ERROR -    Referência nova: 'SALÁRIO'
2025-10-17 11:59:30,912 - sistema - Sistema_Entrada_Dados - ERROR -    Referência existente: 'SALÁRIO'
2025-10-17 11:59:30,913 - sistema - Sistema_Entrada_Dados - ERROR -    Similaridade: 90.00%
2025-10-17 11:59:30,913 - sistema - Sistema_Entrada_Dados - ERROR -    Valor: R$ 1156.00
2025-10-17 11:59:30,914 - sistema - Sistema_Entrada_Dados - ERROR -    Vencimento: 20/10/2025
2025-10-17 11:59:30,914 - sistema - Sistema_Entrada_Dados - ERROR -    Linha existente: 1008
2025-10-17 11:59:30,915 - sistema - Sistema_Entrada_Dados - WARNING - Duplicata detectada: ANTONIO DUTRA DE FREITAS - SALÁRIO - R$ 1156.00
2025-10-17 11:59:30,916 - sistema - Sistema_Entrada_Dados - ERROR - 🔍 MÉTODO DE VERIFICAÇÃO FOI CHAMADO!
2025-10-17 11:59:30,917 - sistema - Sistema_Entrada_Dados - INFO - === INICIANDO VERIFICAÇÃO DE DUPLICIDADE ===
2025-10-17 11:59:30,917 - sistema - Sistema_Entrada_Dados - INFO - Dados novos: BRUNO JUNIO DA SILVA | SALÁRIO | R$ 2719.60 | 20/10/2025
2025-10-17 11:59:30,968 - sistema - Sistema_Entrada_Dados - ERROR - 🚨 DUPLICATA PROVÁVEL DETECTADA (Critério: Fornecedor+Valor+Data+Referência Similar)!
2025-10-17 11:59:30,968 - sistema - Sistema_Entrada_Dados - ERROR -    Nome: BRUNO JUNIO DA SILVA
2025-10-17 11:59:30,968 - sistema - Sistema_Entrada_Dados - ERROR -    Referência nova: 'SALÁRIO'
2025-10-17 11:59:30,968 - sistema - Sistema_Entrada_Dados - ERROR -    Referência existente: 'SALÁRIO'
2025-10-17 11:59:30,968 - sistema - Sistema_Entrada_Dados - ERROR -    Similaridade: 90.00%
2025-10-17 11:59:30,968 - sistema - Sistema_Entrada_Dados - ERROR -    Valor: R$ 2719.60
2025-10-17 11:59:30,968 - sistema - Sistema_Entrada_Dados - ERROR -    Vencimento: 20/10/2025
2025-10-17 11:59:30,968 - sistema - Sistema_Entrada_Dados - ERROR -    Linha existente: 1009
2025-10-17 11:59:30,968 - sistema - Sistema_Entrada_Dados - WARNING - Duplicata detectada: BRUNO JUNIO DA SILVA - SALÁRIO - R$ 2719.60
2025-10-17 11:59:30,976 - sistema - Sistema_Entrada_Dados - ERROR - 🔍 MÉTODO DE VERIFICAÇÃO FOI CHAMADO!
2025-10-17 11:59:30,976 - sistema - Sistema_Entrada_Dados - INFO - === INICIANDO VERIFICAÇÃO DE DUPLICIDADE ===
2025-10-17 11:59:30,977 - sistema - Sistema_Entrada_Dados - INFO - Dados novos: BRUNO RODRIGUES DOS SANTOS | SALÁRIO | R$ 1156.00 | 20/10/2025
2025-10-17 11:59:31,034 - sistema - Sistema_Entrada_Dados - ERROR - 🚨 DUPLICATA PROVÁVEL DETECTADA (Critério: Fornecedor+Valor+Data+Referência Similar)!
2025-10-17 11:59:31,034 - sistema - Sistema_Entrada_Dados - ERROR -    Nome: BRUNO RODRIGUES DOS SANTOS
2025-10-17 11:59:31,034 - sistema - Sistema_Entrada_Dados - ERROR -    Referência nova: 'SALÁRIO'
2025-10-17 11:59:31,034 - sistema - Sistema_Entrada_Dados - ERROR -    Referência existente: 'SALÁRIO'
2025-10-17 11:59:31,034 - sistema - Sistema_Entrada_Dados - ERROR -    Similaridade: 90.00%
2025-10-17 11:59:31,034 - sistema - Sistema_Entrada_Dados - ERROR -    Valor: R$ 1156.00
2025-10-17 11:59:31,034 - sistema - Sistema_Entrada_Dados - ERROR -    Vencimento: 20/10/2025
2025-10-17 11:59:31,034 - sistema - Sistema_Entrada_Dados - ERROR -    Linha existente: 1010
2025-10-17 11:59:31,034 - sistema - Sistema_Entrada_Dados - WARNING - Duplicata detectada: BRUNO RODRIGUES DOS SANTOS - SALÁRIO - R$ 1156.00
2025-10-17 11:59:31,043 - sistema - Sistema_Entrada_Dados - ERROR - 🔍 MÉTODO DE VERIFICAÇÃO FOI CHAMADO!
2025-10-17 11:59:31,044 - sistema - Sistema_Entrada_Dados - INFO - === INICIANDO VERIFICAÇÃO DE DUPLICIDADE ===
2025-10-17 11:59:31,045 - sistema - Sistema_Entrada_Dados - INFO - Dados novos: CARLOS ALEXANDRE FERNANDES DA SILVA | SALÁRIO | R$ 1156.00 | 20/10/2025
2025-10-17 11:59:31,161 - sistema - Sistema_Entrada_Dados - ERROR - 🚨 DUPLICATA PROVÁVEL DETECTADA (Critério: Fornecedor+Valor+Data+Referência Similar)!
2025-10-17 11:59:31,167 - sistema - Sistema_Entrada_Dados - ERROR -    Nome: CARLOS ALEXANDRE FERNANDES DA SILVA
2025-10-17 11:59:31,167 - sistema - Sistema_Entrada_Dados - ERROR -    Referência nova: 'SALÁRIO'
2025-10-17 11:59:31,167 - sistema - Sistema_Entrada_Dados - ERROR -    Referência existente: 'SALÁRIO'
2025-10-17 11:59:31,167 - sistema - Sistema_Entrada_Dados - ERROR -    Similaridade: 90.00%
2025-10-17 11:59:31,167 - sistema - Sistema_Entrada_Dados - ERROR -    Valor: R$ 1156.00
2025-10-17 11:59:31,167 - sistema - Sistema_Entrada_Dados - ERROR -    Vencimento: 20/10/2025
2025-10-17 11:59:31,186 - sistema - Sistema_Entrada_Dados - ERROR -    Linha existente: 1011
2025-10-17 11:59:31,188 - sistema - Sistema_Entrada_Dados - WARNING - Duplicata detectada: CARLOS ALEXANDRE FERNANDES DA SILVA - SALÁRIO - R$ 1156.00
2025-10-17 11:59:31,192 - sistema - Sistema_Entrada_Dados - ERROR - 🔍 MÉTODO DE VERIFICAÇÃO FOI CHAMADO!
2025-10-17 11:59:31,193 - sistema - Sistema_Entrada_Dados - INFO - === INICIANDO VERIFICAÇÃO DE DUPLICIDADE ===
2025-10-17 11:59:31,193 - sistema - Sistema_Entrada_Dados - INFO - Dados novos: EDER PEREIRA DA SILVA | SALÁRIO | R$ 1156.00 | 20/10/2025
2025-10-17 11:59:31,273 - sistema - Sistema_Entrada_Dados - ERROR - 🚨 DUPLICATA PROVÁVEL DETECTADA (Critério: Fornecedor+Valor+Data+Referência Similar)!
2025-10-17 11:59:31,274 - sistema - Sistema_Entrada_Dados - ERROR -    Nome: EDER PEREIRA DA SILVA
2025-10-17 11:59:31,276 - sistema - Sistema_Entrada_Dados - ERROR -    Referência nova: 'SALÁRIO'
2025-10-17 11:59:31,277 - sistema - Sistema_Entrada_Dados - ERROR -    Referência existente: 'SALÁRIO'
2025-10-17 11:59:31,278 - sistema - Sistema_Entrada_Dados - ERROR -    Similaridade: 90.00%
2025-10-17 11:59:31,278 - sistema - Sistema_Entrada_Dados - ERROR -    Valor: R$ 1156.00
2025-10-17 11:59:31,279 - sistema - Sistema_Entrada_Dados - ERROR -    Vencimento: 20/10/2025
2025-10-17 11:59:31,280 - sistema - Sistema_Entrada_Dados - ERROR -    Linha existente: 1012
2025-10-17 11:59:31,282 - sistema - Sistema_Entrada_Dados - WARNING - Duplicata detectada: EDER PEREIRA DA SILVA - SALÁRIO - R$ 1156.00
2025-10-17 11:59:31,288 - sistema - Sistema_Entrada_Dados - ERROR - 🔍 MÉTODO DE VERIFICAÇÃO FOI CHAMADO!
2025-10-17 11:59:31,289 - sistema - Sistema_Entrada_Dados - INFO - === INICIANDO VERIFICAÇÃO DE DUPLICIDADE ===
2025-10-17 11:59:31,290 - sistema - Sistema_Entrada_Dados - INFO - Dados novos: FRANCISCO REGO DA SILVA | SALÁRIO | R$ 979.60 | 20/10/2025
2025-10-17 11:59:31,340 - sistema - Sistema_Entrada_Dados - ERROR - 🚨 DUPLICATA PROVÁVEL DETECTADA (Critério: Fornecedor+Valor+Data+Referência Similar)!
2025-10-17 11:59:31,340 - sistema - Sistema_Entrada_Dados - ERROR -    Nome: FRANCISCO REGO DA SILVA
2025-10-17 11:59:31,340 - sistema - Sistema_Entrada_Dados - ERROR -    Referência nova: 'SALÁRIO'
2025-10-17 11:59:31,340 - sistema - Sistema_Entrada_Dados - ERROR -    Referência existente: 'SALÁRIO'
2025-10-17 11:59:31,340 - sistema - Sistema_Entrada_Dados - ERROR -    Similaridade: 90.00%
2025-10-17 11:59:31,340 - sistema - Sistema_Entrada_Dados - ERROR -    Valor: R$ 979.60
2025-10-17 11:59:31,349 - sistema - Sistema_Entrada_Dados - ERROR -    Vencimento: 20/10/2025
2025-10-17 11:59:31,350 - sistema - Sistema_Entrada_Dados - ERROR -    Linha existente: 1013
2025-10-17 11:59:31,352 - sistema - Sistema_Entrada_Dados - WARNING - Duplicata detectada: FRANCISCO REGO DA SILVA - SALÁRIO - R$ 979.60
2025-10-17 11:59:31,355 - sistema - Sistema_Entrada_Dados - ERROR - 🔍 MÉTODO DE VERIFICAÇÃO FOI CHAMADO!
2025-10-17 11:59:31,356 - sistema - Sistema_Entrada_Dados - INFO - === INICIANDO VERIFICAÇÃO DE DUPLICIDADE ===
2025-10-17 11:59:31,358 - sistema - Sistema_Entrada_Dados - INFO - Dados novos: LUCAS CATALUNHA DA SILVA | SALÁRIO | R$ 740.00 | 20/10/2025
2025-10-17 11:59:31,419 - sistema - Sistema_Entrada_Dados - ERROR - 🚨 DUPLICATA PROVÁVEL DETECTADA (Critério: Fornecedor+Valor+Data+Referência Similar)!
2025-10-17 11:59:31,420 - sistema - Sistema_Entrada_Dados - ERROR -    Nome: LUCAS CATALUNHA DA SILVA
2025-10-17 11:59:31,420 - sistema - Sistema_Entrada_Dados - ERROR -    Referência nova: 'SALÁRIO'
2025-10-17 11:59:31,421 - sistema - Sistema_Entrada_Dados - ERROR -    Referência existente: 'SALÁRIO'
2025-10-17 11:59:31,422 - sistema - Sistema_Entrada_Dados - ERROR -    Similaridade: 90.00%
2025-10-17 11:59:31,422 - sistema - Sistema_Entrada_Dados - ERROR -    Valor: R$ 740.00
2025-10-17 11:59:31,423 - sistema - Sistema_Entrada_Dados - ERROR -    Vencimento: 20/10/2025
2025-10-17 11:59:31,423 - sistema - Sistema_Entrada_Dados - ERROR -    Linha existente: 1014
2025-10-17 11:59:31,424 - sistema - Sistema_Entrada_Dados - WARNING - Duplicata detectada: LUCAS CATALUNHA DA SILVA - SALÁRIO - R$ 740.00
2025-10-17 11:59:31,425 - sistema - Sistema_Entrada_Dados - ERROR - 🔍 MÉTODO DE VERIFICAÇÃO FOI CHAMADO!
2025-10-17 11:59:31,426 - sistema - Sistema_Entrada_Dados - INFO - === INICIANDO VERIFICAÇÃO DE DUPLICIDADE ===
2025-10-17 11:59:31,427 - sistema - Sistema_Entrada_Dados - INFO - Dados novos: MARCOS VINICIUS BISPO CORREIA | SALÁRIO | R$ 1156.00 | 20/10/2025
2025-10-17 11:59:31,488 - sistema - Sistema_Entrada_Dados - ERROR - 🚨 DUPLICATA PROVÁVEL DETECTADA (Critério: Fornecedor+Valor+Data+Referência Similar)!
2025-10-17 11:59:31,489 - sistema - Sistema_Entrada_Dados - ERROR -    Nome: MARCOS VINICIUS BISPO CORREIA
2025-10-17 11:59:31,489 - sistema - Sistema_Entrada_Dados - ERROR -    Referência nova: 'SALÁRIO'
2025-10-17 11:59:31,490 - sistema - Sistema_Entrada_Dados - ERROR -    Referência existente: 'SALÁRIO'
2025-10-17 11:59:31,491 - sistema - Sistema_Entrada_Dados - ERROR -    Similaridade: 90.00%
2025-10-17 11:59:31,491 - sistema - Sistema_Entrada_Dados - ERROR -    Valor: R$ 1156.00
2025-10-17 11:59:31,492 - sistema - Sistema_Entrada_Dados - ERROR -    Vencimento: 20/10/2025
2025-10-17 11:59:31,492 - sistema - Sistema_Entrada_Dados - ERROR -    Linha existente: 1015
2025-10-17 11:59:31,493 - sistema - Sistema_Entrada_Dados - WARNING - Duplicata detectada: MARCOS VINICIUS BISPO CORREIA - SALÁRIO - R$ 1156.00
2025-10-17 11:59:31,495 - sistema - Sistema_Entrada_Dados - ERROR - 🔍 MÉTODO DE VERIFICAÇÃO FOI CHAMADO!
2025-10-17 11:59:31,496 - sistema - Sistema_Entrada_Dados - INFO - === INICIANDO VERIFICAÇÃO DE DUPLICIDADE ===
2025-10-17 11:59:31,501 - sistema - Sistema_Entrada_Dados - INFO - Dados novos: ROBERVAL PORTACIO DOS SANTOS | SALÁRIO | R$ 740.00 | 20/10/2025
2025-10-17 11:59:31,567 - sistema - Sistema_Entrada_Dados - ERROR - 🚨 DUPLICATA PROVÁVEL DETECTADA (Critério: Fornecedor+Valor+Data+Referência Similar)!
2025-10-17 11:59:31,568 - sistema - Sistema_Entrada_Dados - ERROR -    Nome: ROBERVAL PORTACIO DOS SANTOS
2025-10-17 11:59:31,569 - sistema - Sistema_Entrada_Dados - ERROR -    Referência nova: 'SALÁRIO'
2025-10-17 11:59:31,569 - sistema - Sistema_Entrada_Dados - ERROR -    Referência existente: 'SALÁRIO'
2025-10-17 11:59:31,570 - sistema - Sistema_Entrada_Dados - ERROR -    Similaridade: 90.00%
2025-10-17 11:59:31,571 - sistema - Sistema_Entrada_Dados - ERROR -    Valor: R$ 740.00
2025-10-17 11:59:31,571 - sistema - Sistema_Entrada_Dados - ERROR -    Vencimento: 20/10/2025
2025-10-17 11:59:31,572 - sistema - Sistema_Entrada_Dados - ERROR -    Linha existente: 1016
2025-10-17 11:59:31,572 - sistema - Sistema_Entrada_Dados - WARNING - Duplicata detectada: ROBERVAL PORTACIO DOS SANTOS - SALÁRIO - R$ 740.00
2025-10-17 11:59:31,574 - sistema - Sistema_Entrada_Dados - ERROR - 🔍 MÉTODO DE VERIFICAÇÃO FOI CHAMADO!
2025-10-17 11:59:31,575 - sistema - Sistema_Entrada_Dados - INFO - === INICIANDO VERIFICAÇÃO DE DUPLICIDADE ===
2025-10-17 11:59:31,576 - sistema - Sistema_Entrada_Dados - INFO - Dados novos: DOMINGOS DA SILVA LIMA | SALÁRIO | R$ 740.00 | 20/10/2025
2025-10-17 11:59:31,635 - sistema - Sistema_Entrada_Dados - ERROR - 🚨 DUPLICATA PROVÁVEL DETECTADA (Critério: Fornecedor+Valor+Data+Referência Similar)!
2025-10-17 11:59:31,636 - sistema - Sistema_Entrada_Dados - ERROR -    Nome: DOMINGOS DA SILVA LIMA
2025-10-17 11:59:31,637 - sistema - Sistema_Entrada_Dados - ERROR -    Referência nova: 'SALÁRIO'
2025-10-17 11:59:31,637 - sistema - Sistema_Entrada_Dados - ERROR -    Referência existente: 'SALÁRIO'
2025-10-17 11:59:31,638 - sistema - Sistema_Entrada_Dados - ERROR -    Similaridade: 90.00%
2025-10-17 11:59:31,638 - sistema - Sistema_Entrada_Dados - ERROR -    Valor: R$ 740.00
2025-10-17 11:59:31,639 - sistema - Sistema_Entrada_Dados - ERROR -    Vencimento: 20/10/2025
2025-10-17 11:59:31,639 - sistema - Sistema_Entrada_Dados - ERROR -    Linha existente: 1017
2025-10-17 11:59:31,640 - sistema - Sistema_Entrada_Dados - WARNING - Duplicata detectada: DOMINGOS DA SILVA LIMA - SALÁRIO - R$ 740.00
2025-10-17 11:59:31,641 - sistema - Sistema_Entrada_Dados - WARNING - Detectados 10 possíveis lançamentos duplicados
2025-10-17 12:00:29,877 - sistema - Sistema_Entrada_Dados - INFO - Usuário optou por continuar. Processando 0 lançamentos únicos
2025-10-17 12:03:06,897 - sistema - Sistema_Entrada_Dados - INFO - Iniciando envio de dados - Cliente: CLEVER LUIZ SALVADOR, Registros: 10
2025-10-17 12:03:06,897 - sistema - Sistema_Entrada_Dados - INFO - Obtendo dados do visualizador
2025-10-17 12:03:06,897 - sistema - Sistema_Entrada_Dados - INFO - Total de registros a processar: 10
2025-10-17 12:03:06,897 - sistema - Sistema_Entrada_Dados - INFO - Datas que serão afetadas pela inserção: ['20/10/2025']
2025-10-17 12:03:06,897 - sistema - Sistema_Entrada_Dados - INFO - Salvando em: C:\Users\Obras\sistema_gestao_testes\testes\Financeiro\Clientes\CLEVER LUIZ SALVADOR.xlsx
2025-10-17 12:03:06,897 - sistema - Sistema_Entrada_Dados - INFO - Verificando integridade dos IDs antes da inserção
2025-10-17 12:03:07,892 - sistema - Sistema_Entrada_Dados - ERROR - 🔍 MÉTODO DE VERIFICAÇÃO FOI CHAMADO!
2025-10-17 12:03:07,892 - sistema - Sistema_Entrada_Dados - INFO - === INICIANDO VERIFICAÇÃO DE DUPLICIDADE ===
2025-10-17 12:03:07,892 - sistema - Sistema_Entrada_Dados - INFO - Dados novos: ANTONIO DUTRA DE FREITAS | SALÁRIO | R$ 1156.00 | 20/10/2025
2025-10-17 12:03:07,976 - sistema - Sistema_Entrada_Dados - ERROR - 🚨 DUPLICATA PROVÁVEL DETECTADA (Critério: Fornecedor+Valor+Data+Referência Similar)!
2025-10-17 12:03:07,977 - sistema - Sistema_Entrada_Dados - ERROR -    Nome: ANTONIO DUTRA DE FREITAS
2025-10-17 12:03:07,979 - sistema - Sistema_Entrada_Dados - ERROR -    Referência nova: 'SALÁRIO'
2025-10-17 12:03:07,980 - sistema - Sistema_Entrada_Dados - ERROR -    Referência existente: 'SALÁRIO'
2025-10-17 12:03:07,981 - sistema - Sistema_Entrada_Dados - ERROR -    Similaridade: 90.00%
2025-10-17 12:03:07,981 - sistema - Sistema_Entrada_Dados - ERROR -    Valor: R$ 1156.00
2025-10-17 12:03:07,982 - sistema - Sistema_Entrada_Dados - ERROR -    Vencimento: 20/10/2025
2025-10-17 12:03:07,983 - sistema - Sistema_Entrada_Dados - ERROR -    Linha existente: 1008
2025-10-17 12:03:07,984 - sistema - Sistema_Entrada_Dados - WARNING - Duplicata detectada: ANTONIO DUTRA DE FREITAS - SALÁRIO - R$ 1156.00
2025-10-17 12:03:07,985 - sistema - Sistema_Entrada_Dados - ERROR - 🔍 MÉTODO DE VERIFICAÇÃO FOI CHAMADO!
2025-10-17 12:03:07,986 - sistema - Sistema_Entrada_Dados - INFO - === INICIANDO VERIFICAÇÃO DE DUPLICIDADE ===
2025-10-17 12:03:07,986 - sistema - Sistema_Entrada_Dados - INFO - Dados novos: BRUNO JUNIO DA SILVA | SALÁRIO | R$ 2719.60 | 20/10/2025
2025-10-17 12:03:08,032 - sistema - Sistema_Entrada_Dados - ERROR - 🚨 DUPLICATA PROVÁVEL DETECTADA (Critério: Fornecedor+Valor+Data+Referência Similar)!
2025-10-17 12:03:08,032 - sistema - Sistema_Entrada_Dados - ERROR -    Nome: BRUNO JUNIO DA SILVA
2025-10-17 12:03:08,032 - sistema - Sistema_Entrada_Dados - ERROR -    Referência nova: 'SALÁRIO'
2025-10-17 12:03:08,032 - sistema - Sistema_Entrada_Dados - ERROR -    Referência existente: 'SALÁRIO'
2025-10-17 12:03:08,032 - sistema - Sistema_Entrada_Dados - ERROR -    Similaridade: 90.00%
2025-10-17 12:03:08,046 - sistema - Sistema_Entrada_Dados - ERROR -    Valor: R$ 2719.60
2025-10-17 12:03:08,048 - sistema - Sistema_Entrada_Dados - ERROR -    Vencimento: 20/10/2025
2025-10-17 12:03:08,048 - sistema - Sistema_Entrada_Dados - ERROR -    Linha existente: 1009
2025-10-17 12:03:08,050 - sistema - Sistema_Entrada_Dados - WARNING - Duplicata detectada: BRUNO JUNIO DA SILVA - SALÁRIO - R$ 2719.60
2025-10-17 12:03:08,052 - sistema - Sistema_Entrada_Dados - ERROR - 🔍 MÉTODO DE VERIFICAÇÃO FOI CHAMADO!
2025-10-17 12:03:08,052 - sistema - Sistema_Entrada_Dados - INFO - === INICIANDO VERIFICAÇÃO DE DUPLICIDADE ===
2025-10-17 12:03:08,053 - sistema - Sistema_Entrada_Dados - INFO - Dados novos: BRUNO RODRIGUES DOS SANTOS | SALÁRIO | R$ 1156.00 | 20/10/2025
2025-10-17 12:03:08,098 - sistema - Sistema_Entrada_Dados - ERROR - 🚨 DUPLICATA PROVÁVEL DETECTADA (Critério: Fornecedor+Valor+Data+Referência Similar)!
2025-10-17 12:03:08,098 - sistema - Sistema_Entrada_Dados - ERROR -    Nome: BRUNO RODRIGUES DOS SANTOS
2025-10-17 12:03:08,098 - sistema - Sistema_Entrada_Dados - ERROR -    Referência nova: 'SALÁRIO'
2025-10-17 12:03:08,098 - sistema - Sistema_Entrada_Dados - ERROR -    Referência existente: 'SALÁRIO'
2025-10-17 12:03:08,098 - sistema - Sistema_Entrada_Dados - ERROR -    Similaridade: 90.00%
2025-10-17 12:03:08,098 - sistema - Sistema_Entrada_Dados - ERROR -    Valor: R$ 1156.00
2025-10-17 12:03:08,113 - sistema - Sistema_Entrada_Dados - ERROR -    Vencimento: 20/10/2025
2025-10-17 12:03:08,114 - sistema - Sistema_Entrada_Dados - ERROR -    Linha existente: 1010
2025-10-17 12:03:08,114 - sistema - Sistema_Entrada_Dados - WARNING - Duplicata detectada: BRUNO RODRIGUES DOS SANTOS - SALÁRIO - R$ 1156.00
2025-10-17 12:03:08,116 - sistema - Sistema_Entrada_Dados - ERROR - 🔍 MÉTODO DE VERIFICAÇÃO FOI CHAMADO!
2025-10-17 12:03:08,119 - sistema - Sistema_Entrada_Dados - INFO - === INICIANDO VERIFICAÇÃO DE DUPLICIDADE ===
2025-10-17 12:03:08,120 - sistema - Sistema_Entrada_Dados - INFO - Dados novos: CARLOS ALEXANDRE FERNANDES DA SILVA | SALÁRIO | R$ 1156.00 | 20/10/2025
2025-10-17 12:03:08,165 - sistema - Sistema_Entrada_Dados - ERROR - 🚨 DUPLICATA PROVÁVEL DETECTADA (Critério: Fornecedor+Valor+Data+Referência Similar)!
2025-10-17 12:03:08,165 - sistema - Sistema_Entrada_Dados - ERROR -    Nome: CARLOS ALEXANDRE FERNANDES DA SILVA
2025-10-17 12:03:08,165 - sistema - Sistema_Entrada_Dados - ERROR -    Referência nova: 'SALÁRIO'
2025-10-17 12:03:08,179 - sistema - Sistema_Entrada_Dados - ERROR -    Referência existente: 'SALÁRIO'
2025-10-17 12:03:08,180 - sistema - Sistema_Entrada_Dados - ERROR -    Similaridade: 90.00%
2025-10-17 12:03:08,181 - sistema - Sistema_Entrada_Dados - ERROR -    Valor: R$ 1156.00
2025-10-17 12:03:08,181 - sistema - Sistema_Entrada_Dados - ERROR -    Vencimento: 20/10/2025
2025-10-17 12:03:08,181 - sistema - Sistema_Entrada_Dados - ERROR -    Linha existente: 1011
2025-10-17 12:03:08,184 - sistema - Sistema_Entrada_Dados - WARNING - Duplicata detectada: CARLOS ALEXANDRE FERNANDES DA SILVA - SALÁRIO - R$ 1156.00
2025-10-17 12:03:08,186 - sistema - Sistema_Entrada_Dados - ERROR - 🔍 MÉTODO DE VERIFICAÇÃO FOI CHAMADO!
2025-10-17 12:03:08,186 - sistema - Sistema_Entrada_Dados - INFO - === INICIANDO VERIFICAÇÃO DE DUPLICIDADE ===
2025-10-17 12:03:08,188 - sistema - Sistema_Entrada_Dados - INFO - Dados novos: EDER PEREIRA DA SILVA | SALÁRIO | R$ 1156.00 | 20/10/2025
2025-10-17 12:03:08,232 - sistema - Sistema_Entrada_Dados - ERROR - 🚨 DUPLICATA PROVÁVEL DETECTADA (Critério: Fornecedor+Valor+Data+Referência Similar)!
2025-10-17 12:03:08,232 - sistema - Sistema_Entrada_Dados - ERROR -    Nome: EDER PEREIRA DA SILVA
2025-10-17 12:03:08,232 - sistema - Sistema_Entrada_Dados - ERROR -    Referência nova: 'SALÁRIO'
2025-10-17 12:03:08,232 - sistema - Sistema_Entrada_Dados - ERROR -    Referência existente: 'SALÁRIO'
2025-10-17 12:03:08,232 - sistema - Sistema_Entrada_Dados - ERROR -    Similaridade: 90.00%
2025-10-17 12:03:08,232 - sistema - Sistema_Entrada_Dados - ERROR -    Valor: R$ 1156.00
2025-10-17 12:03:08,232 - sistema - Sistema_Entrada_Dados - ERROR -    Vencimento: 20/10/2025
2025-10-17 12:03:08,232 - sistema - Sistema_Entrada_Dados - ERROR -    Linha existente: 1012
2025-10-17 12:03:08,232 - sistema - Sistema_Entrada_Dados - WARNING - Duplicata detectada: EDER PEREIRA DA SILVA - SALÁRIO - R$ 1156.00
2025-10-17 12:03:08,248 - sistema - Sistema_Entrada_Dados - ERROR - 🔍 MÉTODO DE VERIFICAÇÃO FOI CHAMADO!
2025-10-17 12:03:08,250 - sistema - Sistema_Entrada_Dados - INFO - === INICIANDO VERIFICAÇÃO DE DUPLICIDADE ===
2025-10-17 12:03:08,251 - sistema - Sistema_Entrada_Dados - INFO - Dados novos: FRANCISCO REGO DA SILVA | SALÁRIO | R$ 979.60 | 20/10/2025
2025-10-17 12:03:08,298 - sistema - Sistema_Entrada_Dados - ERROR - 🚨 DUPLICATA PROVÁVEL DETECTADA (Critério: Fornecedor+Valor+Data+Referência Similar)!
2025-10-17 12:03:08,298 - sistema - Sistema_Entrada_Dados - ERROR -    Nome: FRANCISCO REGO DA SILVA
2025-10-17 12:03:08,298 - sistema - Sistema_Entrada_Dados - ERROR -    Referência nova: 'SALÁRIO'
2025-10-17 12:03:08,298 - sistema - Sistema_Entrada_Dados - ERROR -    Referência existente: 'SALÁRIO'
2025-10-17 12:03:08,298 - sistema - Sistema_Entrada_Dados - ERROR -    Similaridade: 90.00%
2025-10-17 12:03:08,298 - sistema - Sistema_Entrada_Dados - ERROR -    Valor: R$ 979.60
2025-10-17 12:03:08,312 - sistema - Sistema_Entrada_Dados - ERROR -    Vencimento: 20/10/2025
2025-10-17 12:03:08,313 - sistema - Sistema_Entrada_Dados - ERROR -    Linha existente: 1013
2025-10-17 12:03:08,314 - sistema - Sistema_Entrada_Dados - WARNING - Duplicata detectada: FRANCISCO REGO DA SILVA - SALÁRIO - R$ 979.60
2025-10-17 12:03:08,317 - sistema - Sistema_Entrada_Dados - ERROR - 🔍 MÉTODO DE VERIFICAÇÃO FOI CHAMADO!
2025-10-17 12:03:08,317 - sistema - Sistema_Entrada_Dados - INFO - === INICIANDO VERIFICAÇÃO DE DUPLICIDADE ===
2025-10-17 12:03:08,318 - sistema - Sistema_Entrada_Dados - INFO - Dados novos: LUCAS CATALUNHA DA SILVA | SALÁRIO | R$ 740.00 | 20/10/2025
2025-10-17 12:03:08,380 - sistema - Sistema_Entrada_Dados - ERROR - 🚨 DUPLICATA PROVÁVEL DETECTADA (Critério: Fornecedor+Valor+Data+Referência Similar)!
2025-10-17 12:03:08,381 - sistema - Sistema_Entrada_Dados - ERROR -    Nome: LUCAS CATALUNHA DA SILVA
2025-10-17 12:03:08,381 - sistema - Sistema_Entrada_Dados - ERROR -    Referência nova: 'SALÁRIO'
2025-10-17 12:03:08,381 - sistema - Sistema_Entrada_Dados - ERROR -    Referência existente: 'SALÁRIO'
2025-10-17 12:03:08,381 - sistema - Sistema_Entrada_Dados - ERROR -    Similaridade: 90.00%
2025-10-17 12:03:08,381 - sistema - Sistema_Entrada_Dados - ERROR -    Valor: R$ 740.00
2025-10-17 12:03:08,381 - sistema - Sistema_Entrada_Dados - ERROR -    Vencimento: 20/10/2025
2025-10-17 12:03:08,381 - sistema - Sistema_Entrada_Dados - ERROR -    Linha existente: 1014
2025-10-17 12:03:08,381 - sistema - Sistema_Entrada_Dados - WARNING - Duplicata detectada: LUCAS CATALUNHA DA SILVA - SALÁRIO - R$ 740.00
2025-10-17 12:03:08,389 - sistema - Sistema_Entrada_Dados - ERROR - 🔍 MÉTODO DE VERIFICAÇÃO FOI CHAMADO!
2025-10-17 12:03:08,390 - sistema - Sistema_Entrada_Dados - INFO - === INICIANDO VERIFICAÇÃO DE DUPLICIDADE ===
2025-10-17 12:03:08,390 - sistema - Sistema_Entrada_Dados - INFO - Dados novos: MARCOS VINICIUS BISPO CORREIA | SALÁRIO | R$ 1156.00 | 20/10/2025
2025-10-17 12:03:08,450 - sistema - Sistema_Entrada_Dados - ERROR - 🚨 DUPLICATA PROVÁVEL DETECTADA (Critério: Fornecedor+Valor+Data+Referência Similar)!
2025-10-17 12:03:08,451 - sistema - Sistema_Entrada_Dados - ERROR -    Nome: MARCOS VINICIUS BISPO CORREIA
2025-10-17 12:03:08,451 - sistema - Sistema_Entrada_Dados - ERROR -    Referência nova: 'SALÁRIO'
2025-10-17 12:03:08,452 - sistema - Sistema_Entrada_Dados - ERROR -    Referência existente: 'SALÁRIO'
2025-10-17 12:03:08,453 - sistema - Sistema_Entrada_Dados - ERROR -    Similaridade: 90.00%
2025-10-17 12:03:08,453 - sistema - Sistema_Entrada_Dados - ERROR -    Valor: R$ 1156.00
2025-10-17 12:03:08,454 - sistema - Sistema_Entrada_Dados - ERROR -    Vencimento: 20/10/2025
2025-10-17 12:03:08,454 - sistema - Sistema_Entrada_Dados - ERROR -    Linha existente: 1015
2025-10-17 12:03:08,455 - sistema - Sistema_Entrada_Dados - WARNING - Duplicata detectada: MARCOS VINICIUS BISPO CORREIA - SALÁRIO - R$ 1156.00
2025-10-17 12:03:08,457 - sistema - Sistema_Entrada_Dados - ERROR - 🔍 MÉTODO DE VERIFICAÇÃO FOI CHAMADO!
2025-10-17 12:03:08,458 - sistema - Sistema_Entrada_Dados - INFO - === INICIANDO VERIFICAÇÃO DE DUPLICIDADE ===
2025-10-17 12:03:08,459 - sistema - Sistema_Entrada_Dados - INFO - Dados novos: ROBERVAL PORTACIO DOS SANTOS | SALÁRIO | R$ 740.00 | 20/10/2025
2025-10-17 12:03:08,514 - sistema - Sistema_Entrada_Dados - ERROR - 🚨 DUPLICATA PROVÁVEL DETECTADA (Critério: Fornecedor+Valor+Data+Referência Similar)!
2025-10-17 12:03:08,514 - sistema - Sistema_Entrada_Dados - ERROR -    Nome: ROBERVAL PORTACIO DOS SANTOS
2025-10-17 12:03:08,514 - sistema - Sistema_Entrada_Dados - ERROR -    Referência nova: 'SALÁRIO'
2025-10-17 12:03:08,514 - sistema - Sistema_Entrada_Dados - ERROR -    Referência existente: 'SALÁRIO'
2025-10-17 12:03:08,514 - sistema - Sistema_Entrada_Dados - ERROR -    Similaridade: 90.00%
2025-10-17 12:03:08,514 - sistema - Sistema_Entrada_Dados - ERROR -    Valor: R$ 740.00
2025-10-17 12:03:08,514 - sistema - Sistema_Entrada_Dados - ERROR -    Vencimento: 20/10/2025
2025-10-17 12:03:08,514 - sistema - Sistema_Entrada_Dados - ERROR -    Linha existente: 1016
2025-10-17 12:03:08,514 - sistema - Sistema_Entrada_Dados - WARNING - Duplicata detectada: ROBERVAL PORTACIO DOS SANTOS - SALÁRIO - R$ 740.00
2025-10-17 12:03:08,525 - sistema - Sistema_Entrada_Dados - ERROR - 🔍 MÉTODO DE VERIFICAÇÃO FOI CHAMADO!
2025-10-17 12:03:08,527 - sistema - Sistema_Entrada_Dados - INFO - === INICIANDO VERIFICAÇÃO DE DUPLICIDADE ===
2025-10-17 12:03:08,527 - sistema - Sistema_Entrada_Dados - INFO - Dados novos: DOMINGOS DA SILVA LIMA | SALÁRIO | R$ 740.00 | 20/10/2025
2025-10-17 12:03:08,581 - sistema - Sistema_Entrada_Dados - ERROR - 🚨 DUPLICATA PROVÁVEL DETECTADA (Critério: Fornecedor+Valor+Data+Referência Similar)!
2025-10-17 12:03:08,581 - sistema - Sistema_Entrada_Dados - ERROR -    Nome: DOMINGOS DA SILVA LIMA
2025-10-17 12:03:08,581 - sistema - Sistema_Entrada_Dados - ERROR -    Referência nova: 'SALÁRIO'
2025-10-17 12:03:08,581 - sistema - Sistema_Entrada_Dados - ERROR -    Referência existente: 'SALÁRIO'
2025-10-17 12:03:08,581 - sistema - Sistema_Entrada_Dados - ERROR -    Similaridade: 90.00%
2025-10-17 12:03:08,581 - sistema - Sistema_Entrada_Dados - ERROR -    Valor: R$ 740.00
2025-10-17 12:03:08,581 - sistema - Sistema_Entrada_Dados - ERROR -    Vencimento: 20/10/2025
2025-10-17 12:03:08,581 - sistema - Sistema_Entrada_Dados - ERROR -    Linha existente: 1017
2025-10-17 12:03:08,581 - sistema - Sistema_Entrada_Dados - WARNING - Duplicata detectada: DOMINGOS DA SILVA LIMA - SALÁRIO - R$ 740.00
2025-10-17 12:03:08,596 - sistema - Sistema_Entrada_Dados - WARNING - Detectados 10 possíveis lançamentos duplicados
2025-10-17 12:03:39,186 - sistema - Sistema_Entrada_Dados - INFO - Usuário optou por continuar. Processando 0 lançamentos únicos
2025-10-17 12:42:39,541 - sistema - logger_config - INFO - Sistema de logging inicializado
2025-10-17 12:42:43,016 - sistema - logger_config - INFO - Iniciando: Carregar configurações
2025-10-17 12:42:43,059 - sistema - logger_config - INFO - Concluído: Carregar configurações
2025-10-17 12:42:43,059 - sistema - logger_config - INFO - Iniciando: Carregar configurações
2025-10-17 12:42:43,059 - sistema - logger_config - INFO - Concluído: Carregar configurações
2025-10-17 12:42:43,075 - sistema - Sistema_Entrada_Dados - INFO - Proteções contra perda de dados configuradas
2025-10-17 12:43:02,645 - sistema - Sistema_Entrada_Dados - INFO - Cliente selecionado com sucesso: EDUARDO MORENO MARQUES
2025-10-17 12:43:10,551 - sistema - Sistema_Entrada_Dados - INFO - Cliente selecionado com sucesso: CLEVER LUIZ SALVADOR
2025-10-17 12:44:14,580 - sistema - Sistema_Entrada_Dados - INFO - Iniciando envio de dados - Cliente: CLEVER LUIZ SALVADOR, Registros: 10
2025-10-17 12:44:14,580 - sistema - Sistema_Entrada_Dados - INFO - Obtendo dados do visualizador
2025-10-17 12:44:14,580 - sistema - Sistema_Entrada_Dados - INFO - Total de registros a processar: 10
2025-10-17 12:44:14,580 - sistema - Sistema_Entrada_Dados - INFO - Datas que serão afetadas pela inserção: ['20/10/2025']
2025-10-17 12:44:14,580 - sistema - Sistema_Entrada_Dados - INFO - Salvando em: C:\Users\Obras\sistema_gestao_testes\testes\Financeiro\Clientes\CLEVER LUIZ SALVADOR.xlsx
2025-10-17 12:44:14,580 - sistema - Sistema_Entrada_Dados - INFO - Verificando integridade dos IDs antes da inserção
2025-10-17 12:44:15,482 - sistema - Sistema_Entrada_Dados - ERROR - 🔍 MÉTODO DE VERIFICAÇÃO FOI CHAMADO!
2025-10-17 12:44:15,482 - sistema - Sistema_Entrada_Dados - INFO - === INICIANDO VERIFICAÇÃO DE DUPLICIDADE ===
2025-10-17 12:44:15,482 - sistema - Sistema_Entrada_Dados - INFO - Dados novos: ANTONIO DUTRA DE FREITAS | SALÁRIO | R$ 1156.00 | 20/10/2025
2025-10-17 12:44:15,554 - sistema - Sistema_Entrada_Dados - ERROR - 🚨 DUPLICATA PROVÁVEL DETECTADA (Critério: Fornecedor+Valor+Data+Referência Similar)!
2025-10-17 12:44:15,554 - sistema - Sistema_Entrada_Dados - ERROR -    Nome: ANTONIO DUTRA DE FREITAS
2025-10-17 12:44:15,554 - sistema - Sistema_Entrada_Dados - ERROR -    Referência nova: 'SALÁRIO'
2025-10-17 12:44:15,554 - sistema - Sistema_Entrada_Dados - ERROR -    Referência existente: 'SALÁRIO'
2025-10-17 12:44:15,554 - sistema - Sistema_Entrada_Dados - ERROR -    Similaridade: 90.00%
2025-10-17 12:44:15,554 - sistema - Sistema_Entrada_Dados - ERROR -    Valor: R$ 1156.00
2025-10-17 12:44:15,554 - sistema - Sistema_Entrada_Dados - ERROR -    Vencimento: 20/10/2025
2025-10-17 12:44:15,554 - sistema - Sistema_Entrada_Dados - ERROR -    Linha existente: 1008
2025-10-17 12:44:15,554 - sistema - Sistema_Entrada_Dados - WARNING - Duplicata detectada: ANTONIO DUTRA DE FREITAS - SALÁRIO - R$ 1156.00
2025-10-17 12:44:15,566 - sistema - Sistema_Entrada_Dados - ERROR - 🔍 MÉTODO DE VERIFICAÇÃO FOI CHAMADO!
2025-10-17 12:44:15,566 - sistema - Sistema_Entrada_Dados - INFO - === INICIANDO VERIFICAÇÃO DE DUPLICIDADE ===
2025-10-17 12:44:15,567 - sistema - Sistema_Entrada_Dados - INFO - Dados novos: BRUNO JUNIO DA SILVA | SALÁRIO | R$ 2719.60 | 20/10/2025
2025-10-17 12:44:15,620 - sistema - Sistema_Entrada_Dados - ERROR - 🚨 DUPLICATA PROVÁVEL DETECTADA (Critério: Fornecedor+Valor+Data+Referência Similar)!
2025-10-17 12:44:15,620 - sistema - Sistema_Entrada_Dados - ERROR -    Nome: BRUNO JUNIO DA SILVA
2025-10-17 12:44:15,620 - sistema - Sistema_Entrada_Dados - ERROR -    Referência nova: 'SALÁRIO'
2025-10-17 12:44:15,620 - sistema - Sistema_Entrada_Dados - ERROR -    Referência existente: 'SALÁRIO'
2025-10-17 12:44:15,620 - sistema - Sistema_Entrada_Dados - ERROR -    Similaridade: 90.00%
2025-10-17 12:44:15,620 - sistema - Sistema_Entrada_Dados - ERROR -    Valor: R$ 2719.60
2025-10-17 12:44:15,620 - sistema - Sistema_Entrada_Dados - ERROR -    Vencimento: 20/10/2025
2025-10-17 12:44:15,620 - sistema - Sistema_Entrada_Dados - ERROR -    Linha existente: 1009
2025-10-17 12:44:15,620 - sistema - Sistema_Entrada_Dados - WARNING - Duplicata detectada: BRUNO JUNIO DA SILVA - SALÁRIO - R$ 2719.60
2025-10-17 12:44:15,620 - sistema - Sistema_Entrada_Dados - ERROR - 🔍 MÉTODO DE VERIFICAÇÃO FOI CHAMADO!
2025-10-17 12:44:15,629 - sistema - Sistema_Entrada_Dados - INFO - === INICIANDO VERIFICAÇÃO DE DUPLICIDADE ===
2025-10-17 12:44:15,630 - sistema - Sistema_Entrada_Dados - INFO - Dados novos: BRUNO RODRIGUES DOS SANTOS | SALÁRIO | R$ 1156.00 | 20/10/2025
2025-10-17 12:44:15,689 - sistema - Sistema_Entrada_Dados - ERROR - 🚨 DUPLICATA PROVÁVEL DETECTADA (Critério: Fornecedor+Valor+Data+Referência Similar)!
2025-10-17 12:44:15,689 - sistema - Sistema_Entrada_Dados - ERROR -    Nome: BRUNO RODRIGUES DOS SANTOS
2025-10-17 12:44:15,690 - sistema - Sistema_Entrada_Dados - ERROR -    Referência nova: 'SALÁRIO'
2025-10-17 12:44:15,691 - sistema - Sistema_Entrada_Dados - ERROR -    Referência existente: 'SALÁRIO'
2025-10-17 12:44:15,691 - sistema - Sistema_Entrada_Dados - ERROR -    Similaridade: 90.00%
2025-10-17 12:44:15,692 - sistema - Sistema_Entrada_Dados - ERROR -    Valor: R$ 1156.00
2025-10-17 12:44:15,692 - sistema - Sistema_Entrada_Dados - ERROR -    Vencimento: 20/10/2025
2025-10-17 12:44:15,693 - sistema - Sistema_Entrada_Dados - ERROR -    Linha existente: 1010
2025-10-17 12:44:15,693 - sistema - Sistema_Entrada_Dados - WARNING - Duplicata detectada: BRUNO RODRIGUES DOS SANTOS - SALÁRIO - R$ 1156.00
2025-10-17 12:44:15,695 - sistema - Sistema_Entrada_Dados - ERROR - 🔍 MÉTODO DE VERIFICAÇÃO FOI CHAMADO!
2025-10-17 12:44:15,696 - sistema - Sistema_Entrada_Dados - INFO - === INICIANDO VERIFICAÇÃO DE DUPLICIDADE ===
2025-10-17 12:44:15,697 - sistema - Sistema_Entrada_Dados - INFO - Dados novos: CARLOS ALEXANDRE FERNANDES DA SILVA | SALÁRIO | R$ 1156.00 | 20/10/2025
2025-10-17 12:44:15,752 - sistema - Sistema_Entrada_Dados - ERROR - 🚨 DUPLICATA PROVÁVEL DETECTADA (Critério: Fornecedor+Valor+Data+Referência Similar)!
2025-10-17 12:44:15,753 - sistema - Sistema_Entrada_Dados - ERROR -    Nome: CARLOS ALEXANDRE FERNANDES DA SILVA
2025-10-17 12:44:15,754 - sistema - Sistema_Entrada_Dados - ERROR -    Referência nova: 'SALÁRIO'
2025-10-17 12:44:15,754 - sistema - Sistema_Entrada_Dados - ERROR -    Referência existente: 'SALÁRIO'
2025-10-17 12:44:15,755 - sistema - Sistema_Entrada_Dados - ERROR -    Similaridade: 90.00%
2025-10-17 12:44:15,756 - sistema - Sistema_Entrada_Dados - ERROR -    Valor: R$ 1156.00
2025-10-17 12:44:15,756 - sistema - Sistema_Entrada_Dados - ERROR -    Vencimento: 20/10/2025
2025-10-17 12:44:15,757 - sistema - Sistema_Entrada_Dados - ERROR -    Linha existente: 1011
2025-10-17 12:44:15,757 - sistema - Sistema_Entrada_Dados - WARNING - Duplicata detectada: CARLOS ALEXANDRE FERNANDES DA SILVA - SALÁRIO - R$ 1156.00
2025-10-17 12:44:15,759 - sistema - Sistema_Entrada_Dados - ERROR - 🔍 MÉTODO DE VERIFICAÇÃO FOI CHAMADO!
2025-10-17 12:44:15,759 - sistema - Sistema_Entrada_Dados - INFO - === INICIANDO VERIFICAÇÃO DE DUPLICIDADE ===
2025-10-17 12:44:15,760 - sistema - Sistema_Entrada_Dados - INFO - Dados novos: EDER PEREIRA DA SILVA | SALÁRIO | R$ 1156.00 | 20/10/2025
2025-10-17 12:44:15,803 - sistema - Sistema_Entrada_Dados - ERROR - 🚨 DUPLICATA PROVÁVEL DETECTADA (Critério: Fornecedor+Valor+Data+Referência Similar)!
2025-10-17 12:44:15,803 - sistema - Sistema_Entrada_Dados - ERROR -    Nome: EDER PEREIRA DA SILVA
2025-10-17 12:44:15,803 - sistema - Sistema_Entrada_Dados - ERROR -    Referência nova: 'SALÁRIO'
2025-10-17 12:44:15,803 - sistema - Sistema_Entrada_Dados - ERROR -    Referência existente: 'SALÁRIO'
2025-10-17 12:44:15,803 - sistema - Sistema_Entrada_Dados - ERROR -    Similaridade: 90.00%
2025-10-17 12:44:15,803 - sistema - Sistema_Entrada_Dados - ERROR -    Valor: R$ 1156.00
2025-10-17 12:44:15,803 - sistema - Sistema_Entrada_Dados - ERROR -    Vencimento: 20/10/2025
2025-10-17 12:44:15,818 - sistema - Sistema_Entrada_Dados - ERROR -    Linha existente: 1012
2025-10-17 12:44:15,818 - sistema - Sistema_Entrada_Dados - WARNING - Duplicata detectada: EDER PEREIRA DA SILVA - SALÁRIO - R$ 1156.00
2025-10-17 12:44:15,820 - sistema - Sistema_Entrada_Dados - ERROR - 🔍 MÉTODO DE VERIFICAÇÃO FOI CHAMADO!
2025-10-17 12:44:15,821 - sistema - Sistema_Entrada_Dados - INFO - === INICIANDO VERIFICAÇÃO DE DUPLICIDADE ===
2025-10-17 12:44:15,822 - sistema - Sistema_Entrada_Dados - INFO - Dados novos: FRANCISCO REGO DA SILVA | SALÁRIO | R$ 979.60 | 20/10/2025
2025-10-17 12:44:15,885 - sistema - Sistema_Entrada_Dados - ERROR - 🚨 DUPLICATA PROVÁVEL DETECTADA (Critério: Fornecedor+Valor+Data+Referência Similar)!
2025-10-17 12:44:15,886 - sistema - Sistema_Entrada_Dados - ERROR -    Nome: FRANCISCO REGO DA SILVA
2025-10-17 12:44:15,887 - sistema - Sistema_Entrada_Dados - ERROR -    Referência nova: 'SALÁRIO'
2025-10-17 12:44:15,888 - sistema - Sistema_Entrada_Dados - ERROR -    Referência existente: 'SALÁRIO'
2025-10-17 12:44:15,888 - sistema - Sistema_Entrada_Dados - ERROR -    Similaridade: 90.00%
2025-10-17 12:44:15,889 - sistema - Sistema_Entrada_Dados - ERROR -    Valor: R$ 979.60
2025-10-17 12:44:15,890 - sistema - Sistema_Entrada_Dados - ERROR -    Vencimento: 20/10/2025
2025-10-17 12:44:15,890 - sistema - Sistema_Entrada_Dados - ERROR -    Linha existente: 1013
2025-10-17 12:44:15,891 - sistema - Sistema_Entrada_Dados - WARNING - Duplicata detectada: FRANCISCO REGO DA SILVA - SALÁRIO - R$ 979.60
2025-10-17 12:44:15,893 - sistema - Sistema_Entrada_Dados - ERROR - 🔍 MÉTODO DE VERIFICAÇÃO FOI CHAMADO!
2025-10-17 12:44:15,893 - sistema - Sistema_Entrada_Dados - INFO - === INICIANDO VERIFICAÇÃO DE DUPLICIDADE ===
2025-10-17 12:44:15,894 - sistema - Sistema_Entrada_Dados - INFO - Dados novos: LUCAS CATALUNHA DA SILVA | SALÁRIO | R$ 740.00 | 20/10/2025
2025-10-17 12:44:15,937 - sistema - Sistema_Entrada_Dados - ERROR - 🚨 DUPLICATA PROVÁVEL DETECTADA (Critério: Fornecedor+Valor+Data+Referência Similar)!
2025-10-17 12:44:15,952 - sistema - Sistema_Entrada_Dados - ERROR -    Nome: LUCAS CATALUNHA DA SILVA
2025-10-17 12:44:15,953 - sistema - Sistema_Entrada_Dados - ERROR -    Referência nova: 'SALÁRIO'
2025-10-17 12:44:15,953 - sistema - Sistema_Entrada_Dados - ERROR -    Referência existente: 'SALÁRIO'
2025-10-17 12:44:15,953 - sistema - Sistema_Entrada_Dados - ERROR -    Similaridade: 90.00%
2025-10-17 12:44:15,953 - sistema - Sistema_Entrada_Dados - ERROR -    Valor: R$ 740.00
2025-10-17 12:44:15,953 - sistema - Sistema_Entrada_Dados - ERROR -    Vencimento: 20/10/2025
2025-10-17 12:44:15,953 - sistema - Sistema_Entrada_Dados - ERROR -    Linha existente: 1014
2025-10-17 12:44:15,957 - sistema - Sistema_Entrada_Dados - WARNING - Duplicata detectada: LUCAS CATALUNHA DA SILVA - SALÁRIO - R$ 740.00
2025-10-17 12:44:15,958 - sistema - Sistema_Entrada_Dados - ERROR - 🔍 MÉTODO DE VERIFICAÇÃO FOI CHAMADO!
2025-10-17 12:44:15,959 - sistema - Sistema_Entrada_Dados - INFO - === INICIANDO VERIFICAÇÃO DE DUPLICIDADE ===
2025-10-17 12:44:15,959 - sistema - Sistema_Entrada_Dados - INFO - Dados novos: MARCOS VINICIUS BISPO CORREIA | SALÁRIO | R$ 1156.00 | 20/10/2025
2025-10-17 12:44:16,004 - sistema - Sistema_Entrada_Dados - ERROR - 🚨 DUPLICATA PROVÁVEL DETECTADA (Critério: Fornecedor+Valor+Data+Referência Similar)!
2025-10-17 12:44:16,004 - sistema - Sistema_Entrada_Dados - ERROR -    Nome: MARCOS VINICIUS BISPO CORREIA
2025-10-17 12:44:16,004 - sistema - Sistema_Entrada_Dados - ERROR -    Referência nova: 'SALÁRIO'
2025-10-17 12:44:16,004 - sistema - Sistema_Entrada_Dados - ERROR -    Referência existente: 'SALÁRIO'
2025-10-17 12:44:16,004 - sistema - Sistema_Entrada_Dados - ERROR -    Similaridade: 90.00%
2025-10-17 12:44:16,004 - sistema - Sistema_Entrada_Dados - ERROR -    Valor: R$ 1156.00
2025-10-17 12:44:16,004 - sistema - Sistema_Entrada_Dados - ERROR -    Vencimento: 20/10/2025
2025-10-17 12:44:16,004 - sistema - Sistema_Entrada_Dados - ERROR -    Linha existente: 1015
2025-10-17 12:44:16,004 - sistema - Sistema_Entrada_Dados - WARNING - Duplicata detectada: MARCOS VINICIUS BISPO CORREIA - SALÁRIO - R$ 1156.00
2025-10-17 12:44:16,004 - sistema - Sistema_Entrada_Dados - ERROR - 🔍 MÉTODO DE VERIFICAÇÃO FOI CHAMADO!
2025-10-17 12:44:16,004 - sistema - Sistema_Entrada_Dados - INFO - === INICIANDO VERIFICAÇÃO DE DUPLICIDADE ===
2025-10-17 12:44:16,017 - sistema - Sistema_Entrada_Dados - INFO - Dados novos: ROBERVAL PORTACIO DOS SANTOS | SALÁRIO | R$ 740.00 | 20/10/2025
2025-10-17 12:44:16,070 - sistema - Sistema_Entrada_Dados - ERROR - 🚨 DUPLICATA PROVÁVEL DETECTADA (Critério: Fornecedor+Valor+Data+Referência Similar)!
2025-10-17 12:44:16,071 - sistema - Sistema_Entrada_Dados - ERROR -    Nome: ROBERVAL PORTACIO DOS SANTOS
2025-10-17 12:44:16,072 - sistema - Sistema_Entrada_Dados - ERROR -    Referência nova: 'SALÁRIO'
2025-10-17 12:44:16,072 - sistema - Sistema_Entrada_Dados - ERROR -    Referência existente: 'SALÁRIO'
2025-10-17 12:44:16,073 - sistema - Sistema_Entrada_Dados - ERROR -    Similaridade: 90.00%
2025-10-17 12:44:16,073 - sistema - Sistema_Entrada_Dados - ERROR -    Valor: R$ 740.00
2025-10-17 12:44:16,074 - sistema - Sistema_Entrada_Dados - ERROR -    Vencimento: 20/10/2025
2025-10-17 12:44:16,074 - sistema - Sistema_Entrada_Dados - ERROR -    Linha existente: 1016
2025-10-17 12:44:16,075 - sistema - Sistema_Entrada_Dados - WARNING - Duplicata detectada: ROBERVAL PORTACIO DOS SANTOS - SALÁRIO - R$ 740.00
2025-10-17 12:44:16,076 - sistema - Sistema_Entrada_Dados - ERROR - 🔍 MÉTODO DE VERIFICAÇÃO FOI CHAMADO!
2025-10-17 12:44:16,077 - sistema - Sistema_Entrada_Dados - INFO - === INICIANDO VERIFICAÇÃO DE DUPLICIDADE ===
2025-10-17 12:44:16,078 - sistema - Sistema_Entrada_Dados - INFO - Dados novos: DOMINGOS DA SILVA LIMA | SALÁRIO | R$ 740.00 | 20/10/2025
2025-10-17 12:44:16,120 - sistema - Sistema_Entrada_Dados - ERROR - 🚨 DUPLICATA PROVÁVEL DETECTADA (Critério: Fornecedor+Valor+Data+Referência Similar)!
2025-10-17 12:44:16,120 - sistema - Sistema_Entrada_Dados - ERROR -    Nome: DOMINGOS DA SILVA LIMA
2025-10-17 12:44:16,120 - sistema - Sistema_Entrada_Dados - ERROR -    Referência nova: 'SALÁRIO'
2025-10-17 12:44:16,120 - sistema - Sistema_Entrada_Dados - ERROR -    Referência existente: 'SALÁRIO'
2025-10-17 12:44:16,135 - sistema - Sistema_Entrada_Dados - ERROR -    Similaridade: 90.00%
2025-10-17 12:44:16,136 - sistema - Sistema_Entrada_Dados - ERROR -    Valor: R$ 740.00
2025-10-17 12:44:16,136 - sistema - Sistema_Entrada_Dados - ERROR -    Vencimento: 20/10/2025
2025-10-17 12:44:16,137 - sistema - Sistema_Entrada_Dados - ERROR -    Linha existente: 1017
2025-10-17 12:44:16,138 - sistema - Sistema_Entrada_Dados - WARNING - Duplicata detectada: DOMINGOS DA SILVA LIMA - SALÁRIO - R$ 740.00
2025-10-17 12:44:16,139 - sistema - Sistema_Entrada_Dados - WARNING - Detectados 10 possíveis lançamentos duplicados
2025-10-17 12:44:22,937 - sistema - Sistema_Entrada_Dados - INFO - Usuário optou por limpar todos os lançamentos duplicados
2025-10-17 12:44:22,937 - sistema - Sistema_Entrada_Dados - INFO - Limpando visualização completa de lançamentos pendentes
2025-10-17 12:44:22,937 - sistema - Sistema_Entrada_Dados - INFO - Lista dados_para_incluir limpa (10 registros removidos)
2025-10-17 12:44:22,980 - sistema - Sistema_Entrada_Dados - INFO - Janela do visualizador destruída
2025-10-17 12:44:22,982 - sistema - Sistema_Entrada_Dados - INFO - Referência ao visualizador removida
2025-10-17 12:44:22,990 - sistema - Sistema_Entrada_Dados - INFO - Visualização limpa com sucesso
2025-10-17 12:44:58,478 - sistema - Sistema_Entrada_Dados - WARNING - Tentativa de trocar cliente com 11 lançamentos pendentes
2025-10-17 12:45:23,952 - sistema - Sistema_Entrada_Dados - INFO - Troca de cliente CANCELADA pelo usuário - dados pendentes preservados
2025-10-17 12:45:39,518 - sistema - Sistema_Entrada_Dados - INFO - Iniciando envio de dados - Cliente: CLEVER LUIZ SALVADOR, Registros: 11
2025-10-17 12:45:39,518 - sistema - Sistema_Entrada_Dados - INFO - Obtendo dados do visualizador
2025-10-17 12:45:39,518 - sistema - Sistema_Entrada_Dados - INFO - Total de registros a processar: 11
2025-10-17 12:45:39,518 - sistema - Sistema_Entrada_Dados - INFO - Datas que serão afetadas pela inserção: ['20/10/2025']
2025-10-17 12:45:39,518 - sistema - Sistema_Entrada_Dados - INFO - Salvando em: C:\Users\Obras\sistema_gestao_testes\testes\Financeiro\Clientes\CLEVER LUIZ SALVADOR.xlsx
2025-10-17 12:45:39,518 - sistema - Sistema_Entrada_Dados - INFO - Verificando integridade dos IDs antes da inserção
2025-10-17 12:45:40,448 - sistema - Sistema_Entrada_Dados - ERROR - 🔍 MÉTODO DE VERIFICAÇÃO FOI CHAMADO!
2025-10-17 12:45:40,448 - sistema - Sistema_Entrada_Dados - INFO - === INICIANDO VERIFICAÇÃO DE DUPLICIDADE ===
2025-10-17 12:45:40,448 - sistema - Sistema_Entrada_Dados - INFO - Dados novos: ANTONIO DUTRA DE FREITAS | SALÁRIO | R$ 1493.80 | 20/10/2025
2025-10-17 12:45:40,566 - sistema - Sistema_Entrada_Dados - INFO - ✅ Nenhuma duplicata encontrada para: ANTONIO DUTRA DE FREITAS - SALÁRIO
2025-10-17 12:45:40,602 - sistema - Sistema_Entrada_Dados - ERROR - 🔍 MÉTODO DE VERIFICAÇÃO FOI CHAMADO!
2025-10-17 12:45:40,602 - sistema - Sistema_Entrada_Dados - INFO - === INICIANDO VERIFICAÇÃO DE DUPLICIDADE ===
2025-10-17 12:45:40,617 - sistema - Sistema_Entrada_Dados - INFO - Dados novos: BRUNO JUNIO DA SILVA | SALÁRIO | R$ 2566.36 | 20/10/2025
2025-10-17 12:45:40,686 - sistema - Sistema_Entrada_Dados - INFO - ✅ Nenhuma duplicata encontrada para: BRUNO JUNIO DA SILVA - SALÁRIO
2025-10-17 12:45:40,700 - sistema - Sistema_Entrada_Dados - ERROR - 🔍 MÉTODO DE VERIFICAÇÃO FOI CHAMADO!
2025-10-17 12:45:40,701 - sistema - Sistema_Entrada_Dados - INFO - === INICIANDO VERIFICAÇÃO DE DUPLICIDADE ===
2025-10-17 12:45:40,702 - sistema - Sistema_Entrada_Dados - INFO - Dados novos: BRUNO RODRIGUES DOS SANTOS | SALÁRIO | R$ 1493.80 | 20/10/2025
2025-10-17 12:45:40,753 - sistema - Sistema_Entrada_Dados - INFO - ✅ Nenhuma duplicata encontrada para: BRUNO RODRIGUES DOS SANTOS - SALÁRIO
2025-10-17 12:45:40,753 - sistema - Sistema_Entrada_Dados - ERROR - 🔍 MÉTODO DE VERIFICAÇÃO FOI CHAMADO!
2025-10-17 12:45:40,753 - sistema - Sistema_Entrada_Dados - INFO - === INICIANDO VERIFICAÇÃO DE DUPLICIDADE ===
2025-10-17 12:45:40,753 - sistema - Sistema_Entrada_Dados - INFO - Dados novos: CARLOS ALEXANDRE FERNANDES DA SILVA | SALÁRIO | R$ 1493.80 | 20/10/2025
2025-10-17 12:45:40,819 - sistema - Sistema_Entrada_Dados - INFO - ✅ Nenhuma duplicata encontrada para: CARLOS ALEXANDRE FERNANDES DA SILVA - SALÁRIO
2025-10-17 12:45:40,819 - sistema - Sistema_Entrada_Dados - ERROR - 🔍 MÉTODO DE VERIFICAÇÃO FOI CHAMADO!
2025-10-17 12:45:40,819 - sistema - Sistema_Entrada_Dados - INFO - === INICIANDO VERIFICAÇÃO DE DUPLICIDADE ===
2025-10-17 12:45:40,819 - sistema - Sistema_Entrada_Dados - INFO - Dados novos: EDER PEREIRA DA SILVA | SALÁRIO | R$ 1493.80 | 20/10/2025
2025-10-17 12:45:40,870 - sistema - Sistema_Entrada_Dados - INFO - ✅ Nenhuma duplicata encontrada para: EDER PEREIRA DA SILVA - SALÁRIO
2025-10-17 12:45:40,885 - sistema - Sistema_Entrada_Dados - ERROR - 🔍 MÉTODO DE VERIFICAÇÃO FOI CHAMADO!
2025-10-17 12:45:40,886 - sistema - Sistema_Entrada_Dados - INFO - === INICIANDO VERIFICAÇÃO DE DUPLICIDADE ===
2025-10-17 12:45:40,886 - sistema - Sistema_Entrada_Dados - INFO - Dados novos: FRANCISCO REGO DA SILVA | SALÁRIO | R$ 1271.76 | 20/10/2025
2025-10-17 12:45:40,936 - sistema - Sistema_Entrada_Dados - INFO - ✅ Nenhuma duplicata encontrada para: FRANCISCO REGO DA SILVA - SALÁRIO
2025-10-17 12:45:40,936 - sistema - Sistema_Entrada_Dados - ERROR - 🔍 MÉTODO DE VERIFICAÇÃO FOI CHAMADO!
2025-10-17 12:45:40,936 - sistema - Sistema_Entrada_Dados - INFO - === INICIANDO VERIFICAÇÃO DE DUPLICIDADE ===
2025-10-17 12:45:40,936 - sistema - Sistema_Entrada_Dados - INFO - Dados novos: GLAUBER CARDOSO LIMA | SALÁRIO | R$ 1447.54 | 20/10/2025
2025-10-17 12:45:41,002 - sistema - Sistema_Entrada_Dados - INFO - ✅ Nenhuma duplicata encontrada para: GLAUBER CARDOSO LIMA - SALÁRIO
2025-10-17 12:45:41,002 - sistema - Sistema_Entrada_Dados - ERROR - 🔍 MÉTODO DE VERIFICAÇÃO FOI CHAMADO!
2025-10-17 12:45:41,002 - sistema - Sistema_Entrada_Dados - INFO - === INICIANDO VERIFICAÇÃO DE DUPLICIDADE ===
2025-10-17 12:45:41,002 - sistema - Sistema_Entrada_Dados - INFO - Dados novos: IZAEL BISPO SILVA OLIVEIRA | SALÁRIO | R$ 1493.80 | 20/10/2025
2025-10-17 12:45:41,053 - sistema - Sistema_Entrada_Dados - INFO - ✅ Nenhuma duplicata encontrada para: IZAEL BISPO SILVA OLIVEIRA - SALÁRIO
2025-10-17 12:45:41,053 - sistema - Sistema_Entrada_Dados - ERROR - 🔍 MÉTODO DE VERIFICAÇÃO FOI CHAMADO!
2025-10-17 12:45:41,067 - sistema - Sistema_Entrada_Dados - INFO - === INICIANDO VERIFICAÇÃO DE DUPLICIDADE ===
2025-10-17 12:45:41,068 - sistema - Sistema_Entrada_Dados - INFO - Dados novos: LUCAS CATALUNHA DA SILVA | SALÁRIO | R$ 829.10 | 20/10/2025
2025-10-17 12:45:41,120 - sistema - Sistema_Entrada_Dados - INFO - ✅ Nenhuma duplicata encontrada para: LUCAS CATALUNHA DA SILVA - SALÁRIO
2025-10-17 12:45:41,120 - sistema - Sistema_Entrada_Dados - ERROR - 🔍 MÉTODO DE VERIFICAÇÃO FOI CHAMADO!
2025-10-17 12:45:41,120 - sistema - Sistema_Entrada_Dados - INFO - === INICIANDO VERIFICAÇÃO DE DUPLICIDADE ===
2025-10-17 12:45:41,120 - sistema - Sistema_Entrada_Dados - INFO - Dados novos: ROBERVAL PORTACIO DOS SANTOS | SALÁRIO | R$ 829.10 | 20/10/2025
2025-10-17 12:45:41,170 - sistema - Sistema_Entrada_Dados - INFO - ✅ Nenhuma duplicata encontrada para: ROBERVAL PORTACIO DOS SANTOS - SALÁRIO
2025-10-17 12:45:41,186 - sistema - Sistema_Entrada_Dados - ERROR - 🔍 MÉTODO DE VERIFICAÇÃO FOI CHAMADO!
2025-10-17 12:45:41,186 - sistema - Sistema_Entrada_Dados - INFO - === INICIANDO VERIFICAÇÃO DE DUPLICIDADE ===
2025-10-17 12:45:41,186 - sistema - Sistema_Entrada_Dados - INFO - Dados novos: DOMINGOS DA SILVA LIMA | SALÁRIO | R$ 829.10 | 20/10/2025
2025-10-17 12:45:41,251 - sistema - Sistema_Entrada_Dados - INFO - ✅ Nenhuma duplicata encontrada para: DOMINGOS DA SILVA LIMA - SALÁRIO
2025-10-17 12:45:41,252 - sistema - Sistema_Entrada_Dados - INFO - Lançamento inserido com ID 1021 na linha 1018
2025-10-17 12:45:41,264 - sistema - Sistema_Entrada_Dados - INFO - Lançamento inserido com ID 1022 na linha 1019
2025-10-17 12:45:41,271 - sistema - Sistema_Entrada_Dados - INFO - Lançamento inserido com ID 1023 na linha 1020
2025-10-17 12:45:41,277 - sistema - Sistema_Entrada_Dados - INFO - Lançamento inserido com ID 1024 na linha 1021
2025-10-17 12:45:41,284 - sistema - Sistema_Entrada_Dados - INFO - Lançamento inserido com ID 1025 na linha 1022
2025-10-17 12:45:41,292 - sistema - Sistema_Entrada_Dados - INFO - Lançamento inserido com ID 1026 na linha 1023
2025-10-17 12:45:41,298 - sistema - Sistema_Entrada_Dados - INFO - Lançamento inserido com ID 1027 na linha 1024
2025-10-17 12:45:41,305 - sistema - Sistema_Entrada_Dados - INFO - Lançamento inserido com ID 1028 na linha 1025
2025-10-17 12:45:41,311 - sistema - Sistema_Entrada_Dados - INFO - Lançamento inserido com ID 1029 na linha 1026
2025-10-17 12:45:41,318 - sistema - Sistema_Entrada_Dados - INFO - Lançamento inserido com ID 1030 na linha 1027
2025-10-17 12:45:41,325 - sistema - Sistema_Entrada_Dados - INFO - Lançamento inserido com ID 1031 na linha 1028
2025-10-17 12:45:41,841 - sistema - Sistema_Entrada_Dados - INFO - Iniciando verificação de recálculo para 1 datas
2025-10-17 12:45:42,352 - sistema - Sistema_Entrada_Dados - INFO - Verificando necessidade de recálculo para 2025-10-20
2025-10-17 12:45:42,352 - sistema - Sistema_Entrada_Dados - ERROR - Erro ao verificar recálculo para 2025-10-20: 'SistemaEntradaDados' object has no attribute 'chamar_apos_operacao_lancamento'
2025-10-17 12:45:51,413 - sistema - Sistema_Entrada_Dados - INFO - Limpando 11 registros salvos da visualização
2025-10-17 12:45:51,432 - sistema - Sistema_Entrada_Dados - INFO - Visualizador fechado - todos os registros foram processados
2025-10-17 12:45:51,445 - sistema - Sistema_Entrada_Dados - INFO - Dados salvos removidos com sucesso da visualização
2025-10-17 12:49:16,073 - sistema - Sistema_Entrada_Dados - WARNING - Tentativa de trocar cliente com 10 lançamentos pendentes
2025-10-17 12:51:12,760 - sistema - Sistema_Entrada_Dados - INFO - Troca de cliente CANCELADA pelo usuário - dados pendentes preservados
2025-10-17 12:56:04,562 - sistema - Sistema_Entrada_Dados - INFO - Iniciando envio de dados - Cliente: CLEVER LUIZ SALVADOR, Registros: 20
2025-10-17 12:56:04,562 - sistema - Sistema_Entrada_Dados - INFO - Obtendo dados do visualizador
2025-10-17 12:56:04,562 - sistema - Sistema_Entrada_Dados - INFO - Total de registros a processar: 20
2025-10-17 12:56:04,562 - sistema - Sistema_Entrada_Dados - INFO - Datas que serão afetadas pela inserção: ['20/10/2025']
2025-10-17 12:56:04,562 - sistema - Sistema_Entrada_Dados - INFO - Salvando em: C:\Users\Obras\sistema_gestao_testes\testes\Financeiro\Clientes\CLEVER LUIZ SALVADOR.xlsx
2025-10-17 12:56:04,562 - sistema - Sistema_Entrada_Dados - INFO - Verificando integridade dos IDs antes da inserção
2025-10-17 12:56:05,241 - sistema - Sistema_Entrada_Dados - ERROR - 🔍 MÉTODO DE VERIFICAÇÃO FOI CHAMADO!
2025-10-17 12:56:05,241 - sistema - Sistema_Entrada_Dados - INFO - === INICIANDO VERIFICAÇÃO DE DUPLICIDADE ===
2025-10-17 12:56:05,241 - sistema - Sistema_Entrada_Dados - INFO - Dados novos: ANTONIO DUTRA DE FREITAS | SALÁRIO | R$ 1156.00 | 20/10/2025
2025-10-17 12:56:05,320 - sistema - Sistema_Entrada_Dados - ERROR - 🚨 DUPLICATA PROVÁVEL DETECTADA (Critério: Fornecedor+Valor+Data+Referência Similar)!
2025-10-17 12:56:05,321 - sistema - Sistema_Entrada_Dados - ERROR -    Nome: ANTONIO DUTRA DE FREITAS
2025-10-17 12:56:05,321 - sistema - Sistema_Entrada_Dados - ERROR -    Referência nova: 'SALÁRIO'
2025-10-17 12:56:05,322 - sistema - Sistema_Entrada_Dados - ERROR -    Referência existente: 'SALÁRIO'
2025-10-17 12:56:05,322 - sistema - Sistema_Entrada_Dados - ERROR -    Similaridade: 90.00%
2025-10-17 12:56:05,323 - sistema - Sistema_Entrada_Dados - ERROR -    Valor: R$ 1156.00
2025-10-17 12:56:05,324 - sistema - Sistema_Entrada_Dados - ERROR -    Vencimento: 20/10/2025
2025-10-17 12:56:05,324 - sistema - Sistema_Entrada_Dados - ERROR -    Linha existente: 1008
2025-10-17 12:56:05,325 - sistema - Sistema_Entrada_Dados - WARNING - Duplicata detectada: ANTONIO DUTRA DE FREITAS - SALÁRIO - R$ 1156.00
2025-10-17 12:56:05,327 - sistema - Sistema_Entrada_Dados - ERROR - 🔍 MÉTODO DE VERIFICAÇÃO FOI CHAMADO!
2025-10-17 12:56:05,328 - sistema - Sistema_Entrada_Dados - INFO - === INICIANDO VERIFICAÇÃO DE DUPLICIDADE ===
2025-10-17 12:56:05,330 - sistema - Sistema_Entrada_Dados - INFO - Dados novos: BRUNO JUNIO DA SILVA | SALÁRIO | R$ 2719.60 | 20/10/2025
2025-10-17 12:56:05,377 - sistema - Sistema_Entrada_Dados - ERROR - 🚨 DUPLICATA PROVÁVEL DETECTADA (Critério: Fornecedor+Valor+Data+Referência Similar)!
2025-10-17 12:56:05,377 - sistema - Sistema_Entrada_Dados - ERROR -    Nome: BRUNO JUNIO DA SILVA
2025-10-17 12:56:05,377 - sistema - Sistema_Entrada_Dados - ERROR -    Referência nova: 'SALÁRIO'
2025-10-17 12:56:05,377 - sistema - Sistema_Entrada_Dados - ERROR -    Referência existente: 'SALÁRIO'
2025-10-17 12:56:05,377 - sistema - Sistema_Entrada_Dados - ERROR -    Similaridade: 90.00%
2025-10-17 12:56:05,377 - sistema - Sistema_Entrada_Dados - ERROR -    Valor: R$ 2719.60
2025-10-17 12:56:05,377 - sistema - Sistema_Entrada_Dados - ERROR -    Vencimento: 20/10/2025
2025-10-17 12:56:05,377 - sistema - Sistema_Entrada_Dados - ERROR -    Linha existente: 1009
2025-10-17 12:56:05,393 - sistema - Sistema_Entrada_Dados - WARNING - Duplicata detectada: BRUNO JUNIO DA SILVA - SALÁRIO - R$ 2719.60
2025-10-17 12:56:05,398 - sistema - Sistema_Entrada_Dados - ERROR - 🔍 MÉTODO DE VERIFICAÇÃO FOI CHAMADO!
2025-10-17 12:56:05,400 - sistema - Sistema_Entrada_Dados - INFO - === INICIANDO VERIFICAÇÃO DE DUPLICIDADE ===
2025-10-17 12:56:05,400 - sistema - Sistema_Entrada_Dados - INFO - Dados novos: BRUNO RODRIGUES DOS SANTOS | SALÁRIO | R$ 1156.00 | 20/10/2025
2025-10-17 12:56:05,444 - sistema - Sistema_Entrada_Dados - ERROR - 🚨 DUPLICATA PROVÁVEL DETECTADA (Critério: Fornecedor+Valor+Data+Referência Similar)!
2025-10-17 12:56:05,444 - sistema - Sistema_Entrada_Dados - ERROR -    Nome: BRUNO RODRIGUES DOS SANTOS
2025-10-17 12:56:05,444 - sistema - Sistema_Entrada_Dados - ERROR -    Referência nova: 'SALÁRIO'
2025-10-17 12:56:05,444 - sistema - Sistema_Entrada_Dados - ERROR -    Referência existente: 'SALÁRIO'
2025-10-17 12:56:05,444 - sistema - Sistema_Entrada_Dados - ERROR -    Similaridade: 90.00%
2025-10-17 12:56:05,444 - sistema - Sistema_Entrada_Dados - ERROR -    Valor: R$ 1156.00
2025-10-17 12:56:05,460 - sistema - Sistema_Entrada_Dados - ERROR -    Vencimento: 20/10/2025
2025-10-17 12:56:05,461 - sistema - Sistema_Entrada_Dados - ERROR -    Linha existente: 1010
2025-10-17 12:56:05,463 - sistema - Sistema_Entrada_Dados - WARNING - Duplicata detectada: BRUNO RODRIGUES DOS SANTOS - SALÁRIO - R$ 1156.00
2025-10-17 12:56:05,464 - sistema - Sistema_Entrada_Dados - ERROR - 🔍 MÉTODO DE VERIFICAÇÃO FOI CHAMADO!
2025-10-17 12:56:05,465 - sistema - Sistema_Entrada_Dados - INFO - === INICIANDO VERIFICAÇÃO DE DUPLICIDADE ===
2025-10-17 12:56:05,465 - sistema - Sistema_Entrada_Dados - INFO - Dados novos: CARLOS ALEXANDRE FERNANDES DA SILVA | SALÁRIO | R$ 1156.00 | 20/10/2025
2025-10-17 12:56:05,510 - sistema - Sistema_Entrada_Dados - ERROR - 🚨 DUPLICATA PROVÁVEL DETECTADA (Critério: Fornecedor+Valor+Data+Referência Similar)!
2025-10-17 12:56:05,510 - sistema - Sistema_Entrada_Dados - ERROR -    Nome: CARLOS ALEXANDRE FERNANDES DA SILVA
2025-10-17 12:56:05,525 - sistema - Sistema_Entrada_Dados - ERROR -    Referência nova: 'SALÁRIO'
2025-10-17 12:56:05,525 - sistema - Sistema_Entrada_Dados - ERROR -    Referência existente: 'SALÁRIO'
2025-10-17 12:56:05,525 - sistema - Sistema_Entrada_Dados - ERROR -    Similaridade: 90.00%
2025-10-17 12:56:05,525 - sistema - Sistema_Entrada_Dados - ERROR -    Valor: R$ 1156.00
2025-10-17 12:56:05,525 - sistema - Sistema_Entrada_Dados - ERROR -    Vencimento: 20/10/2025
2025-10-17 12:56:05,525 - sistema - Sistema_Entrada_Dados - ERROR -    Linha existente: 1011
2025-10-17 12:56:05,525 - sistema - Sistema_Entrada_Dados - WARNING - Duplicata detectada: CARLOS ALEXANDRE FERNANDES DA SILVA - SALÁRIO - R$ 1156.00
2025-10-17 12:56:05,531 - sistema - Sistema_Entrada_Dados - ERROR - 🔍 MÉTODO DE VERIFICAÇÃO FOI CHAMADO!
2025-10-17 12:56:05,532 - sistema - Sistema_Entrada_Dados - INFO - === INICIANDO VERIFICAÇÃO DE DUPLICIDADE ===
2025-10-17 12:56:05,533 - sistema - Sistema_Entrada_Dados - INFO - Dados novos: EDER PEREIRA DA SILVA | SALÁRIO | R$ 1156.00 | 20/10/2025
2025-10-17 12:56:05,598 - sistema - Sistema_Entrada_Dados - ERROR - 🚨 DUPLICATA PROVÁVEL DETECTADA (Critério: Fornecedor+Valor+Data+Referência Similar)!
2025-10-17 12:56:05,598 - sistema - Sistema_Entrada_Dados - ERROR -    Nome: EDER PEREIRA DA SILVA
2025-10-17 12:56:05,598 - sistema - Sistema_Entrada_Dados - ERROR -    Referência nova: 'SALÁRIO'
2025-10-17 12:56:05,598 - sistema - Sistema_Entrada_Dados - ERROR -    Referência existente: 'SALÁRIO'
2025-10-17 12:56:05,598 - sistema - Sistema_Entrada_Dados - ERROR -    Similaridade: 90.00%
2025-10-17 12:56:05,598 - sistema - Sistema_Entrada_Dados - ERROR -    Valor: R$ 1156.00
2025-10-17 12:56:05,598 - sistema - Sistema_Entrada_Dados - ERROR -    Vencimento: 20/10/2025
2025-10-17 12:56:05,598 - sistema - Sistema_Entrada_Dados - ERROR -    Linha existente: 1012
2025-10-17 12:56:05,598 - sistema - Sistema_Entrada_Dados - WARNING - Duplicata detectada: EDER PEREIRA DA SILVA - SALÁRIO - R$ 1156.00
2025-10-17 12:56:05,609 - sistema - Sistema_Entrada_Dados - ERROR - 🔍 MÉTODO DE VERIFICAÇÃO FOI CHAMADO!
2025-10-17 12:56:05,609 - sistema - Sistema_Entrada_Dados - INFO - === INICIANDO VERIFICAÇÃO DE DUPLICIDADE ===
2025-10-17 12:56:05,611 - sistema - Sistema_Entrada_Dados - INFO - Dados novos: FRANCISCO REGO DA SILVA | SALÁRIO | R$ 979.60 | 20/10/2025
2025-10-17 12:56:05,661 - sistema - Sistema_Entrada_Dados - ERROR - 🚨 DUPLICATA PROVÁVEL DETECTADA (Critério: Fornecedor+Valor+Data+Referência Similar)!
2025-10-17 12:56:05,661 - sistema - Sistema_Entrada_Dados - ERROR -    Nome: FRANCISCO REGO DA SILVA
2025-10-17 12:56:05,661 - sistema - Sistema_Entrada_Dados - ERROR -    Referência nova: 'SALÁRIO'
2025-10-17 12:56:05,661 - sistema - Sistema_Entrada_Dados - ERROR -    Referência existente: 'SALÁRIO'
2025-10-17 12:56:05,661 - sistema - Sistema_Entrada_Dados - ERROR -    Similaridade: 90.00%
2025-10-17 12:56:05,661 - sistema - Sistema_Entrada_Dados - ERROR -    Valor: R$ 979.60
2025-10-17 12:56:05,661 - sistema - Sistema_Entrada_Dados - ERROR -    Vencimento: 20/10/2025
2025-10-17 12:56:05,661 - sistema - Sistema_Entrada_Dados - ERROR -    Linha existente: 1013
2025-10-17 12:56:05,678 - sistema - Sistema_Entrada_Dados - WARNING - Duplicata detectada: FRANCISCO REGO DA SILVA - SALÁRIO - R$ 979.60
2025-10-17 12:56:05,680 - sistema - Sistema_Entrada_Dados - ERROR - 🔍 MÉTODO DE VERIFICAÇÃO FOI CHAMADO!
2025-10-17 12:56:05,681 - sistema - Sistema_Entrada_Dados - INFO - === INICIANDO VERIFICAÇÃO DE DUPLICIDADE ===
2025-10-17 12:56:05,682 - sistema - Sistema_Entrada_Dados - INFO - Dados novos: LUCAS CATALUNHA DA SILVA | SALÁRIO | R$ 740.00 | 20/10/2025
2025-10-17 12:56:05,729 - sistema - Sistema_Entrada_Dados - ERROR - 🚨 DUPLICATA PROVÁVEL DETECTADA (Critério: Fornecedor+Valor+Data+Referência Similar)!
2025-10-17 12:56:05,729 - sistema - Sistema_Entrada_Dados - ERROR -    Nome: LUCAS CATALUNHA DA SILVA
2025-10-17 12:56:05,729 - sistema - Sistema_Entrada_Dados - ERROR -    Referência nova: 'SALÁRIO'
2025-10-17 12:56:05,729 - sistema - Sistema_Entrada_Dados - ERROR -    Referência existente: 'SALÁRIO'
2025-10-17 12:56:05,729 - sistema - Sistema_Entrada_Dados - ERROR -    Similaridade: 90.00%
2025-10-17 12:56:05,729 - sistema - Sistema_Entrada_Dados - ERROR -    Valor: R$ 740.00
2025-10-17 12:56:05,729 - sistema - Sistema_Entrada_Dados - ERROR -    Vencimento: 20/10/2025
2025-10-17 12:56:05,729 - sistema - Sistema_Entrada_Dados - ERROR -    Linha existente: 1014
2025-10-17 12:56:05,729 - sistema - Sistema_Entrada_Dados - WARNING - Duplicata detectada: LUCAS CATALUNHA DA SILVA - SALÁRIO - R$ 740.00
2025-10-17 12:56:05,729 - sistema - Sistema_Entrada_Dados - ERROR - 🔍 MÉTODO DE VERIFICAÇÃO FOI CHAMADO!
2025-10-17 12:56:05,742 - sistema - Sistema_Entrada_Dados - INFO - === INICIANDO VERIFICAÇÃO DE DUPLICIDADE ===
2025-10-17 12:56:05,742 - sistema - Sistema_Entrada_Dados - INFO - Dados novos: MARCOS VINICIUS BISPO CORREIA | SALÁRIO | R$ 1156.00 | 20/10/2025
2025-10-17 12:56:05,796 - sistema - Sistema_Entrada_Dados - ERROR - 🚨 DUPLICATA PROVÁVEL DETECTADA (Critério: Fornecedor+Valor+Data+Referência Similar)!
2025-10-17 12:56:05,796 - sistema - Sistema_Entrada_Dados - ERROR -    Nome: MARCOS VINICIUS BISPO CORREIA
2025-10-17 12:56:05,796 - sistema - Sistema_Entrada_Dados - ERROR -    Referência nova: 'SALÁRIO'
2025-10-17 12:56:05,796 - sistema - Sistema_Entrada_Dados - ERROR -    Referência existente: 'SALÁRIO'
2025-10-17 12:56:05,796 - sistema - Sistema_Entrada_Dados - ERROR -    Similaridade: 90.00%
2025-10-17 12:56:05,796 - sistema - Sistema_Entrada_Dados - ERROR -    Valor: R$ 1156.00
2025-10-17 12:56:05,796 - sistema - Sistema_Entrada_Dados - ERROR -    Vencimento: 20/10/2025
2025-10-17 12:56:05,796 - sistema - Sistema_Entrada_Dados - ERROR -    Linha existente: 1015
2025-10-17 12:56:05,796 - sistema - Sistema_Entrada_Dados - WARNING - Duplicata detectada: MARCOS VINICIUS BISPO CORREIA - SALÁRIO - R$ 1156.00
2025-10-17 12:56:05,811 - sistema - Sistema_Entrada_Dados - ERROR - 🔍 MÉTODO DE VERIFICAÇÃO FOI CHAMADO!
2025-10-17 12:56:05,812 - sistema - Sistema_Entrada_Dados - INFO - === INICIANDO VERIFICAÇÃO DE DUPLICIDADE ===
2025-10-17 12:56:05,813 - sistema - Sistema_Entrada_Dados - INFO - Dados novos: ROBERVAL PORTACIO DOS SANTOS | SALÁRIO | R$ 740.00 | 20/10/2025
2025-10-17 12:56:05,862 - sistema - Sistema_Entrada_Dados - ERROR - 🚨 DUPLICATA PROVÁVEL DETECTADA (Critério: Fornecedor+Valor+Data+Referência Similar)!
2025-10-17 12:56:05,862 - sistema - Sistema_Entrada_Dados - ERROR -    Nome: ROBERVAL PORTACIO DOS SANTOS
2025-10-17 12:56:05,862 - sistema - Sistema_Entrada_Dados - ERROR -    Referência nova: 'SALÁRIO'
2025-10-17 12:56:05,862 - sistema - Sistema_Entrada_Dados - ERROR -    Referência existente: 'SALÁRIO'
2025-10-17 12:56:05,862 - sistema - Sistema_Entrada_Dados - ERROR -    Similaridade: 90.00%
2025-10-17 12:56:05,862 - sistema - Sistema_Entrada_Dados - ERROR -    Valor: R$ 740.00
2025-10-17 12:56:05,862 - sistema - Sistema_Entrada_Dados - ERROR -    Vencimento: 20/10/2025
2025-10-17 12:56:05,862 - sistema - Sistema_Entrada_Dados - ERROR -    Linha existente: 1016
2025-10-17 12:56:05,862 - sistema - Sistema_Entrada_Dados - WARNING - Duplicata detectada: ROBERVAL PORTACIO DOS SANTOS - SALÁRIO - R$ 740.00
2025-10-17 12:56:05,874 - sistema - Sistema_Entrada_Dados - ERROR - 🔍 MÉTODO DE VERIFICAÇÃO FOI CHAMADO!
2025-10-17 12:56:05,875 - sistema - Sistema_Entrada_Dados - INFO - === INICIANDO VERIFICAÇÃO DE DUPLICIDADE ===
2025-10-17 12:56:05,875 - sistema - Sistema_Entrada_Dados - INFO - Dados novos: DOMINGOS DA SILVA LIMA | SALÁRIO | R$ 740.00 | 20/10/2025
2025-10-17 12:56:05,928 - sistema - Sistema_Entrada_Dados - ERROR - 🚨 DUPLICATA PROVÁVEL DETECTADA (Critério: Fornecedor+Valor+Data+Referência Similar)!
2025-10-17 12:56:05,928 - sistema - Sistema_Entrada_Dados - ERROR -    Nome: DOMINGOS DA SILVA LIMA
2025-10-17 12:56:05,928 - sistema - Sistema_Entrada_Dados - ERROR -    Referência nova: 'SALÁRIO'
2025-10-17 12:56:05,928 - sistema - Sistema_Entrada_Dados - ERROR -    Referência existente: 'SALÁRIO'
2025-10-17 12:56:05,928 - sistema - Sistema_Entrada_Dados - ERROR -    Similaridade: 90.00%
2025-10-17 12:56:05,928 - sistema - Sistema_Entrada_Dados - ERROR -    Valor: R$ 740.00
2025-10-17 12:56:05,928 - sistema - Sistema_Entrada_Dados - ERROR -    Vencimento: 20/10/2025
2025-10-17 12:56:05,928 - sistema - Sistema_Entrada_Dados - ERROR -    Linha existente: 1017
2025-10-17 12:56:05,928 - sistema - Sistema_Entrada_Dados - WARNING - Duplicata detectada: DOMINGOS DA SILVA LIMA - SALÁRIO - R$ 740.00
2025-10-17 12:56:05,928 - sistema - Sistema_Entrada_Dados - ERROR - 🔍 MÉTODO DE VERIFICAÇÃO FOI CHAMADO!
2025-10-17 12:56:05,941 - sistema - Sistema_Entrada_Dados - INFO - === INICIANDO VERIFICAÇÃO DE DUPLICIDADE ===
2025-10-17 12:56:05,941 - sistema - Sistema_Entrada_Dados - INFO - Dados novos: ANTONIO DUTRA DE FREITAS | SALÁRIO | R$ 1156.00 | 20/10/2025
2025-10-17 12:56:05,996 - sistema - Sistema_Entrada_Dados - ERROR - 🚨 DUPLICATA PROVÁVEL DETECTADA (Critério: Fornecedor+Valor+Data+Referência Similar)!
2025-10-17 12:56:05,997 - sistema - Sistema_Entrada_Dados - ERROR -    Nome: ANTONIO DUTRA DE FREITAS
2025-10-17 12:56:05,998 - sistema - Sistema_Entrada_Dados - ERROR -    Referência nova: 'SALÁRIO'
2025-10-17 12:56:05,998 - sistema - Sistema_Entrada_Dados - ERROR -    Referência existente: 'SALÁRIO'
2025-10-17 12:56:05,999 - sistema - Sistema_Entrada_Dados - ERROR -    Similaridade: 90.00%
2025-10-17 12:56:05,999 - sistema - Sistema_Entrada_Dados - ERROR -    Valor: R$ 1156.00
2025-10-17 12:56:06,000 - sistema - Sistema_Entrada_Dados - ERROR -    Vencimento: 20/10/2025
2025-10-17 12:56:06,001 - sistema - Sistema_Entrada_Dados - ERROR -    Linha existente: 1008
2025-10-17 12:56:06,001 - sistema - Sistema_Entrada_Dados - WARNING - Duplicata detectada: ANTONIO DUTRA DE FREITAS - SALÁRIO - R$ 1156.00
2025-10-17 12:56:06,003 - sistema - Sistema_Entrada_Dados - ERROR - 🔍 MÉTODO DE VERIFICAÇÃO FOI CHAMADO!
2025-10-17 12:56:06,004 - sistema - Sistema_Entrada_Dados - INFO - === INICIANDO VERIFICAÇÃO DE DUPLICIDADE ===
2025-10-17 12:56:06,004 - sistema - Sistema_Entrada_Dados - INFO - Dados novos: BRUNO JUNIO DA SILVA | SALÁRIO | R$ 2719.60 | 20/10/2025
2025-10-17 12:56:06,062 - sistema - Sistema_Entrada_Dados - ERROR - 🚨 DUPLICATA PROVÁVEL DETECTADA (Critério: Fornecedor+Valor+Data+Referência Similar)!
2025-10-17 12:56:06,063 - sistema - Sistema_Entrada_Dados - ERROR -    Nome: BRUNO JUNIO DA SILVA
2025-10-17 12:56:06,064 - sistema - Sistema_Entrada_Dados - ERROR -    Referência nova: 'SALÁRIO'
2025-10-17 12:56:06,064 - sistema - Sistema_Entrada_Dados - ERROR -    Referência existente: 'SALÁRIO'
2025-10-17 12:56:06,065 - sistema - Sistema_Entrada_Dados - ERROR -    Similaridade: 90.00%
2025-10-17 12:56:06,066 - sistema - Sistema_Entrada_Dados - ERROR -    Valor: R$ 2719.60
2025-10-17 12:56:06,067 - sistema - Sistema_Entrada_Dados - ERROR -    Vencimento: 20/10/2025
2025-10-17 12:56:06,067 - sistema - Sistema_Entrada_Dados - ERROR -    Linha existente: 1009
2025-10-17 12:56:06,068 - sistema - Sistema_Entrada_Dados - WARNING - Duplicata detectada: BRUNO JUNIO DA SILVA - SALÁRIO - R$ 2719.60
2025-10-17 12:56:06,070 - sistema - Sistema_Entrada_Dados - ERROR - 🔍 MÉTODO DE VERIFICAÇÃO FOI CHAMADO!
2025-10-17 12:56:06,070 - sistema - Sistema_Entrada_Dados - INFO - === INICIANDO VERIFICAÇÃO DE DUPLICIDADE ===
2025-10-17 12:56:06,071 - sistema - Sistema_Entrada_Dados - INFO - Dados novos: BRUNO RODRIGUES DOS SANTOS | SALÁRIO | R$ 1156.00 | 20/10/2025
2025-10-17 12:56:06,118 - sistema - Sistema_Entrada_Dados - ERROR - 🚨 DUPLICATA PROVÁVEL DETECTADA (Critério: Fornecedor+Valor+Data+Referência Similar)!
2025-10-17 12:56:06,118 - sistema - Sistema_Entrada_Dados - ERROR -    Nome: BRUNO RODRIGUES DOS SANTOS
2025-10-17 12:56:06,118 - sistema - Sistema_Entrada_Dados - ERROR -    Referência nova: 'SALÁRIO'
2025-10-17 12:56:06,127 - sistema - Sistema_Entrada_Dados - ERROR -    Referência existente: 'SALÁRIO'
2025-10-17 12:56:06,128 - sistema - Sistema_Entrada_Dados - ERROR -    Similaridade: 90.00%
2025-10-17 12:56:06,129 - sistema - Sistema_Entrada_Dados - ERROR -    Valor: R$ 1156.00
2025-10-17 12:56:06,129 - sistema - Sistema_Entrada_Dados - ERROR -    Vencimento: 20/10/2025
2025-10-17 12:56:06,129 - sistema - Sistema_Entrada_Dados - ERROR -    Linha existente: 1010
2025-10-17 12:56:06,131 - sistema - Sistema_Entrada_Dados - WARNING - Duplicata detectada: BRUNO RODRIGUES DOS SANTOS - SALÁRIO - R$ 1156.00
2025-10-17 12:56:06,133 - sistema - Sistema_Entrada_Dados - ERROR - 🔍 MÉTODO DE VERIFICAÇÃO FOI CHAMADO!
2025-10-17 12:56:06,133 - sistema - Sistema_Entrada_Dados - INFO - === INICIANDO VERIFICAÇÃO DE DUPLICIDADE ===
2025-10-17 12:56:06,134 - sistema - Sistema_Entrada_Dados - INFO - Dados novos: CARLOS ALEXANDRE FERNANDES DA SILVA | SALÁRIO | R$ 1156.00 | 20/10/2025
2025-10-17 12:56:06,178 - sistema - Sistema_Entrada_Dados - ERROR - 🚨 DUPLICATA PROVÁVEL DETECTADA (Critério: Fornecedor+Valor+Data+Referência Similar)!
2025-10-17 12:56:06,178 - sistema - Sistema_Entrada_Dados - ERROR -    Nome: CARLOS ALEXANDRE FERNANDES DA SILVA
2025-10-17 12:56:06,178 - sistema - Sistema_Entrada_Dados - ERROR -    Referência nova: 'SALÁRIO'
2025-10-17 12:56:06,178 - sistema - Sistema_Entrada_Dados - ERROR -    Referência existente: 'SALÁRIO'
2025-10-17 12:56:06,178 - sistema - Sistema_Entrada_Dados - ERROR -    Similaridade: 90.00%
2025-10-17 12:56:06,178 - sistema - Sistema_Entrada_Dados - ERROR -    Valor: R$ 1156.00
2025-10-17 12:56:06,178 - sistema - Sistema_Entrada_Dados - ERROR -    Vencimento: 20/10/2025
2025-10-17 12:56:06,194 - sistema - Sistema_Entrada_Dados - ERROR -    Linha existente: 1011
2025-10-17 12:56:06,195 - sistema - Sistema_Entrada_Dados - WARNING - Duplicata detectada: CARLOS ALEXANDRE FERNANDES DA SILVA - SALÁRIO - R$ 1156.00
2025-10-17 12:56:06,197 - sistema - Sistema_Entrada_Dados - ERROR - 🔍 MÉTODO DE VERIFICAÇÃO FOI CHAMADO!
2025-10-17 12:56:06,197 - sistema - Sistema_Entrada_Dados - INFO - === INICIANDO VERIFICAÇÃO DE DUPLICIDADE ===
2025-10-17 12:56:06,198 - sistema - Sistema_Entrada_Dados - INFO - Dados novos: EDER PEREIRA DA SILVA | SALÁRIO | R$ 1156.00 | 20/10/2025
2025-10-17 12:56:06,245 - sistema - Sistema_Entrada_Dados - ERROR - 🚨 DUPLICATA PROVÁVEL DETECTADA (Critério: Fornecedor+Valor+Data+Referência Similar)!
2025-10-17 12:56:06,245 - sistema - Sistema_Entrada_Dados - ERROR -    Nome: EDER PEREIRA DA SILVA
2025-10-17 12:56:06,245 - sistema - Sistema_Entrada_Dados - ERROR -    Referência nova: 'SALÁRIO'
2025-10-17 12:56:06,245 - sistema - Sistema_Entrada_Dados - ERROR -    Referência existente: 'SALÁRIO'
2025-10-17 12:56:06,245 - sistema - Sistema_Entrada_Dados - ERROR -    Similaridade: 90.00%
2025-10-17 12:56:06,245 - sistema - Sistema_Entrada_Dados - ERROR -    Valor: R$ 1156.00
2025-10-17 12:56:06,245 - sistema - Sistema_Entrada_Dados - ERROR -    Vencimento: 20/10/2025
2025-10-17 12:56:06,245 - sistema - Sistema_Entrada_Dados - ERROR -    Linha existente: 1012
2025-10-17 12:56:06,245 - sistema - Sistema_Entrada_Dados - WARNING - Duplicata detectada: EDER PEREIRA DA SILVA - SALÁRIO - R$ 1156.00
2025-10-17 12:56:06,257 - sistema - Sistema_Entrada_Dados - ERROR - 🔍 MÉTODO DE VERIFICAÇÃO FOI CHAMADO!
2025-10-17 12:56:06,257 - sistema - Sistema_Entrada_Dados - INFO - === INICIANDO VERIFICAÇÃO DE DUPLICIDADE ===
2025-10-17 12:56:06,258 - sistema - Sistema_Entrada_Dados - INFO - Dados novos: FRANCISCO REGO DA SILVA | SALÁRIO | R$ 979.60 | 20/10/2025
2025-10-17 12:56:06,319 - sistema - Sistema_Entrada_Dados - ERROR - 🚨 DUPLICATA PROVÁVEL DETECTADA (Critério: Fornecedor+Valor+Data+Referência Similar)!
2025-10-17 12:56:06,320 - sistema - Sistema_Entrada_Dados - ERROR -    Nome: FRANCISCO REGO DA SILVA
2025-10-17 12:56:06,321 - sistema - Sistema_Entrada_Dados - ERROR -    Referência nova: 'SALÁRIO'
2025-10-17 12:56:06,321 - sistema - Sistema_Entrada_Dados - ERROR -    Referência existente: 'SALÁRIO'
2025-10-17 12:56:06,322 - sistema - Sistema_Entrada_Dados - ERROR -    Similaridade: 90.00%
2025-10-17 12:56:06,322 - sistema - Sistema_Entrada_Dados - ERROR -    Valor: R$ 979.60
2025-10-17 12:56:06,323 - sistema - Sistema_Entrada_Dados - ERROR -    Vencimento: 20/10/2025
2025-10-17 12:56:06,323 - sistema - Sistema_Entrada_Dados - ERROR -    Linha existente: 1013
2025-10-17 12:56:06,324 - sistema - Sistema_Entrada_Dados - WARNING - Duplicata detectada: FRANCISCO REGO DA SILVA - SALÁRIO - R$ 979.60
2025-10-17 12:56:06,326 - sistema - Sistema_Entrada_Dados - ERROR - 🔍 MÉTODO DE VERIFICAÇÃO FOI CHAMADO!
2025-10-17 12:56:06,327 - sistema - Sistema_Entrada_Dados - INFO - === INICIANDO VERIFICAÇÃO DE DUPLICIDADE ===
2025-10-17 12:56:06,329 - sistema - Sistema_Entrada_Dados - INFO - Dados novos: LUCAS CATALUNHA DA SILVA | SALÁRIO | R$ 740.00 | 20/10/2025
2025-10-17 12:56:06,377 - sistema - Sistema_Entrada_Dados - ERROR - 🚨 DUPLICATA PROVÁVEL DETECTADA (Critério: Fornecedor+Valor+Data+Referência Similar)!
2025-10-17 12:56:06,377 - sistema - Sistema_Entrada_Dados - ERROR -    Nome: LUCAS CATALUNHA DA SILVA
2025-10-17 12:56:06,377 - sistema - Sistema_Entrada_Dados - ERROR -    Referência nova: 'SALÁRIO'
2025-10-17 12:56:06,377 - sistema - Sistema_Entrada_Dados - ERROR -    Referência existente: 'SALÁRIO'
2025-10-17 12:56:06,377 - sistema - Sistema_Entrada_Dados - ERROR -    Similaridade: 90.00%
2025-10-17 12:56:06,377 - sistema - Sistema_Entrada_Dados - ERROR -    Valor: R$ 740.00
2025-10-17 12:56:06,377 - sistema - Sistema_Entrada_Dados - ERROR -    Vencimento: 20/10/2025
2025-10-17 12:56:06,377 - sistema - Sistema_Entrada_Dados - ERROR -    Linha existente: 1014
2025-10-17 12:56:06,394 - sistema - Sistema_Entrada_Dados - WARNING - Duplicata detectada: LUCAS CATALUNHA DA SILVA - SALÁRIO - R$ 740.00
2025-10-17 12:56:06,397 - sistema - Sistema_Entrada_Dados - ERROR - 🔍 MÉTODO DE VERIFICAÇÃO FOI CHAMADO!
2025-10-17 12:56:06,397 - sistema - Sistema_Entrada_Dados - INFO - === INICIANDO VERIFICAÇÃO DE DUPLICIDADE ===
2025-10-17 12:56:06,398 - sistema - Sistema_Entrada_Dados - INFO - Dados novos: MARCOS VINICIUS BISPO CORREIA | SALÁRIO | R$ 1156.00 | 20/10/2025
2025-10-17 12:56:06,446 - sistema - Sistema_Entrada_Dados - ERROR - 🚨 DUPLICATA PROVÁVEL DETECTADA (Critério: Fornecedor+Valor+Data+Referência Similar)!
2025-10-17 12:56:06,446 - sistema - Sistema_Entrada_Dados - ERROR -    Nome: MARCOS VINICIUS BISPO CORREIA
2025-10-17 12:56:06,446 - sistema - Sistema_Entrada_Dados - ERROR -    Referência nova: 'SALÁRIO'
2025-10-17 12:56:06,446 - sistema - Sistema_Entrada_Dados - ERROR -    Referência existente: 'SALÁRIO'
2025-10-17 12:56:06,446 - sistema - Sistema_Entrada_Dados - ERROR -    Similaridade: 90.00%
2025-10-17 12:56:06,446 - sistema - Sistema_Entrada_Dados - ERROR -    Valor: R$ 1156.00
2025-10-17 12:56:06,446 - sistema - Sistema_Entrada_Dados - ERROR -    Vencimento: 20/10/2025
2025-10-17 12:56:06,446 - sistema - Sistema_Entrada_Dados - ERROR -    Linha existente: 1015
2025-10-17 12:56:06,446 - sistema - Sistema_Entrada_Dados - WARNING - Duplicata detectada: MARCOS VINICIUS BISPO CORREIA - SALÁRIO - R$ 1156.00
2025-10-17 12:56:06,459 - sistema - Sistema_Entrada_Dados - ERROR - 🔍 MÉTODO DE VERIFICAÇÃO FOI CHAMADO!
2025-10-17 12:56:06,460 - sistema - Sistema_Entrada_Dados - INFO - === INICIANDO VERIFICAÇÃO DE DUPLICIDADE ===
2025-10-17 12:56:06,461 - sistema - Sistema_Entrada_Dados - INFO - Dados novos: ROBERVAL PORTACIO DOS SANTOS | SALÁRIO | R$ 740.00 | 20/10/2025
2025-10-17 12:56:06,528 - sistema - Sistema_Entrada_Dados - ERROR - 🚨 DUPLICATA PROVÁVEL DETECTADA (Critério: Fornecedor+Valor+Data+Referência Similar)!
2025-10-17 12:56:06,529 - sistema - Sistema_Entrada_Dados - ERROR -    Nome: ROBERVAL PORTACIO DOS SANTOS
2025-10-17 12:56:06,529 - sistema - Sistema_Entrada_Dados - ERROR -    Referência nova: 'SALÁRIO'
2025-10-17 12:56:06,530 - sistema - Sistema_Entrada_Dados - ERROR -    Referência existente: 'SALÁRIO'
2025-10-17 12:56:06,530 - sistema - Sistema_Entrada_Dados - ERROR -    Similaridade: 90.00%
2025-10-17 12:56:06,531 - sistema - Sistema_Entrada_Dados - ERROR -    Valor: R$ 740.00
2025-10-17 12:56:06,531 - sistema - Sistema_Entrada_Dados - ERROR -    Vencimento: 20/10/2025
2025-10-17 12:56:06,532 - sistema - Sistema_Entrada_Dados - ERROR -    Linha existente: 1016
2025-10-17 12:56:06,532 - sistema - Sistema_Entrada_Dados - WARNING - Duplicata detectada: ROBERVAL PORTACIO DOS SANTOS - SALÁRIO - R$ 740.00
2025-10-17 12:56:06,534 - sistema - Sistema_Entrada_Dados - ERROR - 🔍 MÉTODO DE VERIFICAÇÃO FOI CHAMADO!
2025-10-17 12:56:06,535 - sistema - Sistema_Entrada_Dados - INFO - === INICIANDO VERIFICAÇÃO DE DUPLICIDADE ===
2025-10-17 12:56:06,536 - sistema - Sistema_Entrada_Dados - INFO - Dados novos: DOMINGOS DA SILVA LIMA | SALÁRIO | R$ 740.00 | 20/10/2025
2025-10-17 12:56:06,585 - sistema - Sistema_Entrada_Dados - ERROR - 🚨 DUPLICATA PROVÁVEL DETECTADA (Critério: Fornecedor+Valor+Data+Referência Similar)!
2025-10-17 12:56:06,585 - sistema - Sistema_Entrada_Dados - ERROR -    Nome: DOMINGOS DA SILVA LIMA
2025-10-17 12:56:06,585 - sistema - Sistema_Entrada_Dados - ERROR -    Referência nova: 'SALÁRIO'
2025-10-17 12:56:06,585 - sistema - Sistema_Entrada_Dados - ERROR -    Referência existente: 'SALÁRIO'
2025-10-17 12:56:06,585 - sistema - Sistema_Entrada_Dados - ERROR -    Similaridade: 90.00%
2025-10-17 12:56:06,585 - sistema - Sistema_Entrada_Dados - ERROR -    Valor: R$ 740.00
2025-10-17 12:56:06,585 - sistema - Sistema_Entrada_Dados - ERROR -    Vencimento: 20/10/2025
2025-10-17 12:56:06,585 - sistema - Sistema_Entrada_Dados - ERROR -    Linha existente: 1017
2025-10-17 12:56:06,593 - sistema - Sistema_Entrada_Dados - WARNING - Duplicata detectada: DOMINGOS DA SILVA LIMA - SALÁRIO - R$ 740.00
2025-10-17 12:56:06,594 - sistema - Sistema_Entrada_Dados - WARNING - Detectados 20 possíveis lançamentos duplicados
2025-10-17 12:56:12,214 - sistema - Sistema_Entrada_Dados - INFO - Usuário optou por limpar todos os lançamentos duplicados
2025-10-17 12:56:12,214 - sistema - Sistema_Entrada_Dados - INFO - Limpando visualização completa de lançamentos pendentes
2025-10-17 12:56:12,214 - sistema - Sistema_Entrada_Dados - INFO - Lista dados_para_incluir limpa (20 registros removidos)
2025-10-17 12:56:12,248 - sistema - Sistema_Entrada_Dados - INFO - Janela do visualizador destruída
2025-10-17 12:56:12,256 - sistema - Sistema_Entrada_Dados - INFO - Referência ao visualizador removida
2025-10-17 12:56:12,257 - sistema - Sistema_Entrada_Dados - INFO - Visualização limpa com sucesso
2025-10-17 12:56:48,459 - sistema - Sistema_Entrada_Dados - WARNING - Tentativa de trocar cliente com 10 lançamentos pendentes
2025-10-17 12:56:55,829 - sistema - Sistema_Entrada_Dados - INFO - Troca de cliente CANCELADA pelo usuário - dados pendentes preservados
2025-10-17 12:57:16,109 - sistema - Sistema_Entrada_Dados - INFO - Iniciando envio de dados - Cliente: CLEVER LUIZ SALVADOR, Registros: 10
2025-10-17 12:57:16,110 - sistema - Sistema_Entrada_Dados - INFO - Obtendo dados do visualizador
2025-10-17 12:57:16,111 - sistema - Sistema_Entrada_Dados - INFO - Total de registros a processar: 10
2025-10-17 12:57:16,113 - sistema - Sistema_Entrada_Dados - INFO - Datas que serão afetadas pela inserção: ['20/10/2025']
2025-10-17 12:57:16,113 - sistema - Sistema_Entrada_Dados - INFO - Salvando em: C:\Users\Obras\sistema_gestao_testes\testes\Financeiro\Clientes\CLEVER LUIZ SALVADOR.xlsx
2025-10-17 12:57:16,114 - sistema - Sistema_Entrada_Dados - INFO - Verificando integridade dos IDs antes da inserção
2025-10-17 12:57:16,750 - sistema - Sistema_Entrada_Dados - ERROR - 🔍 MÉTODO DE VERIFICAÇÃO FOI CHAMADO!
2025-10-17 12:57:16,751 - sistema - Sistema_Entrada_Dados - INFO - === INICIANDO VERIFICAÇÃO DE DUPLICIDADE ===
2025-10-17 12:57:16,752 - sistema - Sistema_Entrada_Dados - INFO - Dados novos: ANTONIO DUTRA DE FREITAS | SALÁRIO | R$ 1156.00 | 20/10/2025
2025-10-17 12:57:16,921 - sistema - Sistema_Entrada_Dados - ERROR - 🚨 DUPLICATA PROVÁVEL DETECTADA (Critério: Fornecedor+Valor+Data+Referência Similar)!
2025-10-17 12:57:16,922 - sistema - Sistema_Entrada_Dados - ERROR -    Nome: ANTONIO DUTRA DE FREITAS
2025-10-17 12:57:16,923 - sistema - Sistema_Entrada_Dados - ERROR -    Referência nova: 'SALÁRIO'
2025-10-17 12:57:16,923 - sistema - Sistema_Entrada_Dados - ERROR -    Referência existente: 'SALÁRIO'
2025-10-17 12:57:16,924 - sistema - Sistema_Entrada_Dados - ERROR -    Similaridade: 90.00%
2025-10-17 12:57:16,925 - sistema - Sistema_Entrada_Dados - ERROR -    Valor: R$ 1156.00
2025-10-17 12:57:16,925 - sistema - Sistema_Entrada_Dados - ERROR -    Vencimento: 20/10/2025
2025-10-17 12:57:16,926 - sistema - Sistema_Entrada_Dados - ERROR -    Linha existente: 1008
2025-10-17 12:57:16,927 - sistema - Sistema_Entrada_Dados - WARNING - Duplicata detectada: ANTONIO DUTRA DE FREITAS - SALÁRIO - R$ 1156.00
2025-10-17 12:57:16,929 - sistema - Sistema_Entrada_Dados - ERROR - 🔍 MÉTODO DE VERIFICAÇÃO FOI CHAMADO!
2025-10-17 12:57:16,930 - sistema - Sistema_Entrada_Dados - INFO - === INICIANDO VERIFICAÇÃO DE DUPLICIDADE ===
2025-10-17 12:57:16,931 - sistema - Sistema_Entrada_Dados - INFO - Dados novos: BRUNO JUNIO DA SILVA | SALÁRIO | R$ 2719.60 | 20/10/2025
2025-10-17 12:57:16,992 - sistema - Sistema_Entrada_Dados - ERROR - 🚨 DUPLICATA PROVÁVEL DETECTADA (Critério: Fornecedor+Valor+Data+Referência Similar)!
2025-10-17 12:57:16,993 - sistema - Sistema_Entrada_Dados - ERROR -    Nome: BRUNO JUNIO DA SILVA
2025-10-17 12:57:16,993 - sistema - Sistema_Entrada_Dados - ERROR -    Referência nova: 'SALÁRIO'
2025-10-17 12:57:16,994 - sistema - Sistema_Entrada_Dados - ERROR -    Referência existente: 'SALÁRIO'
2025-10-17 12:57:16,995 - sistema - Sistema_Entrada_Dados - ERROR -    Similaridade: 90.00%
2025-10-17 12:57:16,995 - sistema - Sistema_Entrada_Dados - ERROR -    Valor: R$ 2719.60
2025-10-17 12:57:16,996 - sistema - Sistema_Entrada_Dados - ERROR -    Vencimento: 20/10/2025
2025-10-17 12:57:16,996 - sistema - Sistema_Entrada_Dados - ERROR -    Linha existente: 1009
2025-10-17 12:57:16,997 - sistema - Sistema_Entrada_Dados - WARNING - Duplicata detectada: BRUNO JUNIO DA SILVA - SALÁRIO - R$ 2719.60
2025-10-17 12:57:16,999 - sistema - Sistema_Entrada_Dados - ERROR - 🔍 MÉTODO DE VERIFICAÇÃO FOI CHAMADO!
2025-10-17 12:57:16,999 - sistema - Sistema_Entrada_Dados - INFO - === INICIANDO VERIFICAÇÃO DE DUPLICIDADE ===
2025-10-17 12:57:17,000 - sistema - Sistema_Entrada_Dados - INFO - Dados novos: BRUNO RODRIGUES DOS SANTOS | SALÁRIO | R$ 1156.00 | 20/10/2025
2025-10-17 12:57:17,056 - sistema - Sistema_Entrada_Dados - ERROR - 🚨 DUPLICATA PROVÁVEL DETECTADA (Critério: Fornecedor+Valor+Data+Referência Similar)!
2025-10-17 12:57:17,056 - sistema - Sistema_Entrada_Dados - ERROR -    Nome: BRUNO RODRIGUES DOS SANTOS
2025-10-17 12:57:17,057 - sistema - Sistema_Entrada_Dados - ERROR -    Referência nova: 'SALÁRIO'
2025-10-17 12:57:17,058 - sistema - Sistema_Entrada_Dados - ERROR -    Referência existente: 'SALÁRIO'
2025-10-17 12:57:17,058 - sistema - Sistema_Entrada_Dados - ERROR -    Similaridade: 90.00%
2025-10-17 12:57:17,059 - sistema - Sistema_Entrada_Dados - ERROR -    Valor: R$ 1156.00
2025-10-17 12:57:17,060 - sistema - Sistema_Entrada_Dados - ERROR -    Vencimento: 20/10/2025
2025-10-17 12:57:17,060 - sistema - Sistema_Entrada_Dados - ERROR -    Linha existente: 1010
2025-10-17 12:57:17,061 - sistema - Sistema_Entrada_Dados - WARNING - Duplicata detectada: BRUNO RODRIGUES DOS SANTOS - SALÁRIO - R$ 1156.00
2025-10-17 12:57:17,063 - sistema - Sistema_Entrada_Dados - ERROR - 🔍 MÉTODO DE VERIFICAÇÃO FOI CHAMADO!
2025-10-17 12:57:17,063 - sistema - Sistema_Entrada_Dados - INFO - === INICIANDO VERIFICAÇÃO DE DUPLICIDADE ===
2025-10-17 12:57:17,064 - sistema - Sistema_Entrada_Dados - INFO - Dados novos: CARLOS ALEXANDRE FERNANDES DA SILVA | SALÁRIO | R$ 1156.00 | 20/10/2025
2025-10-17 12:57:17,127 - sistema - Sistema_Entrada_Dados - ERROR - 🚨 DUPLICATA PROVÁVEL DETECTADA (Critério: Fornecedor+Valor+Data+Referência Similar)!
2025-10-17 12:57:17,128 - sistema - Sistema_Entrada_Dados - ERROR -    Nome: CARLOS ALEXANDRE FERNANDES DA SILVA
2025-10-17 12:57:17,128 - sistema - Sistema_Entrada_Dados - ERROR -    Referência nova: 'SALÁRIO'
2025-10-17 12:57:17,129 - sistema - Sistema_Entrada_Dados - ERROR -    Referência existente: 'SALÁRIO'
2025-10-17 12:57:17,130 - sistema - Sistema_Entrada_Dados - ERROR -    Similaridade: 90.00%
2025-10-17 12:57:17,130 - sistema - Sistema_Entrada_Dados - ERROR -    Valor: R$ 1156.00
2025-10-17 12:57:17,131 - sistema - Sistema_Entrada_Dados - ERROR -    Vencimento: 20/10/2025
2025-10-17 12:57:17,132 - sistema - Sistema_Entrada_Dados - ERROR -    Linha existente: 1011
2025-10-17 12:57:17,133 - sistema - Sistema_Entrada_Dados - WARNING - Duplicata detectada: CARLOS ALEXANDRE FERNANDES DA SILVA - SALÁRIO - R$ 1156.00
2025-10-17 12:57:17,136 - sistema - Sistema_Entrada_Dados - ERROR - 🔍 MÉTODO DE VERIFICAÇÃO FOI CHAMADO!
2025-10-17 12:57:17,138 - sistema - Sistema_Entrada_Dados - INFO - === INICIANDO VERIFICAÇÃO DE DUPLICIDADE ===
2025-10-17 12:57:17,138 - sistema - Sistema_Entrada_Dados - INFO - Dados novos: EDER PEREIRA DA SILVA | SALÁRIO | R$ 1156.00 | 20/10/2025
2025-10-17 12:57:17,178 - sistema - Sistema_Entrada_Dados - ERROR - 🚨 DUPLICATA PROVÁVEL DETECTADA (Critério: Fornecedor+Valor+Data+Referência Similar)!
2025-10-17 12:57:17,192 - sistema - Sistema_Entrada_Dados - ERROR -    Nome: EDER PEREIRA DA SILVA
2025-10-17 12:57:17,193 - sistema - Sistema_Entrada_Dados - ERROR -    Referência nova: 'SALÁRIO'
2025-10-17 12:57:17,194 - sistema - Sistema_Entrada_Dados - ERROR -    Referência existente: 'SALÁRIO'
2025-10-17 12:57:17,194 - sistema - Sistema_Entrada_Dados - ERROR -    Similaridade: 90.00%
2025-10-17 12:57:17,194 - sistema - Sistema_Entrada_Dados - ERROR -    Valor: R$ 1156.00
2025-10-17 12:57:17,194 - sistema - Sistema_Entrada_Dados - ERROR -    Vencimento: 20/10/2025
2025-10-17 12:57:17,194 - sistema - Sistema_Entrada_Dados - ERROR -    Linha existente: 1012
2025-10-17 12:57:17,198 - sistema - Sistema_Entrada_Dados - WARNING - Duplicata detectada: EDER PEREIRA DA SILVA - SALÁRIO - R$ 1156.00
2025-10-17 12:57:17,199 - sistema - Sistema_Entrada_Dados - ERROR - 🔍 MÉTODO DE VERIFICAÇÃO FOI CHAMADO!
2025-10-17 12:57:17,200 - sistema - Sistema_Entrada_Dados - INFO - === INICIANDO VERIFICAÇÃO DE DUPLICIDADE ===
2025-10-17 12:57:17,200 - sistema - Sistema_Entrada_Dados - INFO - Dados novos: FRANCISCO REGO DA SILVA | SALÁRIO | R$ 979.60 | 20/10/2025
2025-10-17 12:57:17,245 - sistema - Sistema_Entrada_Dados - ERROR - 🚨 DUPLICATA PROVÁVEL DETECTADA (Critério: Fornecedor+Valor+Data+Referência Similar)!
2025-10-17 12:57:17,245 - sistema - Sistema_Entrada_Dados - ERROR -    Nome: FRANCISCO REGO DA SILVA
2025-10-17 12:57:17,245 - sistema - Sistema_Entrada_Dados - ERROR -    Referência nova: 'SALÁRIO'
2025-10-17 12:57:17,245 - sistema - Sistema_Entrada_Dados - ERROR -    Referência existente: 'SALÁRIO'
2025-10-17 12:57:17,245 - sistema - Sistema_Entrada_Dados - ERROR -    Similaridade: 90.00%
2025-10-17 12:57:17,245 - sistema - Sistema_Entrada_Dados - ERROR -    Valor: R$ 979.60
2025-10-17 12:57:17,259 - sistema - Sistema_Entrada_Dados - ERROR -    Vencimento: 20/10/2025
2025-10-17 12:57:17,260 - sistema - Sistema_Entrada_Dados - ERROR -    Linha existente: 1013
2025-10-17 12:57:17,261 - sistema - Sistema_Entrada_Dados - WARNING - Duplicata detectada: FRANCISCO REGO DA SILVA - SALÁRIO - R$ 979.60
2025-10-17 12:57:17,264 - sistema - Sistema_Entrada_Dados - ERROR - 🔍 MÉTODO DE VERIFICAÇÃO FOI CHAMADO!
2025-10-17 12:57:17,264 - sistema - Sistema_Entrada_Dados - INFO - === INICIANDO VERIFICAÇÃO DE DUPLICIDADE ===
2025-10-17 12:57:17,265 - sistema - Sistema_Entrada_Dados - INFO - Dados novos: LUCAS CATALUNHA DA SILVA | SALÁRIO | R$ 740.00 | 20/10/2025
2025-10-17 12:57:17,312 - sistema - Sistema_Entrada_Dados - ERROR - 🚨 DUPLICATA PROVÁVEL DETECTADA (Critério: Fornecedor+Valor+Data+Referência Similar)!
2025-10-17 12:57:17,312 - sistema - Sistema_Entrada_Dados - ERROR -    Nome: LUCAS CATALUNHA DA SILVA
2025-10-17 12:57:17,312 - sistema - Sistema_Entrada_Dados - ERROR -    Referência nova: 'SALÁRIO'
2025-10-17 12:57:17,312 - sistema - Sistema_Entrada_Dados - ERROR -    Referência existente: 'SALÁRIO'
2025-10-17 12:57:17,312 - sistema - Sistema_Entrada_Dados - ERROR -    Similaridade: 90.00%
2025-10-17 12:57:17,312 - sistema - Sistema_Entrada_Dados - ERROR -    Valor: R$ 740.00
2025-10-17 12:57:17,312 - sistema - Sistema_Entrada_Dados - ERROR -    Vencimento: 20/10/2025
2025-10-17 12:57:17,312 - sistema - Sistema_Entrada_Dados - ERROR -    Linha existente: 1014
2025-10-17 12:57:17,312 - sistema - Sistema_Entrada_Dados - WARNING - Duplicata detectada: LUCAS CATALUNHA DA SILVA - SALÁRIO - R$ 740.00
2025-10-17 12:57:17,322 - sistema - Sistema_Entrada_Dados - ERROR - 🔍 MÉTODO DE VERIFICAÇÃO FOI CHAMADO!
2025-10-17 12:57:17,323 - sistema - Sistema_Entrada_Dados - INFO - === INICIANDO VERIFICAÇÃO DE DUPLICIDADE ===
2025-10-17 12:57:17,323 - sistema - Sistema_Entrada_Dados - INFO - Dados novos: MARCOS VINICIUS BISPO CORREIA | SALÁRIO | R$ 1156.00 | 20/10/2025
2025-10-17 12:57:17,382 - sistema - Sistema_Entrada_Dados - ERROR - 🚨 DUPLICATA PROVÁVEL DETECTADA (Critério: Fornecedor+Valor+Data+Referência Similar)!
2025-10-17 12:57:17,383 - sistema - Sistema_Entrada_Dados - ERROR -    Nome: MARCOS VINICIUS BISPO CORREIA
2025-10-17 12:57:17,383 - sistema - Sistema_Entrada_Dados - ERROR -    Referência nova: 'SALÁRIO'
2025-10-17 12:57:17,384 - sistema - Sistema_Entrada_Dados - ERROR -    Referência existente: 'SALÁRIO'
2025-10-17 12:57:17,385 - sistema - Sistema_Entrada_Dados - ERROR -    Similaridade: 90.00%
2025-10-17 12:57:17,385 - sistema - Sistema_Entrada_Dados - ERROR -    Valor: R$ 1156.00
2025-10-17 12:57:17,386 - sistema - Sistema_Entrada_Dados - ERROR -    Vencimento: 20/10/2025
2025-10-17 12:57:17,386 - sistema - Sistema_Entrada_Dados - ERROR -    Linha existente: 1015
2025-10-17 12:57:17,387 - sistema - Sistema_Entrada_Dados - WARNING - Duplicata detectada: MARCOS VINICIUS BISPO CORREIA - SALÁRIO - R$ 1156.00
2025-10-17 12:57:17,389 - sistema - Sistema_Entrada_Dados - ERROR - 🔍 MÉTODO DE VERIFICAÇÃO FOI CHAMADO!
2025-10-17 12:57:17,390 - sistema - Sistema_Entrada_Dados - INFO - === INICIANDO VERIFICAÇÃO DE DUPLICIDADE ===
2025-10-17 12:57:17,392 - sistema - Sistema_Entrada_Dados - INFO - Dados novos: ROBERVAL PORTACIO DOS SANTOS | SALÁRIO | R$ 740.00 | 20/10/2025
2025-10-17 12:57:17,444 - sistema - Sistema_Entrada_Dados - ERROR - 🚨 DUPLICATA PROVÁVEL DETECTADA (Critério: Fornecedor+Valor+Data+Referência Similar)!
2025-10-17 12:57:17,444 - sistema - Sistema_Entrada_Dados - ERROR -    Nome: ROBERVAL PORTACIO DOS SANTOS
2025-10-17 12:57:17,444 - sistema - Sistema_Entrada_Dados - ERROR -    Referência nova: 'SALÁRIO'
2025-10-17 12:57:17,444 - sistema - Sistema_Entrada_Dados - ERROR -    Referência existente: 'SALÁRIO'
2025-10-17 12:57:17,444 - sistema - Sistema_Entrada_Dados - ERROR -    Similaridade: 90.00%
2025-10-17 12:57:17,444 - sistema - Sistema_Entrada_Dados - ERROR -    Valor: R$ 740.00
2025-10-17 12:57:17,444 - sistema - Sistema_Entrada_Dados - ERROR -    Vencimento: 20/10/2025
2025-10-17 12:57:17,444 - sistema - Sistema_Entrada_Dados - ERROR -    Linha existente: 1016
2025-10-17 12:57:17,444 - sistema - Sistema_Entrada_Dados - WARNING - Duplicata detectada: ROBERVAL PORTACIO DOS SANTOS - SALÁRIO - R$ 740.00
2025-10-17 12:57:17,458 - sistema - Sistema_Entrada_Dados - ERROR - 🔍 MÉTODO DE VERIFICAÇÃO FOI CHAMADO!
2025-10-17 12:57:17,458 - sistema - Sistema_Entrada_Dados - INFO - === INICIANDO VERIFICAÇÃO DE DUPLICIDADE ===
2025-10-17 12:57:17,459 - sistema - Sistema_Entrada_Dados - INFO - Dados novos: DOMINGOS DA SILVA LIMA | SALÁRIO | R$ 740.00 | 20/10/2025
2025-10-17 12:57:17,513 - sistema - Sistema_Entrada_Dados - ERROR - 🚨 DUPLICATA PROVÁVEL DETECTADA (Critério: Fornecedor+Valor+Data+Referência Similar)!
2025-10-17 12:57:17,514 - sistema - Sistema_Entrada_Dados - ERROR -    Nome: DOMINGOS DA SILVA LIMA
2025-10-17 12:57:17,515 - sistema - Sistema_Entrada_Dados - ERROR -    Referência nova: 'SALÁRIO'
2025-10-17 12:57:17,515 - sistema - Sistema_Entrada_Dados - ERROR -    Referência existente: 'SALÁRIO'
2025-10-17 12:57:17,516 - sistema - Sistema_Entrada_Dados - ERROR -    Similaridade: 90.00%
2025-10-17 12:57:17,517 - sistema - Sistema_Entrada_Dados - ERROR -    Valor: R$ 740.00
2025-10-17 12:57:17,517 - sistema - Sistema_Entrada_Dados - ERROR -    Vencimento: 20/10/2025
2025-10-17 12:57:17,518 - sistema - Sistema_Entrada_Dados - ERROR -    Linha existente: 1017
2025-10-17 12:57:17,518 - sistema - Sistema_Entrada_Dados - WARNING - Duplicata detectada: DOMINGOS DA SILVA LIMA - SALÁRIO - R$ 740.00
2025-10-17 12:57:17,519 - sistema - Sistema_Entrada_Dados - WARNING - Detectados 10 possíveis lançamentos duplicados
2025-10-17 12:57:21,469 - sistema - Sistema_Entrada_Dados - INFO - Usuário optou por manter lançamentos para revisão
2025-10-17 12:57:33,720 - sistema - Sistema_Entrada_Dados - INFO - Iniciando envio de dados - Cliente: CLEVER LUIZ SALVADOR, Registros: 10
2025-10-17 12:57:33,720 - sistema - Sistema_Entrada_Dados - INFO - Obtendo dados do visualizador
2025-10-17 12:57:33,720 - sistema - Sistema_Entrada_Dados - INFO - Total de registros a processar: 10
2025-10-17 12:57:33,720 - sistema - Sistema_Entrada_Dados - INFO - Datas que serão afetadas pela inserção: ['20/10/2025']
2025-10-17 12:57:33,720 - sistema - Sistema_Entrada_Dados - INFO - Salvando em: C:\Users\Obras\sistema_gestao_testes\testes\Financeiro\Clientes\CLEVER LUIZ SALVADOR.xlsx
2025-10-17 12:57:33,720 - sistema - Sistema_Entrada_Dados - INFO - Verificando integridade dos IDs antes da inserção
2025-10-17 12:57:34,296 - sistema - Sistema_Entrada_Dados - ERROR - 🔍 MÉTODO DE VERIFICAÇÃO FOI CHAMADO!
2025-10-17 12:57:34,296 - sistema - Sistema_Entrada_Dados - INFO - === INICIANDO VERIFICAÇÃO DE DUPLICIDADE ===
2025-10-17 12:57:34,296 - sistema - Sistema_Entrada_Dados - INFO - Dados novos: ANTONIO DUTRA DE FREITAS | SALÁRIO | R$ 1156.00 | 20/10/2025
2025-10-17 12:57:34,361 - sistema - Sistema_Entrada_Dados - ERROR - 🚨 DUPLICATA PROVÁVEL DETECTADA (Critério: Fornecedor+Valor+Data+Referência Similar)!
2025-10-17 12:57:34,361 - sistema - Sistema_Entrada_Dados - ERROR -    Nome: ANTONIO DUTRA DE FREITAS
2025-10-17 12:57:34,361 - sistema - Sistema_Entrada_Dados - ERROR -    Referência nova: 'SALÁRIO'
2025-10-17 12:57:34,361 - sistema - Sistema_Entrada_Dados - ERROR -    Referência existente: 'SALÁRIO'
2025-10-17 12:57:34,361 - sistema - Sistema_Entrada_Dados - ERROR -    Similaridade: 90.00%
2025-10-17 12:57:34,376 - sistema - Sistema_Entrada_Dados - ERROR -    Valor: R$ 1156.00
2025-10-17 12:57:34,377 - sistema - Sistema_Entrada_Dados - ERROR -    Vencimento: 20/10/2025
2025-10-17 12:57:34,377 - sistema - Sistema_Entrada_Dados - ERROR -    Linha existente: 1008
2025-10-17 12:57:34,379 - sistema - Sistema_Entrada_Dados - WARNING - Duplicata detectada: ANTONIO DUTRA DE FREITAS - SALÁRIO - R$ 1156.00
2025-10-17 12:57:34,381 - sistema - Sistema_Entrada_Dados - ERROR - 🔍 MÉTODO DE VERIFICAÇÃO FOI CHAMADO!
2025-10-17 12:57:34,381 - sistema - Sistema_Entrada_Dados - INFO - === INICIANDO VERIFICAÇÃO DE DUPLICIDADE ===
2025-10-17 12:57:34,382 - sistema - Sistema_Entrada_Dados - INFO - Dados novos: BRUNO JUNIO DA SILVA | SALÁRIO | R$ 2719.60 | 20/10/2025
2025-10-17 12:57:34,428 - sistema - Sistema_Entrada_Dados - ERROR - 🚨 DUPLICATA PROVÁVEL DETECTADA (Critério: Fornecedor+Valor+Data+Referência Similar)!
2025-10-17 12:57:34,428 - sistema - Sistema_Entrada_Dados - ERROR -    Nome: BRUNO JUNIO DA SILVA
2025-10-17 12:57:34,428 - sistema - Sistema_Entrada_Dados - ERROR -    Referência nova: 'SALÁRIO'
2025-10-17 12:57:34,428 - sistema - Sistema_Entrada_Dados - ERROR -    Referência existente: 'SALÁRIO'
2025-10-17 12:57:34,428 - sistema - Sistema_Entrada_Dados - ERROR -    Similaridade: 90.00%
2025-10-17 12:57:34,428 - sistema - Sistema_Entrada_Dados - ERROR -    Valor: R$ 2719.60
2025-10-17 12:57:34,428 - sistema - Sistema_Entrada_Dados - ERROR -    Vencimento: 20/10/2025
2025-10-17 12:57:34,428 - sistema - Sistema_Entrada_Dados - ERROR -    Linha existente: 1009
2025-10-17 12:57:34,428 - sistema - Sistema_Entrada_Dados - WARNING - Duplicata detectada: BRUNO JUNIO DA SILVA - SALÁRIO - R$ 2719.60
2025-10-17 12:57:34,428 - sistema - Sistema_Entrada_Dados - ERROR - 🔍 MÉTODO DE VERIFICAÇÃO FOI CHAMADO!
2025-10-17 12:57:34,440 - sistema - Sistema_Entrada_Dados - INFO - === INICIANDO VERIFICAÇÃO DE DUPLICIDADE ===
2025-10-17 12:57:34,441 - sistema - Sistema_Entrada_Dados - INFO - Dados novos: BRUNO RODRIGUES DOS SANTOS | SALÁRIO | R$ 1156.00 | 20/10/2025
2025-10-17 12:57:34,495 - sistema - Sistema_Entrada_Dados - ERROR - 🚨 DUPLICATA PROVÁVEL DETECTADA (Critério: Fornecedor+Valor+Data+Referência Similar)!
2025-10-17 12:57:34,495 - sistema - Sistema_Entrada_Dados - ERROR -    Nome: BRUNO RODRIGUES DOS SANTOS
2025-10-17 12:57:34,495 - sistema - Sistema_Entrada_Dados - ERROR -    Referência nova: 'SALÁRIO'
2025-10-17 12:57:34,495 - sistema - Sistema_Entrada_Dados - ERROR -    Referência existente: 'SALÁRIO'
2025-10-17 12:57:34,495 - sistema - Sistema_Entrada_Dados - ERROR -    Similaridade: 90.00%
2025-10-17 12:57:34,495 - sistema - Sistema_Entrada_Dados - ERROR -    Valor: R$ 1156.00
2025-10-17 12:57:34,495 - sistema - Sistema_Entrada_Dados - ERROR -    Vencimento: 20/10/2025
2025-10-17 12:57:34,495 - sistema - Sistema_Entrada_Dados - ERROR -    Linha existente: 1010
2025-10-17 12:57:34,495 - sistema - Sistema_Entrada_Dados - WARNING - Duplicata detectada: BRUNO RODRIGUES DOS SANTOS - SALÁRIO - R$ 1156.00
2025-10-17 12:57:34,502 - sistema - Sistema_Entrada_Dados - ERROR - 🔍 MÉTODO DE VERIFICAÇÃO FOI CHAMADO!
2025-10-17 12:57:34,502 - sistema - Sistema_Entrada_Dados - INFO - === INICIANDO VERIFICAÇÃO DE DUPLICIDADE ===
2025-10-17 12:57:34,503 - sistema - Sistema_Entrada_Dados - INFO - Dados novos: CARLOS ALEXANDRE FERNANDES DA SILVA | SALÁRIO | R$ 1156.00 | 20/10/2025
2025-10-17 12:57:34,544 - sistema - Sistema_Entrada_Dados - ERROR - 🚨 DUPLICATA PROVÁVEL DETECTADA (Critério: Fornecedor+Valor+Data+Referência Similar)!
2025-10-17 12:57:34,544 - sistema - Sistema_Entrada_Dados - ERROR -    Nome: CARLOS ALEXANDRE FERNANDES DA SILVA
2025-10-17 12:57:34,544 - sistema - Sistema_Entrada_Dados - ERROR -    Referência nova: 'SALÁRIO'
2025-10-17 12:57:34,544 - sistema - Sistema_Entrada_Dados - ERROR -    Referência existente: 'SALÁRIO'
2025-10-17 12:57:34,544 - sistema - Sistema_Entrada_Dados - ERROR -    Similaridade: 90.00%
2025-10-17 12:57:34,544 - sistema - Sistema_Entrada_Dados - ERROR -    Valor: R$ 1156.00
2025-10-17 12:57:34,544 - sistema - Sistema_Entrada_Dados - ERROR -    Vencimento: 20/10/2025
2025-10-17 12:57:34,559 - sistema - Sistema_Entrada_Dados - ERROR -    Linha existente: 1011
2025-10-17 12:57:34,560 - sistema - Sistema_Entrada_Dados - WARNING - Duplicata detectada: CARLOS ALEXANDRE FERNANDES DA SILVA - SALÁRIO - R$ 1156.00
2025-10-17 12:57:34,563 - sistema - Sistema_Entrada_Dados - ERROR - 🔍 MÉTODO DE VERIFICAÇÃO FOI CHAMADO!
2025-10-17 12:57:34,564 - sistema - Sistema_Entrada_Dados - INFO - === INICIANDO VERIFICAÇÃO DE DUPLICIDADE ===
2025-10-17 12:57:34,566 - sistema - Sistema_Entrada_Dados - INFO - Dados novos: EDER PEREIRA DA SILVA | SALÁRIO | R$ 1156.00 | 20/10/2025
2025-10-17 12:57:34,627 - sistema - Sistema_Entrada_Dados - ERROR - 🚨 DUPLICATA PROVÁVEL DETECTADA (Critério: Fornecedor+Valor+Data+Referência Similar)!
2025-10-17 12:57:34,627 - sistema - Sistema_Entrada_Dados - ERROR -    Nome: EDER PEREIRA DA SILVA
2025-10-17 12:57:34,627 - sistema - Sistema_Entrada_Dados - ERROR -    Referência nova: 'SALÁRIO'
2025-10-17 12:57:34,627 - sistema - Sistema_Entrada_Dados - ERROR -    Referência existente: 'SALÁRIO'
2025-10-17 12:57:34,627 - sistema - Sistema_Entrada_Dados - ERROR -    Similaridade: 90.00%
2025-10-17 12:57:34,627 - sistema - Sistema_Entrada_Dados - ERROR -    Valor: R$ 1156.00
2025-10-17 12:57:34,627 - sistema - Sistema_Entrada_Dados - ERROR -    Vencimento: 20/10/2025
2025-10-17 12:57:34,627 - sistema - Sistema_Entrada_Dados - ERROR -    Linha existente: 1012
2025-10-17 12:57:34,627 - sistema - Sistema_Entrada_Dados - WARNING - Duplicata detectada: EDER PEREIRA DA SILVA - SALÁRIO - R$ 1156.00
2025-10-17 12:57:34,636 - sistema - Sistema_Entrada_Dados - ERROR - 🔍 MÉTODO DE VERIFICAÇÃO FOI CHAMADO!
2025-10-17 12:57:34,636 - sistema - Sistema_Entrada_Dados - INFO - === INICIANDO VERIFICAÇÃO DE DUPLICIDADE ===
2025-10-17 12:57:34,637 - sistema - Sistema_Entrada_Dados - INFO - Dados novos: FRANCISCO REGO DA SILVA | SALÁRIO | R$ 979.60 | 20/10/2025
2025-10-17 12:57:34,678 - sistema - Sistema_Entrada_Dados - ERROR - 🚨 DUPLICATA PROVÁVEL DETECTADA (Critério: Fornecedor+Valor+Data+Referência Similar)!
2025-10-17 12:57:34,678 - sistema - Sistema_Entrada_Dados - ERROR -    Nome: FRANCISCO REGO DA SILVA
2025-10-17 12:57:34,678 - sistema - Sistema_Entrada_Dados - ERROR -    Referência nova: 'SALÁRIO'
2025-10-17 12:57:34,678 - sistema - Sistema_Entrada_Dados - ERROR -    Referência existente: 'SALÁRIO'
2025-10-17 12:57:34,678 - sistema - Sistema_Entrada_Dados - ERROR -    Similaridade: 90.00%
2025-10-17 12:57:34,678 - sistema - Sistema_Entrada_Dados - ERROR -    Valor: R$ 979.60
2025-10-17 12:57:34,678 - sistema - Sistema_Entrada_Dados - ERROR -    Vencimento: 20/10/2025
2025-10-17 12:57:34,692 - sistema - Sistema_Entrada_Dados - ERROR -    Linha existente: 1013
2025-10-17 12:57:34,693 - sistema - Sistema_Entrada_Dados - WARNING - Duplicata detectada: FRANCISCO REGO DA SILVA - SALÁRIO - R$ 979.60
2025-10-17 12:57:34,697 - sistema - Sistema_Entrada_Dados - ERROR - 🔍 MÉTODO DE VERIFICAÇÃO FOI CHAMADO!
2025-10-17 12:57:34,698 - sistema - Sistema_Entrada_Dados - INFO - === INICIANDO VERIFICAÇÃO DE DUPLICIDADE ===
2025-10-17 12:57:34,698 - sistema - Sistema_Entrada_Dados - INFO - Dados novos: LUCAS CATALUNHA DA SILVA | SALÁRIO | R$ 740.00 | 20/10/2025
2025-10-17 12:57:34,745 - sistema - Sistema_Entrada_Dados - ERROR - 🚨 DUPLICATA PROVÁVEL DETECTADA (Critério: Fornecedor+Valor+Data+Referência Similar)!
2025-10-17 12:57:34,759 - sistema - Sistema_Entrada_Dados - ERROR -    Nome: LUCAS CATALUNHA DA SILVA
2025-10-17 12:57:34,760 - sistema - Sistema_Entrada_Dados - ERROR -    Referência nova: 'SALÁRIO'
2025-10-17 12:57:34,761 - sistema - Sistema_Entrada_Dados - ERROR -    Referência existente: 'SALÁRIO'
2025-10-17 12:57:34,761 - sistema - Sistema_Entrada_Dados - ERROR -    Similaridade: 90.00%
2025-10-17 12:57:34,761 - sistema - Sistema_Entrada_Dados - ERROR -    Valor: R$ 740.00
2025-10-17 12:57:34,761 - sistema - Sistema_Entrada_Dados - ERROR -    Vencimento: 20/10/2025
2025-10-17 12:57:34,764 - sistema - Sistema_Entrada_Dados - ERROR -    Linha existente: 1014
2025-10-17 12:57:34,765 - sistema - Sistema_Entrada_Dados - WARNING - Duplicata detectada: LUCAS CATALUNHA DA SILVA - SALÁRIO - R$ 740.00
2025-10-17 12:57:34,766 - sistema - Sistema_Entrada_Dados - ERROR - 🔍 MÉTODO DE VERIFICAÇÃO FOI CHAMADO!
2025-10-17 12:57:34,767 - sistema - Sistema_Entrada_Dados - INFO - === INICIANDO VERIFICAÇÃO DE DUPLICIDADE ===
2025-10-17 12:57:34,767 - sistema - Sistema_Entrada_Dados - INFO - Dados novos: MARCOS VINICIUS BISPO CORREIA | SALÁRIO | R$ 1156.00 | 20/10/2025
2025-10-17 12:57:34,811 - sistema - Sistema_Entrada_Dados - ERROR - 🚨 DUPLICATA PROVÁVEL DETECTADA (Critério: Fornecedor+Valor+Data+Referência Similar)!
2025-10-17 12:57:34,811 - sistema - Sistema_Entrada_Dados - ERROR -    Nome: MARCOS VINICIUS BISPO CORREIA
2025-10-17 12:57:34,811 - sistema - Sistema_Entrada_Dados - ERROR -    Referência nova: 'SALÁRIO'
2025-10-17 12:57:34,811 - sistema - Sistema_Entrada_Dados - ERROR -    Referência existente: 'SALÁRIO'
2025-10-17 12:57:34,811 - sistema - Sistema_Entrada_Dados - ERROR -    Similaridade: 90.00%
2025-10-17 12:57:34,811 - sistema - Sistema_Entrada_Dados - ERROR -    Valor: R$ 1156.00
2025-10-17 12:57:34,811 - sistema - Sistema_Entrada_Dados - ERROR -    Vencimento: 20/10/2025
2025-10-17 12:57:34,811 - sistema - Sistema_Entrada_Dados - ERROR -    Linha existente: 1015
2025-10-17 12:57:34,811 - sistema - Sistema_Entrada_Dados - WARNING - Duplicata detectada: MARCOS VINICIUS BISPO CORREIA - SALÁRIO - R$ 1156.00
2025-10-17 12:57:34,826 - sistema - Sistema_Entrada_Dados - ERROR - 🔍 MÉTODO DE VERIFICAÇÃO FOI CHAMADO!
2025-10-17 12:57:34,827 - sistema - Sistema_Entrada_Dados - INFO - === INICIANDO VERIFICAÇÃO DE DUPLICIDADE ===
2025-10-17 12:57:34,827 - sistema - Sistema_Entrada_Dados - INFO - Dados novos: ROBERVAL PORTACIO DOS SANTOS | SALÁRIO | R$ 740.00 | 20/10/2025
2025-10-17 12:57:34,877 - sistema - Sistema_Entrada_Dados - ERROR - 🚨 DUPLICATA PROVÁVEL DETECTADA (Critério: Fornecedor+Valor+Data+Referência Similar)!
2025-10-17 12:57:34,877 - sistema - Sistema_Entrada_Dados - ERROR -    Nome: ROBERVAL PORTACIO DOS SANTOS
2025-10-17 12:57:34,877 - sistema - Sistema_Entrada_Dados - ERROR -    Referência nova: 'SALÁRIO'
2025-10-17 12:57:34,877 - sistema - Sistema_Entrada_Dados - ERROR -    Referência existente: 'SALÁRIO'
2025-10-17 12:57:34,877 - sistema - Sistema_Entrada_Dados - ERROR -    Similaridade: 90.00%
2025-10-17 12:57:34,877 - sistema - Sistema_Entrada_Dados - ERROR -    Valor: R$ 740.00
2025-10-17 12:57:34,877 - sistema - Sistema_Entrada_Dados - ERROR -    Vencimento: 20/10/2025
2025-10-17 12:57:34,877 - sistema - Sistema_Entrada_Dados - ERROR -    Linha existente: 1016
2025-10-17 12:57:34,877 - sistema - Sistema_Entrada_Dados - WARNING - Duplicata detectada: ROBERVAL PORTACIO DOS SANTOS - SALÁRIO - R$ 740.00
2025-10-17 12:57:34,890 - sistema - Sistema_Entrada_Dados - ERROR - 🔍 MÉTODO DE VERIFICAÇÃO FOI CHAMADO!
2025-10-17 12:57:34,890 - sistema - Sistema_Entrada_Dados - INFO - === INICIANDO VERIFICAÇÃO DE DUPLICIDADE ===
2025-10-17 12:57:34,891 - sistema - Sistema_Entrada_Dados - INFO - Dados novos: DOMINGOS DA SILVA LIMA | SALÁRIO | R$ 740.00 | 20/10/2025
2025-10-17 12:57:34,945 - sistema - Sistema_Entrada_Dados - ERROR - 🚨 DUPLICATA PROVÁVEL DETECTADA (Critério: Fornecedor+Valor+Data+Referência Similar)!
2025-10-17 12:57:34,946 - sistema - Sistema_Entrada_Dados - ERROR -    Nome: DOMINGOS DA SILVA LIMA
2025-10-17 12:57:34,947 - sistema - Sistema_Entrada_Dados - ERROR -    Referência nova: 'SALÁRIO'
2025-10-17 12:57:34,948 - sistema - Sistema_Entrada_Dados - ERROR -    Referência existente: 'SALÁRIO'
2025-10-17 12:57:34,948 - sistema - Sistema_Entrada_Dados - ERROR -    Similaridade: 90.00%
2025-10-17 12:57:34,949 - sistema - Sistema_Entrada_Dados - ERROR -    Valor: R$ 740.00
2025-10-17 12:57:34,950 - sistema - Sistema_Entrada_Dados - ERROR -    Vencimento: 20/10/2025
2025-10-17 12:57:34,950 - sistema - Sistema_Entrada_Dados - ERROR -    Linha existente: 1017
2025-10-17 12:57:34,951 - sistema - Sistema_Entrada_Dados - WARNING - Duplicata detectada: DOMINGOS DA SILVA LIMA - SALÁRIO - R$ 740.00
2025-10-17 12:57:34,952 - sistema - Sistema_Entrada_Dados - WARNING - Detectados 10 possíveis lançamentos duplicados
2025-10-17 12:57:38,121 - sistema - Sistema_Entrada_Dados - INFO - Usuário optou por limpar todos os lançamentos duplicados
2025-10-17 12:57:38,121 - sistema - Sistema_Entrada_Dados - INFO - Limpando visualização completa de lançamentos pendentes
2025-10-17 12:57:38,121 - sistema - Sistema_Entrada_Dados - INFO - Lista dados_para_incluir limpa (10 registros removidos)
2025-10-17 12:57:38,137 - sistema - Sistema_Entrada_Dados - INFO - Janela do visualizador destruída
2025-10-17 12:57:38,156 - sistema - Sistema_Entrada_Dados - INFO - Referência ao visualizador removida
2025-10-17 12:57:38,157 - sistema - Sistema_Entrada_Dados - INFO - Visualização limpa com sucesso
2025-10-17 12:58:18,392 - sistema - Sistema_Entrada_Dados - WARNING - Tentativa de trocar cliente com 10 lançamentos pendentes
2025-10-17 12:58:36,578 - sistema - Sistema_Entrada_Dados - WARNING - Usuário CONFIRMOU descarte de 10 lançamentos pendentes
2025-10-17 12:58:36,583 - sistema - Sistema_Entrada_Dados - INFO - Limpando visualização completa de lançamentos pendentes
2025-10-17 12:58:36,585 - sistema - Sistema_Entrada_Dados - INFO - Lista dados_para_incluir limpa (10 registros removidos)
2025-10-17 12:58:36,587 - sistema - Sistema_Entrada_Dados - INFO - Janela do visualizador destruída
2025-10-17 12:58:36,588 - sistema - Sistema_Entrada_Dados - INFO - Referência ao visualizador removida
2025-10-17 12:58:36,589 - sistema - Sistema_Entrada_Dados - INFO - Visualização limpa com sucesso
2025-10-17 12:58:36,589 - sistema - Sistema_Entrada_Dados - INFO - Dados pendentes descartados. Trocando de 'CLEVER LUIZ SALVADOR' para 'EDIGAR BATISTA FERREIRA'
2025-10-17 12:58:36,591 - sistema - Sistema_Entrada_Dados - INFO - Cliente selecionado com sucesso: EDIGAR BATISTA FERREIRA
2025-10-17 12:59:50,206 - sistema - Sistema_Entrada_Dados - INFO - Cliente selecionado com sucesso: CLEVER LUIZ SALVADOR
2025-10-17 13:00:37,106 - sistema - Sistema_Entrada_Dados - WARNING - Tentativa de trocar cliente com 10 lançamentos pendentes
2025-10-17 13:00:44,601 - sistema - Sistema_Entrada_Dados - INFO - Troca de cliente CANCELADA pelo usuário - dados pendentes preservados
2025-10-17 13:01:03,433 - sistema - Sistema_Entrada_Dados - INFO - Iniciando envio de dados - Cliente: CLEVER LUIZ SALVADOR, Registros: 10
2025-10-17 13:01:03,433 - sistema - Sistema_Entrada_Dados - INFO - Obtendo dados do visualizador
2025-10-17 13:01:03,433 - sistema - Sistema_Entrada_Dados - INFO - Total de registros a processar: 10
2025-10-17 13:01:03,433 - sistema - Sistema_Entrada_Dados - INFO - Datas que serão afetadas pela inserção: ['20/10/2025']
2025-10-17 13:01:03,433 - sistema - Sistema_Entrada_Dados - INFO - Salvando em: C:\Users\Obras\sistema_gestao_testes\testes\Financeiro\Clientes\CLEVER LUIZ SALVADOR.xlsx
2025-10-17 13:01:03,433 - sistema - Sistema_Entrada_Dados - INFO - Verificando integridade dos IDs antes da inserção
2025-10-17 13:01:04,120 - sistema - Sistema_Entrada_Dados - ERROR - 🔍 MÉTODO DE VERIFICAÇÃO FOI CHAMADO!
2025-10-17 13:01:04,120 - sistema - Sistema_Entrada_Dados - INFO - === INICIANDO VERIFICAÇÃO DE DUPLICIDADE ===
2025-10-17 13:01:04,120 - sistema - Sistema_Entrada_Dados - INFO - Dados novos: ANTONIO DUTRA DE FREITAS | SALÁRIO | R$ 1156.00 | 20/10/2025
2025-10-17 13:01:04,192 - sistema - Sistema_Entrada_Dados - ERROR - 🚨 DUPLICATA PROVÁVEL DETECTADA (Critério: Fornecedor+Valor+Data+Referência Similar)!
2025-10-17 13:01:04,192 - sistema - Sistema_Entrada_Dados - ERROR -    Nome: ANTONIO DUTRA DE FREITAS
2025-10-17 13:01:04,192 - sistema - Sistema_Entrada_Dados - ERROR -    Referência nova: 'SALÁRIO'
2025-10-17 13:01:04,192 - sistema - Sistema_Entrada_Dados - ERROR -    Referência existente: 'SALÁRIO'
2025-10-17 13:01:04,192 - sistema - Sistema_Entrada_Dados - ERROR -    Similaridade: 90.00%
2025-10-17 13:01:04,192 - sistema - Sistema_Entrada_Dados - ERROR -    Valor: R$ 1156.00
2025-10-17 13:01:04,192 - sistema - Sistema_Entrada_Dados - ERROR -    Vencimento: 20/10/2025
2025-10-17 13:01:04,207 - sistema - Sistema_Entrada_Dados - ERROR -    Linha existente: 1008
2025-10-17 13:01:04,208 - sistema - Sistema_Entrada_Dados - WARNING - Duplicata detectada: ANTONIO DUTRA DE FREITAS - SALÁRIO - R$ 1156.00
2025-10-17 13:01:04,210 - sistema - Sistema_Entrada_Dados - ERROR - 🔍 MÉTODO DE VERIFICAÇÃO FOI CHAMADO!
2025-10-17 13:01:04,210 - sistema - Sistema_Entrada_Dados - INFO - === INICIANDO VERIFICAÇÃO DE DUPLICIDADE ===
2025-10-17 13:01:04,212 - sistema - Sistema_Entrada_Dados - INFO - Dados novos: BRUNO JUNIO DA SILVA | SALÁRIO | R$ 2719.60 | 20/10/2025
2025-10-17 13:01:04,259 - sistema - Sistema_Entrada_Dados - ERROR - 🚨 DUPLICATA PROVÁVEL DETECTADA (Critério: Fornecedor+Valor+Data+Referência Similar)!
2025-10-17 13:01:04,259 - sistema - Sistema_Entrada_Dados - ERROR -    Nome: BRUNO JUNIO DA SILVA
2025-10-17 13:01:04,259 - sistema - Sistema_Entrada_Dados - ERROR -    Referência nova: 'SALÁRIO'
2025-10-17 13:01:04,259 - sistema - Sistema_Entrada_Dados - ERROR -    Referência existente: 'SALÁRIO'
2025-10-17 13:01:04,259 - sistema - Sistema_Entrada_Dados - ERROR -    Similaridade: 90.00%
2025-10-17 13:01:04,259 - sistema - Sistema_Entrada_Dados - ERROR -    Valor: R$ 2719.60
2025-10-17 13:01:04,259 - sistema - Sistema_Entrada_Dados - ERROR -    Vencimento: 20/10/2025
2025-10-17 13:01:04,259 - sistema - Sistema_Entrada_Dados - ERROR -    Linha existente: 1009
2025-10-17 13:01:04,275 - sistema - Sistema_Entrada_Dados - WARNING - Duplicata detectada: BRUNO JUNIO DA SILVA - SALÁRIO - R$ 2719.60
2025-10-17 13:01:04,278 - sistema - Sistema_Entrada_Dados - ERROR - 🔍 MÉTODO DE VERIFICAÇÃO FOI CHAMADO!
2025-10-17 13:01:04,278 - sistema - Sistema_Entrada_Dados - INFO - === INICIANDO VERIFICAÇÃO DE DUPLICIDADE ===
2025-10-17 13:01:04,279 - sistema - Sistema_Entrada_Dados - INFO - Dados novos: BRUNO RODRIGUES DOS SANTOS | SALÁRIO | R$ 1156.00 | 20/10/2025
2025-10-17 13:01:04,325 - sistema - Sistema_Entrada_Dados - ERROR - 🚨 DUPLICATA PROVÁVEL DETECTADA (Critério: Fornecedor+Valor+Data+Referência Similar)!
2025-10-17 13:01:04,325 - sistema - Sistema_Entrada_Dados - ERROR -    Nome: BRUNO RODRIGUES DOS SANTOS
2025-10-17 13:01:04,325 - sistema - Sistema_Entrada_Dados - ERROR -    Referência nova: 'SALÁRIO'
2025-10-17 13:01:04,325 - sistema - Sistema_Entrada_Dados - ERROR -    Referência existente: 'SALÁRIO'
2025-10-17 13:01:04,325 - sistema - Sistema_Entrada_Dados - ERROR -    Similaridade: 90.00%
2025-10-17 13:01:04,325 - sistema - Sistema_Entrada_Dados - ERROR -    Valor: R$ 1156.00
2025-10-17 13:01:04,325 - sistema - Sistema_Entrada_Dados - ERROR -    Vencimento: 20/10/2025
2025-10-17 13:01:04,325 - sistema - Sistema_Entrada_Dados - ERROR -    Linha existente: 1010
2025-10-17 13:01:04,325 - sistema - Sistema_Entrada_Dados - WARNING - Duplicata detectada: BRUNO RODRIGUES DOS SANTOS - SALÁRIO - R$ 1156.00
2025-10-17 13:01:04,325 - sistema - Sistema_Entrada_Dados - ERROR - 🔍 MÉTODO DE VERIFICAÇÃO FOI CHAMADO!
2025-10-17 13:01:04,337 - sistema - Sistema_Entrada_Dados - INFO - === INICIANDO VERIFICAÇÃO DE DUPLICIDADE ===
2025-10-17 13:01:04,337 - sistema - Sistema_Entrada_Dados - INFO - Dados novos: CARLOS ALEXANDRE FERNANDES DA SILVA | SALÁRIO | R$ 1156.00 | 20/10/2025
2025-10-17 13:01:04,401 - sistema - Sistema_Entrada_Dados - ERROR - 🚨 DUPLICATA PROVÁVEL DETECTADA (Critério: Fornecedor+Valor+Data+Referência Similar)!
2025-10-17 13:01:04,402 - sistema - Sistema_Entrada_Dados - ERROR -    Nome: CARLOS ALEXANDRE FERNANDES DA SILVA
2025-10-17 13:01:04,402 - sistema - Sistema_Entrada_Dados - ERROR -    Referência nova: 'SALÁRIO'
2025-10-17 13:01:04,403 - sistema - Sistema_Entrada_Dados - ERROR -    Referência existente: 'SALÁRIO'
2025-10-17 13:01:04,403 - sistema - Sistema_Entrada_Dados - ERROR -    Similaridade: 90.00%
2025-10-17 13:01:04,404 - sistema - Sistema_Entrada_Dados - ERROR -    Valor: R$ 1156.00
2025-10-17 13:01:04,404 - sistema - Sistema_Entrada_Dados - ERROR -    Vencimento: 20/10/2025
2025-10-17 13:01:04,405 - sistema - Sistema_Entrada_Dados - ERROR -    Linha existente: 1011
2025-10-17 13:01:04,405 - sistema - Sistema_Entrada_Dados - WARNING - Duplicata detectada: CARLOS ALEXANDRE FERNANDES DA SILVA - SALÁRIO - R$ 1156.00
2025-10-17 13:01:04,407 - sistema - Sistema_Entrada_Dados - ERROR - 🔍 MÉTODO DE VERIFICAÇÃO FOI CHAMADO!
2025-10-17 13:01:04,408 - sistema - Sistema_Entrada_Dados - INFO - === INICIANDO VERIFICAÇÃO DE DUPLICIDADE ===
2025-10-17 13:01:04,409 - sistema - Sistema_Entrada_Dados - INFO - Dados novos: EDER PEREIRA DA SILVA | SALÁRIO | R$ 1156.00 | 20/10/2025
2025-10-17 13:01:04,460 - sistema - Sistema_Entrada_Dados - ERROR - 🚨 DUPLICATA PROVÁVEL DETECTADA (Critério: Fornecedor+Valor+Data+Referência Similar)!
2025-10-17 13:01:04,460 - sistema - Sistema_Entrada_Dados - ERROR -    Nome: EDER PEREIRA DA SILVA
2025-10-17 13:01:04,460 - sistema - Sistema_Entrada_Dados - ERROR -    Referência nova: 'SALÁRIO'
2025-10-17 13:01:04,460 - sistema - Sistema_Entrada_Dados - ERROR -    Referência existente: 'SALÁRIO'
2025-10-17 13:01:04,460 - sistema - Sistema_Entrada_Dados - ERROR -    Similaridade: 90.00%
2025-10-17 13:01:04,460 - sistema - Sistema_Entrada_Dados - ERROR -    Valor: R$ 1156.00
2025-10-17 13:01:04,460 - sistema - Sistema_Entrada_Dados - ERROR -    Vencimento: 20/10/2025
2025-10-17 13:01:04,460 - sistema - Sistema_Entrada_Dados - ERROR -    Linha existente: 1012
2025-10-17 13:01:04,460 - sistema - Sistema_Entrada_Dados - WARNING - Duplicata detectada: EDER PEREIRA DA SILVA - SALÁRIO - R$ 1156.00
2025-10-17 13:01:04,469 - sistema - Sistema_Entrada_Dados - ERROR - 🔍 MÉTODO DE VERIFICAÇÃO FOI CHAMADO!
2025-10-17 13:01:04,470 - sistema - Sistema_Entrada_Dados - INFO - === INICIANDO VERIFICAÇÃO DE DUPLICIDADE ===
2025-10-17 13:01:04,470 - sistema - Sistema_Entrada_Dados - INFO - Dados novos: FRANCISCO REGO DA SILVA | SALÁRIO | R$ 979.60 | 20/10/2025
2025-10-17 13:01:04,527 - sistema - Sistema_Entrada_Dados - ERROR - 🚨 DUPLICATA PROVÁVEL DETECTADA (Critério: Fornecedor+Valor+Data+Referência Similar)!
2025-10-17 13:01:04,528 - sistema - Sistema_Entrada_Dados - ERROR -    Nome: FRANCISCO REGO DA SILVA
2025-10-17 13:01:04,528 - sistema - Sistema_Entrada_Dados - ERROR -    Referência nova: 'SALÁRIO'
2025-10-17 13:01:04,529 - sistema - Sistema_Entrada_Dados - ERROR -    Referência existente: 'SALÁRIO'
2025-10-17 13:01:04,529 - sistema - Sistema_Entrada_Dados - ERROR -    Similaridade: 90.00%
2025-10-17 13:01:04,530 - sistema - Sistema_Entrada_Dados - ERROR -    Valor: R$ 979.60
2025-10-17 13:01:04,530 - sistema - Sistema_Entrada_Dados - ERROR -    Vencimento: 20/10/2025
2025-10-17 13:01:04,531 - sistema - Sistema_Entrada_Dados - ERROR -    Linha existente: 1013
2025-10-17 13:01:04,532 - sistema - Sistema_Entrada_Dados - WARNING - Duplicata detectada: FRANCISCO REGO DA SILVA - SALÁRIO - R$ 979.60
2025-10-17 13:01:04,533 - sistema - Sistema_Entrada_Dados - ERROR - 🔍 MÉTODO DE VERIFICAÇÃO FOI CHAMADO!
2025-10-17 13:01:04,534 - sistema - Sistema_Entrada_Dados - INFO - === INICIANDO VERIFICAÇÃO DE DUPLICIDADE ===
2025-10-17 13:01:04,535 - sistema - Sistema_Entrada_Dados - INFO - Dados novos: LUCAS CATALUNHA DA SILVA | SALÁRIO | R$ 740.00 | 20/10/2025
2025-10-17 13:01:04,592 - sistema - Sistema_Entrada_Dados - ERROR - 🚨 DUPLICATA PROVÁVEL DETECTADA (Critério: Fornecedor+Valor+Data+Referência Similar)!
2025-10-17 13:01:04,593 - sistema - Sistema_Entrada_Dados - ERROR -    Nome: LUCAS CATALUNHA DA SILVA
2025-10-17 13:01:04,594 - sistema - Sistema_Entrada_Dados - ERROR -    Referência nova: 'SALÁRIO'
2025-10-17 13:01:04,594 - sistema - Sistema_Entrada_Dados - ERROR -    Referência existente: 'SALÁRIO'
2025-10-17 13:01:04,595 - sistema - Sistema_Entrada_Dados - ERROR -    Similaridade: 90.00%
2025-10-17 13:01:04,595 - sistema - Sistema_Entrada_Dados - ERROR -    Valor: R$ 740.00
2025-10-17 13:01:04,596 - sistema - Sistema_Entrada_Dados - ERROR -    Vencimento: 20/10/2025
2025-10-17 13:01:04,596 - sistema - Sistema_Entrada_Dados - ERROR -    Linha existente: 1014
2025-10-17 13:01:04,597 - sistema - Sistema_Entrada_Dados - WARNING - Duplicata detectada: LUCAS CATALUNHA DA SILVA - SALÁRIO - R$ 740.00
2025-10-17 13:01:04,598 - sistema - Sistema_Entrada_Dados - ERROR - 🔍 MÉTODO DE VERIFICAÇÃO FOI CHAMADO!
2025-10-17 13:01:04,600 - sistema - Sistema_Entrada_Dados - INFO - === INICIANDO VERIFICAÇÃO DE DUPLICIDADE ===
2025-10-17 13:01:04,600 - sistema - Sistema_Entrada_Dados - INFO - Dados novos: MARCOS VINICIUS BISPO CORREIA | SALÁRIO | R$ 1156.00 | 20/10/2025
2025-10-17 13:01:04,662 - sistema - Sistema_Entrada_Dados - ERROR - 🚨 DUPLICATA PROVÁVEL DETECTADA (Critério: Fornecedor+Valor+Data+Referência Similar)!
2025-10-17 13:01:04,663 - sistema - Sistema_Entrada_Dados - ERROR -    Nome: MARCOS VINICIUS BISPO CORREIA
2025-10-17 13:01:04,664 - sistema - Sistema_Entrada_Dados - ERROR -    Referência nova: 'SALÁRIO'
2025-10-17 13:01:04,665 - sistema - Sistema_Entrada_Dados - ERROR -    Referência existente: 'SALÁRIO'
2025-10-17 13:01:04,665 - sistema - Sistema_Entrada_Dados - ERROR -    Similaridade: 90.00%
2025-10-17 13:01:04,666 - sistema - Sistema_Entrada_Dados - ERROR -    Valor: R$ 1156.00
2025-10-17 13:01:04,666 - sistema - Sistema_Entrada_Dados - ERROR -    Vencimento: 20/10/2025
2025-10-17 13:01:04,667 - sistema - Sistema_Entrada_Dados - ERROR -    Linha existente: 1015
2025-10-17 13:01:04,667 - sistema - Sistema_Entrada_Dados - WARNING - Duplicata detectada: MARCOS VINICIUS BISPO CORREIA - SALÁRIO - R$ 1156.00
2025-10-17 13:01:04,669 - sistema - Sistema_Entrada_Dados - ERROR - 🔍 MÉTODO DE VERIFICAÇÃO FOI CHAMADO!
2025-10-17 13:01:04,670 - sistema - Sistema_Entrada_Dados - INFO - === INICIANDO VERIFICAÇÃO DE DUPLICIDADE ===
2025-10-17 13:01:04,672 - sistema - Sistema_Entrada_Dados - INFO - Dados novos: ROBERVAL PORTACIO DOS SANTOS | SALÁRIO | R$ 740.00 | 20/10/2025
2025-10-17 13:01:04,726 - sistema - Sistema_Entrada_Dados - ERROR - 🚨 DUPLICATA PROVÁVEL DETECTADA (Critério: Fornecedor+Valor+Data+Referência Similar)!
2025-10-17 13:01:04,726 - sistema - Sistema_Entrada_Dados - ERROR -    Nome: ROBERVAL PORTACIO DOS SANTOS
2025-10-17 13:01:04,726 - sistema - Sistema_Entrada_Dados - ERROR -    Referência nova: 'SALÁRIO'
2025-10-17 13:01:04,726 - sistema - Sistema_Entrada_Dados - ERROR -    Referência existente: 'SALÁRIO'
2025-10-17 13:01:04,726 - sistema - Sistema_Entrada_Dados - ERROR -    Similaridade: 90.00%
2025-10-17 13:01:04,726 - sistema - Sistema_Entrada_Dados - ERROR -    Valor: R$ 740.00
2025-10-17 13:01:04,726 - sistema - Sistema_Entrada_Dados - ERROR -    Vencimento: 20/10/2025
2025-10-17 13:01:04,726 - sistema - Sistema_Entrada_Dados - ERROR -    Linha existente: 1016
2025-10-17 13:01:04,726 - sistema - Sistema_Entrada_Dados - WARNING - Duplicata detectada: ROBERVAL PORTACIO DOS SANTOS - SALÁRIO - R$ 740.00
2025-10-17 13:01:04,726 - sistema - Sistema_Entrada_Dados - ERROR - 🔍 MÉTODO DE VERIFICAÇÃO FOI CHAMADO!
2025-10-17 13:01:04,739 - sistema - Sistema_Entrada_Dados - INFO - === INICIANDO VERIFICAÇÃO DE DUPLICIDADE ===
2025-10-17 13:01:04,739 - sistema - Sistema_Entrada_Dados - INFO - Dados novos: DOMINGOS DA SILVA LIMA | SALÁRIO | R$ 740.00 | 20/10/2025
2025-10-17 13:01:04,793 - sistema - Sistema_Entrada_Dados - ERROR - 🚨 DUPLICATA PROVÁVEL DETECTADA (Critério: Fornecedor+Valor+Data+Referência Similar)!
2025-10-17 13:01:04,793 - sistema - Sistema_Entrada_Dados - ERROR -    Nome: DOMINGOS DA SILVA LIMA
2025-10-17 13:01:04,793 - sistema - Sistema_Entrada_Dados - ERROR -    Referência nova: 'SALÁRIO'
2025-10-17 13:01:04,793 - sistema - Sistema_Entrada_Dados - ERROR -    Referência existente: 'SALÁRIO'
2025-10-17 13:01:04,793 - sistema - Sistema_Entrada_Dados - ERROR -    Similaridade: 90.00%
2025-10-17 13:01:04,808 - sistema - Sistema_Entrada_Dados - ERROR -    Valor: R$ 740.00
2025-10-17 13:01:04,808 - sistema - Sistema_Entrada_Dados - ERROR -    Vencimento: 20/10/2025
2025-10-17 13:01:04,811 - sistema - Sistema_Entrada_Dados - ERROR -    Linha existente: 1017
2025-10-17 13:01:04,811 - sistema - Sistema_Entrada_Dados - WARNING - Duplicata detectada: DOMINGOS DA SILVA LIMA - SALÁRIO - R$ 740.00
2025-10-17 13:01:04,812 - sistema - Sistema_Entrada_Dados - WARNING - Detectados 10 possíveis lançamentos duplicados
2025-10-17 13:01:10,381 - sistema - Sistema_Entrada_Dados - INFO - Usuário optou por limpar todos os lançamentos duplicados
2025-10-17 13:01:10,403 - sistema - Sistema_Entrada_Dados - INFO - Limpando visualização completa de lançamentos pendentes
2025-10-17 13:01:10,404 - sistema - Sistema_Entrada_Dados - INFO - Lista dados_para_incluir limpa (10 registros removidos)
2025-10-17 13:01:10,421 - sistema - Sistema_Entrada_Dados - INFO - Janela do visualizador destruída
2025-10-17 13:01:10,434 - sistema - Sistema_Entrada_Dados - INFO - Referência ao visualizador removida
2025-10-17 13:01:10,435 - sistema - Sistema_Entrada_Dados - INFO - Visualização limpa com sucesso
2025-10-17 14:18:05,336 - sistema - logger_config - INFO - Sistema de logging inicializado
2025-10-17 14:18:07,249 - sistema - logger_config - INFO - Iniciando: Carregar configurações
2025-10-17 14:18:07,265 - sistema - logger_config - INFO - Concluído: Carregar configurações
2025-10-17 14:18:07,272 - sistema - logger_config - INFO - Iniciando: Carregar configurações
2025-10-17 14:18:07,273 - sistema - logger_config - INFO - Concluído: Carregar configurações
2025-10-17 14:18:07,279 - sistema - Sistema_Entrada_Dados - INFO - Proteções contra perda de dados configuradas
2025-10-17 14:18:09,865 - sistema - Sistema_Entrada_Dados - INFO - Cliente selecionado com sucesso: CLEVER LUIZ SALVADOR
2025-10-17 14:20:40,159 - sistema - logger_config - INFO - Iniciando: Carregar configurações
2025-10-17 14:20:40,159 - sistema - logger_config - INFO - Concluído: Carregar configurações
2025-10-17 14:21:05,364 - sistema - Sistema_Entrada_Dados - INFO - Iniciando adição de dados - Cliente: CLEVER LUIZ SALVADOR
2025-10-17 14:21:10,862 - sistema - Sistema_Entrada_Dados - INFO - Dados adicionados com sucesso - Cliente: CLEVER LUIZ SALVADOR, Total: 11
2025-10-17 14:25:09,633 - sistema - Sistema_Entrada_Dados - INFO - Iniciando envio de dados - Cliente: CLEVER LUIZ SALVADOR, Registros: 11
2025-10-17 14:25:09,637 - sistema - Sistema_Entrada_Dados - INFO - Obtendo dados do visualizador
2025-10-17 14:25:09,637 - sistema - Sistema_Entrada_Dados - INFO - Total de registros a processar: 11
2025-10-17 14:25:09,637 - sistema - Sistema_Entrada_Dados - INFO - Datas que serão afetadas pela inserção: ['20/10/2025']
2025-10-17 14:25:09,637 - sistema - Sistema_Entrada_Dados - INFO - Salvando em: C:\Users\Obras\sistema_gestao_testes\testes\Financeiro\Clientes\CLEVER LUIZ SALVADOR.xlsx
2025-10-17 14:25:09,637 - sistema - Sistema_Entrada_Dados - INFO - Verificando integridade dos IDs antes da inserção
2025-10-17 14:25:10,364 - sistema - Sistema_Entrada_Dados - ERROR - 🔍 MÉTODO DE VERIFICAÇÃO FOI CHAMADO!
2025-10-17 14:25:10,364 - sistema - Sistema_Entrada_Dados - INFO - === INICIANDO VERIFICAÇÃO DE DUPLICIDADE ===
2025-10-17 14:25:10,364 - sistema - Sistema_Entrada_Dados - INFO - Dados novos: ANTONIO DUTRA DE FREITAS | SALÁRIO | R$ 1156.00 | 20/10/2025
2025-10-17 14:25:10,419 - sistema - Sistema_Entrada_Dados - ERROR - 🚨 DUPLICATA PROVÁVEL DETECTADA (Critério: Fornecedor+Valor+Data+Referência Similar)!
2025-10-17 14:25:10,419 - sistema - Sistema_Entrada_Dados - ERROR -    Nome: ANTONIO DUTRA DE FREITAS
2025-10-17 14:25:10,433 - sistema - Sistema_Entrada_Dados - ERROR -    Referência nova: 'SALÁRIO'
2025-10-17 14:25:10,435 - sistema - Sistema_Entrada_Dados - ERROR -    Referência existente: 'SALÁRIO'
2025-10-17 14:25:10,435 - sistema - Sistema_Entrada_Dados - ERROR -    Similaridade: 90.00%
2025-10-17 14:25:10,435 - sistema - Sistema_Entrada_Dados - ERROR -    Valor: R$ 1156.00
2025-10-17 14:25:10,435 - sistema - Sistema_Entrada_Dados - ERROR -    Vencimento: 20/10/2025
2025-10-17 14:25:10,438 - sistema - Sistema_Entrada_Dados - ERROR -    Linha existente: 1008
2025-10-17 14:25:10,438 - sistema - Sistema_Entrada_Dados - WARNING - Duplicata detectada: ANTONIO DUTRA DE FREITAS - SALÁRIO - R$ 1156.00
2025-10-17 14:25:10,440 - sistema - Sistema_Entrada_Dados - ERROR - 🔍 MÉTODO DE VERIFICAÇÃO FOI CHAMADO!
2025-10-17 14:25:10,440 - sistema - Sistema_Entrada_Dados - INFO - === INICIANDO VERIFICAÇÃO DE DUPLICIDADE ===
2025-10-17 14:25:10,441 - sistema - Sistema_Entrada_Dados - INFO - Dados novos: BRUNO JUNIO DA SILVA | SALÁRIO | R$ 2719.60 | 20/10/2025
2025-10-17 14:25:10,485 - sistema - Sistema_Entrada_Dados - ERROR - 🚨 DUPLICATA PROVÁVEL DETECTADA (Critério: Fornecedor+Valor+Data+Referência Similar)!
2025-10-17 14:25:10,485 - sistema - Sistema_Entrada_Dados - ERROR -    Nome: BRUNO JUNIO DA SILVA
2025-10-17 14:25:10,485 - sistema - Sistema_Entrada_Dados - ERROR -    Referência nova: 'SALÁRIO'
2025-10-17 14:25:10,485 - sistema - Sistema_Entrada_Dados - ERROR -    Referência existente: 'SALÁRIO'
2025-10-17 14:25:10,485 - sistema - Sistema_Entrada_Dados - ERROR -    Similaridade: 90.00%
2025-10-17 14:25:10,485 - sistema - Sistema_Entrada_Dados - ERROR -    Valor: R$ 2719.60
2025-10-17 14:25:10,485 - sistema - Sistema_Entrada_Dados - ERROR -    Vencimento: 20/10/2025
2025-10-17 14:25:10,485 - sistema - Sistema_Entrada_Dados - ERROR -    Linha existente: 1009
2025-10-17 14:25:10,500 - sistema - Sistema_Entrada_Dados - WARNING - Duplicata detectada: BRUNO JUNIO DA SILVA - SALÁRIO - R$ 2719.60
2025-10-17 14:25:10,502 - sistema - Sistema_Entrada_Dados - ERROR - 🔍 MÉTODO DE VERIFICAÇÃO FOI CHAMADO!
2025-10-17 14:25:10,502 - sistema - Sistema_Entrada_Dados - INFO - === INICIANDO VERIFICAÇÃO DE DUPLICIDADE ===
2025-10-17 14:25:10,503 - sistema - Sistema_Entrada_Dados - INFO - Dados novos: BRUNO RODRIGUES DOS SANTOS | SALÁRIO | R$ 1156.00 | 20/10/2025
2025-10-17 14:25:10,551 - sistema - Sistema_Entrada_Dados - ERROR - 🚨 DUPLICATA PROVÁVEL DETECTADA (Critério: Fornecedor+Valor+Data+Referência Similar)!
2025-10-17 14:25:10,551 - sistema - Sistema_Entrada_Dados - ERROR -    Nome: BRUNO RODRIGUES DOS SANTOS
2025-10-17 14:25:10,551 - sistema - Sistema_Entrada_Dados - ERROR -    Referência nova: 'SALÁRIO'
2025-10-17 14:25:10,551 - sistema - Sistema_Entrada_Dados - ERROR -    Referência existente: 'SALÁRIO'
2025-10-17 14:25:10,551 - sistema - Sistema_Entrada_Dados - ERROR -    Similaridade: 90.00%
2025-10-17 14:25:10,551 - sistema - Sistema_Entrada_Dados - ERROR -    Valor: R$ 1156.00
2025-10-17 14:25:10,551 - sistema - Sistema_Entrada_Dados - ERROR -    Vencimento: 20/10/2025
2025-10-17 14:25:10,551 - sistema - Sistema_Entrada_Dados - ERROR -    Linha existente: 1010
2025-10-17 14:25:10,551 - sistema - Sistema_Entrada_Dados - WARNING - Duplicata detectada: BRUNO RODRIGUES DOS SANTOS - SALÁRIO - R$ 1156.00
2025-10-17 14:25:10,567 - sistema - Sistema_Entrada_Dados - ERROR - 🔍 MÉTODO DE VERIFICAÇÃO FOI CHAMADO!
2025-10-17 14:25:10,568 - sistema - Sistema_Entrada_Dados - INFO - === INICIANDO VERIFICAÇÃO DE DUPLICIDADE ===
2025-10-17 14:25:10,569 - sistema - Sistema_Entrada_Dados - INFO - Dados novos: CARLOS ALEXANDRE FERNANDES DA SILVA | SALÁRIO | R$ 1156.00 | 20/10/2025
2025-10-17 14:25:10,618 - sistema - Sistema_Entrada_Dados - ERROR - 🚨 DUPLICATA PROVÁVEL DETECTADA (Critério: Fornecedor+Valor+Data+Referência Similar)!
2025-10-17 14:25:10,618 - sistema - Sistema_Entrada_Dados - ERROR -    Nome: CARLOS ALEXANDRE FERNANDES DA SILVA
2025-10-17 14:25:10,618 - sistema - Sistema_Entrada_Dados - ERROR -    Referência nova: 'SALÁRIO'
2025-10-17 14:25:10,618 - sistema - Sistema_Entrada_Dados - ERROR -    Referência existente: 'SALÁRIO'
2025-10-17 14:25:10,618 - sistema - Sistema_Entrada_Dados - ERROR -    Similaridade: 90.00%
2025-10-17 14:25:10,618 - sistema - Sistema_Entrada_Dados - ERROR -    Valor: R$ 1156.00
2025-10-17 14:25:10,618 - sistema - Sistema_Entrada_Dados - ERROR -    Vencimento: 20/10/2025
2025-10-17 14:25:10,618 - sistema - Sistema_Entrada_Dados - ERROR -    Linha existente: 1011
2025-10-17 14:25:10,618 - sistema - Sistema_Entrada_Dados - WARNING - Duplicata detectada: CARLOS ALEXANDRE FERNANDES DA SILVA - SALÁRIO - R$ 1156.00
2025-10-17 14:25:10,629 - sistema - Sistema_Entrada_Dados - ERROR - 🔍 MÉTODO DE VERIFICAÇÃO FOI CHAMADO!
2025-10-17 14:25:10,630 - sistema - Sistema_Entrada_Dados - INFO - === INICIANDO VERIFICAÇÃO DE DUPLICIDADE ===
2025-10-17 14:25:10,631 - sistema - Sistema_Entrada_Dados - INFO - Dados novos: EDER PEREIRA DA SILVA | SALÁRIO | R$ 1156.00 | 20/10/2025
2025-10-17 14:25:10,685 - sistema - Sistema_Entrada_Dados - ERROR - 🚨 DUPLICATA PROVÁVEL DETECTADA (Critério: Fornecedor+Valor+Data+Referência Similar)!
2025-10-17 14:25:10,685 - sistema - Sistema_Entrada_Dados - ERROR -    Nome: EDER PEREIRA DA SILVA
2025-10-17 14:25:10,685 - sistema - Sistema_Entrada_Dados - ERROR -    Referência nova: 'SALÁRIO'
2025-10-17 14:25:10,685 - sistema - Sistema_Entrada_Dados - ERROR -    Referência existente: 'SALÁRIO'
2025-10-17 14:25:10,685 - sistema - Sistema_Entrada_Dados - ERROR -    Similaridade: 90.00%
2025-10-17 14:25:10,685 - sistema - Sistema_Entrada_Dados - ERROR -    Valor: R$ 1156.00
2025-10-17 14:25:10,685 - sistema - Sistema_Entrada_Dados - ERROR -    Vencimento: 20/10/2025
2025-10-17 14:25:10,685 - sistema - Sistema_Entrada_Dados - ERROR -    Linha existente: 1012
2025-10-17 14:25:10,685 - sistema - Sistema_Entrada_Dados - WARNING - Duplicata detectada: EDER PEREIRA DA SILVA - SALÁRIO - R$ 1156.00
2025-10-17 14:25:10,685 - sistema - Sistema_Entrada_Dados - ERROR - 🔍 MÉTODO DE VERIFICAÇÃO FOI CHAMADO!
2025-10-17 14:25:10,685 - sistema - Sistema_Entrada_Dados - INFO - === INICIANDO VERIFICAÇÃO DE DUPLICIDADE ===
2025-10-17 14:25:10,685 - sistema - Sistema_Entrada_Dados - INFO - Dados novos: FRANCISCO REGO DA SILVA | SALÁRIO | R$ 979.60 | 20/10/2025
2025-10-17 14:25:10,736 - sistema - Sistema_Entrada_Dados - ERROR - 🚨 DUPLICATA PROVÁVEL DETECTADA (Critério: Fornecedor+Valor+Data+Referência Similar)!
2025-10-17 14:25:10,736 - sistema - Sistema_Entrada_Dados - ERROR -    Nome: FRANCISCO REGO DA SILVA
2025-10-17 14:25:10,736 - sistema - Sistema_Entrada_Dados - ERROR -    Referência nova: 'SALÁRIO'
2025-10-17 14:25:10,750 - sistema - Sistema_Entrada_Dados - ERROR -    Referência existente: 'SALÁRIO'
2025-10-17 14:25:10,750 - sistema - Sistema_Entrada_Dados - ERROR -    Similaridade: 90.00%
2025-10-17 14:25:10,751 - sistema - Sistema_Entrada_Dados - ERROR -    Valor: R$ 979.60
2025-10-17 14:25:10,751 - sistema - Sistema_Entrada_Dados - ERROR -    Vencimento: 20/10/2025
2025-10-17 14:25:10,751 - sistema - Sistema_Entrada_Dados - ERROR -    Linha existente: 1013
2025-10-17 14:25:10,751 - sistema - Sistema_Entrada_Dados - WARNING - Duplicata detectada: FRANCISCO REGO DA SILVA - SALÁRIO - R$ 979.60
2025-10-17 14:25:10,756 - sistema - Sistema_Entrada_Dados - ERROR - 🔍 MÉTODO DE VERIFICAÇÃO FOI CHAMADO!
2025-10-17 14:25:10,757 - sistema - Sistema_Entrada_Dados - INFO - === INICIANDO VERIFICAÇÃO DE DUPLICIDADE ===
2025-10-17 14:25:10,757 - sistema - Sistema_Entrada_Dados - INFO - Dados novos: LUCAS CATALUNHA DA SILVA | SALÁRIO | R$ 740.00 | 20/10/2025
2025-10-17 14:25:10,802 - sistema - Sistema_Entrada_Dados - ERROR - 🚨 DUPLICATA PROVÁVEL DETECTADA (Critério: Fornecedor+Valor+Data+Referência Similar)!
2025-10-17 14:25:10,802 - sistema - Sistema_Entrada_Dados - ERROR -    Nome: LUCAS CATALUNHA DA SILVA
2025-10-17 14:25:10,802 - sistema - Sistema_Entrada_Dados - ERROR -    Referência nova: 'SALÁRIO'
2025-10-17 14:25:10,802 - sistema - Sistema_Entrada_Dados - ERROR -    Referência existente: 'SALÁRIO'
2025-10-17 14:25:10,802 - sistema - Sistema_Entrada_Dados - ERROR -    Similaridade: 90.00%
2025-10-17 14:25:10,802 - sistema - Sistema_Entrada_Dados - ERROR -    Valor: R$ 740.00
2025-10-17 14:25:10,802 - sistema - Sistema_Entrada_Dados - ERROR -    Vencimento: 20/10/2025
2025-10-17 14:25:10,817 - sistema - Sistema_Entrada_Dados - ERROR -    Linha existente: 1014
2025-10-17 14:25:10,818 - sistema - Sistema_Entrada_Dados - WARNING - Duplicata detectada: LUCAS CATALUNHA DA SILVA - SALÁRIO - R$ 740.00
2025-10-17 14:25:10,818 - sistema - Sistema_Entrada_Dados - ERROR - 🔍 MÉTODO DE VERIFICAÇÃO FOI CHAMADO!
2025-10-17 14:25:10,821 - sistema - Sistema_Entrada_Dados - INFO - === INICIANDO VERIFICAÇÃO DE DUPLICIDADE ===
2025-10-17 14:25:10,822 - sistema - Sistema_Entrada_Dados - INFO - Dados novos: MARCOS VINICIUS BISPO CORREIA | SALÁRIO | R$ 1156.00 | 20/10/2025
2025-10-17 14:25:10,882 - sistema - Sistema_Entrada_Dados - ERROR - 🚨 DUPLICATA PROVÁVEL DETECTADA (Critério: Fornecedor+Valor+Data+Referência Similar)!
2025-10-17 14:25:10,882 - sistema - Sistema_Entrada_Dados - ERROR -    Nome: MARCOS VINICIUS BISPO CORREIA
2025-10-17 14:25:10,882 - sistema - Sistema_Entrada_Dados - ERROR -    Referência nova: 'SALÁRIO'
2025-10-17 14:25:10,893 - sistema - Sistema_Entrada_Dados - ERROR -    Referência existente: 'SALÁRIO'
2025-10-17 14:25:10,894 - sistema - Sistema_Entrada_Dados - ERROR -    Similaridade: 90.00%
2025-10-17 14:25:10,895 - sistema - Sistema_Entrada_Dados - ERROR -    Valor: R$ 1156.00
2025-10-17 14:25:10,895 - sistema - Sistema_Entrada_Dados - ERROR -    Vencimento: 20/10/2025
2025-10-17 14:25:10,896 - sistema - Sistema_Entrada_Dados - ERROR -    Linha existente: 1015
2025-10-17 14:25:10,897 - sistema - Sistema_Entrada_Dados - WARNING - Duplicata detectada: MARCOS VINICIUS BISPO CORREIA - SALÁRIO - R$ 1156.00
2025-10-17 14:25:10,899 - sistema - Sistema_Entrada_Dados - ERROR - 🔍 MÉTODO DE VERIFICAÇÃO FOI CHAMADO!
2025-10-17 14:25:10,901 - sistema - Sistema_Entrada_Dados - INFO - === INICIANDO VERIFICAÇÃO DE DUPLICIDADE ===
2025-10-17 14:25:10,902 - sistema - Sistema_Entrada_Dados - INFO - Dados novos: ROBERVAL PORTACIO DOS SANTOS | SALÁRIO | R$ 740.00 | 20/10/2025
2025-10-17 14:25:10,967 - sistema - Sistema_Entrada_Dados - ERROR - 🚨 DUPLICATA PROVÁVEL DETECTADA (Critério: Fornecedor+Valor+Data+Referência Similar)!
2025-10-17 14:25:10,967 - sistema - Sistema_Entrada_Dados - ERROR -    Nome: ROBERVAL PORTACIO DOS SANTOS
2025-10-17 14:25:10,967 - sistema - Sistema_Entrada_Dados - ERROR -    Referência nova: 'SALÁRIO'
2025-10-17 14:25:10,967 - sistema - Sistema_Entrada_Dados - ERROR -    Referência existente: 'SALÁRIO'
2025-10-17 14:25:10,967 - sistema - Sistema_Entrada_Dados - ERROR -    Similaridade: 90.00%
2025-10-17 14:25:10,967 - sistema - Sistema_Entrada_Dados - ERROR -    Valor: R$ 740.00
2025-10-17 14:25:10,967 - sistema - Sistema_Entrada_Dados - ERROR -    Vencimento: 20/10/2025
2025-10-17 14:25:10,967 - sistema - Sistema_Entrada_Dados - ERROR -    Linha existente: 1016
2025-10-17 14:25:10,967 - sistema - Sistema_Entrada_Dados - WARNING - Duplicata detectada: ROBERVAL PORTACIO DOS SANTOS - SALÁRIO - R$ 740.00
2025-10-17 14:25:10,980 - sistema - Sistema_Entrada_Dados - ERROR - 🔍 MÉTODO DE VERIFICAÇÃO FOI CHAMADO!
2025-10-17 14:25:10,981 - sistema - Sistema_Entrada_Dados - INFO - === INICIANDO VERIFICAÇÃO DE DUPLICIDADE ===
2025-10-17 14:25:10,981 - sistema - Sistema_Entrada_Dados - INFO - Dados novos: DOMINGOS DA SILVA LIMA | SALÁRIO | R$ 740.00 | 20/10/2025
2025-10-17 14:25:11,035 - sistema - Sistema_Entrada_Dados - ERROR - 🚨 DUPLICATA PROVÁVEL DETECTADA (Critério: Fornecedor+Valor+Data+Referência Similar)!
2025-10-17 14:25:11,036 - sistema - Sistema_Entrada_Dados - ERROR -    Nome: DOMINGOS DA SILVA LIMA
2025-10-17 14:25:11,037 - sistema - Sistema_Entrada_Dados - ERROR -    Referência nova: 'SALÁRIO'
2025-10-17 14:25:11,037 - sistema - Sistema_Entrada_Dados - ERROR -    Referência existente: 'SALÁRIO'
2025-10-17 14:25:11,038 - sistema - Sistema_Entrada_Dados - ERROR -    Similaridade: 90.00%
2025-10-17 14:25:11,038 - sistema - Sistema_Entrada_Dados - ERROR -    Valor: R$ 740.00
2025-10-17 14:25:11,039 - sistema - Sistema_Entrada_Dados - ERROR -    Vencimento: 20/10/2025
2025-10-17 14:25:11,039 - sistema - Sistema_Entrada_Dados - ERROR -    Linha existente: 1017
2025-10-17 14:25:11,040 - sistema - Sistema_Entrada_Dados - WARNING - Duplicata detectada: DOMINGOS DA SILVA LIMA - SALÁRIO - R$ 740.00
2025-10-17 14:25:11,042 - sistema - Sistema_Entrada_Dados - ERROR - 🔍 MÉTODO DE VERIFICAÇÃO FOI CHAMADO!
2025-10-17 14:25:11,042 - sistema - Sistema_Entrada_Dados - INFO - === INICIANDO VERIFICAÇÃO DE DUPLICIDADE ===
2025-10-17 14:25:11,043 - sistema - Sistema_Entrada_Dados - INFO - Dados novos: JB CIMENTO | CIMENTO | R$ 2240.00 | 30/10/2025
2025-10-17 14:25:11,085 - sistema - Sistema_Entrada_Dados - INFO - ✅ Nenhuma duplicata encontrada para: JB CIMENTO - CIMENTO
2025-10-17 14:25:11,085 - sistema - Sistema_Entrada_Dados - WARNING - Detectados 10 possíveis lançamentos duplicados
2025-10-17 14:25:39,540 - sistema - Sistema_Entrada_Dados - INFO - Usuário optou por continuar. Processando 1 lançamentos únicos
2025-10-17 14:25:39,554 - sistema - Sistema_Entrada_Dados - INFO - Lançamento inserido com ID 1021 na linha 1018
2025-10-17 14:25:40,113 - sistema - Sistema_Entrada_Dados - INFO - Iniciando verificação de recálculo para 1 datas
2025-10-17 14:25:40,628 - sistema - Sistema_Entrada_Dados - INFO - Verificando necessidade de recálculo para 2025-10-20
2025-10-17 14:25:40,633 - sistema - Sistema_Entrada_Dados - ERROR - Erro ao verificar recálculo para 2025-10-20: 'SistemaEntradaDados' object has no attribute 'chamar_apos_operacao_lancamento'
2025-10-17 14:26:07,762 - sistema - Sistema_Entrada_Dados - INFO - Removendo 10 duplicatas da visualização
2025-10-17 14:26:07,777 - sistema - Sistema_Entrada_Dados - INFO - Visualizador atualizado com 1 registros únicos
2025-10-17 14:26:07,781 - sistema - Sistema_Entrada_Dados - INFO - Duplicatas removidas com sucesso
2025-10-17 14:26:07,793 - sistema - Sistema_Entrada_Dados - INFO - Limpando 1 registros salvos da visualização
2025-10-17 14:26:07,806 - sistema - Sistema_Entrada_Dados - INFO - Visualizador fechado - todos os registros foram processados
2025-10-17 14:26:07,824 - sistema - Sistema_Entrada_Dados - INFO - Dados salvos removidos com sucesso da visualização
2025-10-17 17:24:02,714 - sistema - logger_config - INFO - Sistema de logging inicializado
2025-10-17 17:24:06,045 - sistema - logger_config - INFO - Iniciando: Carregar configurações
2025-10-17 17:24:06,117 - sistema - logger_config - INFO - Concluído: Carregar configurações
2025-10-17 17:24:06,117 - sistema - logger_config - INFO - Iniciando: Carregar configurações
2025-10-17 17:24:06,117 - sistema - logger_config - INFO - Concluído: Carregar configurações
2025-10-17 17:24:06,136 - sistema - Sistema_Entrada_Dados - INFO - Proteções contra perda de dados configuradas
2025-10-17 17:24:09,518 - sistema - Sistema_Entrada_Dados - INFO - Cliente selecionado com sucesso: ELLIAS MAGALHAES E ABREU LIMA
2025-10-17 17:24:39,430 - sistema - logger_config - INFO - Iniciando: Carregar configurações
2025-10-17 17:24:39,445 - sistema - logger_config - INFO - Concluído: Carregar configurações
2025-10-17 17:24:39,445 - sistema - logger_config - INFO - Iniciando: Carregar configurações
2025-10-17 17:24:39,445 - sistema - logger_config - INFO - Concluído: Carregar configurações
2025-10-17 17:24:39,445 - sistema - logger_config - INFO - Iniciando: Carregar configurações
2025-10-17 17:24:39,445 - sistema - logger_config - INFO - Concluído: Carregar configurações
2025-10-17 17:24:39,445 - sistema - logger_config - INFO - Iniciando: Carregar configurações
2025-10-17 17:24:39,452 - sistema - logger_config - INFO - Concluído: Carregar configurações
2025-10-17 17:32:42,465 - sistema - logger_config - INFO - Sistema de logging inicializado
2025-10-17 17:32:43,991 - sistema - logger_config - INFO - Iniciando: Carregar configurações
2025-10-17 17:32:44,014 - sistema - logger_config - INFO - Concluído: Carregar configurações
2025-10-17 17:32:44,028 - sistema - logger_config - INFO - Iniciando: Carregar configurações
2025-10-17 17:32:44,029 - sistema - logger_config - INFO - Concluído: Carregar configurações
2025-10-17 17:32:44,042 - sistema - Sistema_Entrada_Dados - INFO - Proteções contra perda de dados configuradas
2025-10-17 17:32:49,274 - sistema - Sistema_Entrada_Dados - INFO - Cliente selecionado com sucesso: ELLIAS MAGALHAES E ABREU LIMA
2025-10-17 17:33:00,301 - sistema - logger_config - INFO - Iniciando: Carregar configurações
2025-10-17 17:33:00,301 - sistema - logger_config - INFO - Iniciando: Carregar configurações
2025-10-17 17:33:00,301 - sistema - logger_config - INFO - Concluído: Carregar configurações
2025-10-17 17:33:00,301 - sistema - logger_config - INFO - Concluído: Carregar configurações
2025-10-17 17:33:00,301 - sistema - logger_config - INFO - Iniciando: Carregar configurações
2025-10-17 17:33:00,301 - sistema - logger_config - INFO - Concluído: Carregar configurações
2025-10-17 17:33:00,301 - sistema - logger_config - INFO - Iniciando: Carregar configurações
2025-10-17 17:33:00,301 - sistema - logger_config - INFO - Concluído: Carregar configurações
2025-10-17 17:43:30,378 - sistema - logger_config - INFO - Sistema de logging inicializado
2025-10-17 17:43:32,056 - sistema - logger_config - INFO - Iniciando: Carregar configurações
2025-10-17 17:43:32,112 - sistema - logger_config - INFO - Concluído: Carregar configurações
2025-10-17 17:43:32,114 - sistema - logger_config - INFO - Iniciando: Carregar configurações
2025-10-17 17:43:32,114 - sistema - logger_config - INFO - Concluído: Carregar configurações
2025-10-17 17:43:32,129 - sistema - Sistema_Entrada_Dados - INFO - Proteções contra perda de dados configuradas
2025-10-17 17:43:35,949 - sistema - Sistema_Entrada_Dados - INFO - Cliente selecionado com sucesso: ELLIAS MAGALHAES E ABREU LIMA
2025-10-17 17:44:43,739 - sistema - Sistema_Entrada_Dados - INFO - Iniciando envio de dados - Cliente: ELLIAS MAGALHAES E ABREU LIMA, Registros: 4
2025-10-17 17:44:43,739 - sistema - Sistema_Entrada_Dados - INFO - Obtendo dados do visualizador
2025-10-17 17:44:43,739 - sistema - Sistema_Entrada_Dados - INFO - Total de registros a processar: 4
2025-10-17 17:44:43,739 - sistema - Sistema_Entrada_Dados - INFO - Datas que serão afetadas pela inserção: ['20/10/2025']
2025-10-17 17:44:43,739 - sistema - Sistema_Entrada_Dados - INFO - Salvando em: H:\.shortcut-targets-by-id\195uuohIL_ZKum7lhwu-OzJCH_CGAb97G\Relatórios\Financeiro\Clientes\ELLIAS MAGALHAES E ABREU LIMA.xlsx
2025-10-17 17:44:43,739 - sistema - Sistema_Entrada_Dados - INFO - Verificando integridade dos IDs antes da inserção
2025-10-17 17:44:44,142 - sistema - Sistema_Entrada_Dados - ERROR - 🔍 MÉTODO DE VERIFICAÇÃO FOI CHAMADO!
2025-10-17 17:44:44,142 - sistema - Sistema_Entrada_Dados - INFO - === INICIANDO VERIFICAÇÃO DE DUPLICIDADE ===
2025-10-17 17:44:44,142 - sistema - Sistema_Entrada_Dados - INFO - Dados novos: CRISTOFER BARBOSA ROSA | SALÁRIO | R$ 979.60 | 20/10/2025
2025-10-17 17:44:44,142 - sistema - Sistema_Entrada_Dados - INFO - ✅ Nenhuma duplicata encontrada para: CRISTOFER BARBOSA ROSA - SALÁRIO
2025-10-17 17:44:44,158 - sistema - Sistema_Entrada_Dados - ERROR - 🔍 MÉTODO DE VERIFICAÇÃO FOI CHAMADO!
2025-10-17 17:44:44,159 - sistema - Sistema_Entrada_Dados - INFO - === INICIANDO VERIFICAÇÃO DE DUPLICIDADE ===
2025-10-17 17:44:44,160 - sistema - Sistema_Entrada_Dados - INFO - Dados novos: HELIANO FRANCISCO ALVES | SALÁRIO | R$ 1156.00 | 20/10/2025
2025-10-17 17:44:44,163 - sistema - Sistema_Entrada_Dados - INFO - ✅ Nenhuma duplicata encontrada para: HELIANO FRANCISCO ALVES - SALÁRIO
2025-10-17 17:44:44,163 - sistema - Sistema_Entrada_Dados - ERROR - 🔍 MÉTODO DE VERIFICAÇÃO FOI CHAMADO!
2025-10-17 17:44:44,163 - sistema - Sistema_Entrada_Dados - INFO - === INICIANDO VERIFICAÇÃO DE DUPLICIDADE ===
2025-10-17 17:44:44,163 - sistema - Sistema_Entrada_Dados - INFO - Dados novos: EDMAR RIBEIRO | SALÁRIO | R$ 740.00 | 20/10/2025
2025-10-17 17:44:44,182 - sistema - Sistema_Entrada_Dados - INFO - ✅ Nenhuma duplicata encontrada para: EDMAR RIBEIRO - SALÁRIO
2025-10-17 17:44:44,184 - sistema - Sistema_Entrada_Dados - ERROR - 🔍 MÉTODO DE VERIFICAÇÃO FOI CHAMADO!
2025-10-17 17:44:44,185 - sistema - Sistema_Entrada_Dados - INFO - === INICIANDO VERIFICAÇÃO DE DUPLICIDADE ===
2025-10-17 17:44:44,185 - sistema - Sistema_Entrada_Dados - INFO - Dados novos: GERALDO ROSA JUNIOR | SALÁRIO | R$ 2118.26 | 20/10/2025
2025-10-17 17:44:44,196 - sistema - Sistema_Entrada_Dados - INFO - ✅ Nenhuma duplicata encontrada para: GERALDO ROSA JUNIOR - SALÁRIO
2025-10-17 17:44:44,197 - sistema - Sistema_Entrada_Dados - INFO - Lançamento inserido com ID 126 na linha 127
2025-10-17 17:44:44,197 - sistema - Sistema_Entrada_Dados - INFO - Lançamento inserido com ID 127 na linha 128
2025-10-17 17:44:44,200 - sistema - Sistema_Entrada_Dados - INFO - Lançamento inserido com ID 128 na linha 129
2025-10-17 17:44:44,201 - sistema - Sistema_Entrada_Dados - INFO - Lançamento inserido com ID 129 na linha 130
2025-10-17 17:44:44,416 - sistema - Sistema_Entrada_Dados - INFO - Iniciando verificação de recálculo para 1 datas
2025-10-17 17:44:44,921 - sistema - Sistema_Entrada_Dados - INFO - Verificando necessidade de recálculo para 2025-10-20
2025-10-17 17:44:44,921 - sistema - Sistema_Entrada_Dados - ERROR - Erro ao verificar recálculo para 2025-10-20: 'SistemaEntradaDados' object has no attribute 'chamar_apos_operacao_lancamento'
2025-10-17 17:44:47,274 - sistema - Sistema_Entrada_Dados - INFO - Limpando 4 registros salvos da visualização
2025-10-17 17:44:47,302 - sistema - Sistema_Entrada_Dados - INFO - Visualizador fechado - todos os registros foram processados
2025-10-17 17:44:47,306 - sistema - Sistema_Entrada_Dados - INFO - Dados salvos removidos com sucesso da visualização
2025-10-17 17:44:59,328 - sistema - logger_config - INFO - Sistema de logging inicializado
2025-10-17 17:44:59,329 - sistema_principal - logger_config - INFO - Usuário alterado para: sistema_principal
2025-10-17 17:44:59,329 - sistema_principal - sistema_principal - INFO - Abrindo sistema de relatórios
2025-10-17 17:44:59,571 - sistema_relatorios - logger_config - INFO - Usuário alterado para: sistema_relatorios
2025-10-17 17:44:59,571 - sistema_relatorios - relatorios_interface - INFO - Sistema de relatórios inicializando usando logger configurado
2025-10-17 17:44:59,571 - sistema_relatorios - relatorios_interface - INFO - Configurações de janela importadas com sucesso
2025-10-17 17:44:59,571 - sistema_relatorios - relatorios_interface - INFO - === Sistema de Relatórios Inicializando ===
2025-10-17 17:45:01,729 - sistema_relatorios - relatorios_interface - INFO - Carregando clientes de: H:\.shortcut-targets-by-id\195uuohIL_ZKum7lhwu-OzJCH_CGAb97G\Relatórios\Financeiro\Planilhas_Base\clientes.xlsx
2025-10-17 17:45:01,792 - sistema_relatorios - relatorios_interface - INFO - Colunas disponíveis: ['Nome', 'Endereço', 'Data Inicial', 'Observações', 'Data Final', 'Unnamed: 5']
2025-10-17 17:45:01,792 - sistema_relatorios - relatorios_interface - INFO - Coluna de status: Data Final
2025-10-17 17:45:01,792 - sistema_relatorios - relatorios_interface - INFO - Coluna de nome: Nome
2025-10-17 17:45:01,792 - sistema_relatorios - relatorios_interface - INFO - Total de clientes ativos encontrados: 17
2025-10-17 17:45:01,792 - sistema_relatorios - relatorios_interface - INFO - Lista de clientes atualizada com 18 clientes
2025-10-17 17:45:01,834 - sistema_relatorios - relatorios_interface - INFO - Carregando clientes de: H:\.shortcut-targets-by-id\195uuohIL_ZKum7lhwu-OzJCH_CGAb97G\Relatórios\Financeiro\Planilhas_Base\clientes.xlsx
2025-10-17 17:45:01,868 - sistema_relatorios - relatorios_interface - INFO - Colunas disponíveis: ['Nome', 'Endereço', 'Data Inicial', 'Observações', 'Data Final', 'Unnamed: 5']
2025-10-17 17:45:01,869 - sistema_relatorios - relatorios_interface - INFO - Coluna de status: Data Final
2025-10-17 17:45:01,870 - sistema_relatorios - relatorios_interface - INFO - Coluna de nome: Nome
2025-10-17 17:45:01,870 - sistema_relatorios - relatorios_interface - INFO - Total de clientes ativos encontrados: 17
2025-10-17 17:45:01,873 - sistema_relatorios - relatorios_interface - INFO - Lista de clientes carregada com 18 itens
2025-10-17 17:45:06,664 - sistema_relatorios - relatorios_interface - INFO - Data calculada automaticamente: 20/10/2025
2025-10-17 17:45:06,664 - sistema_relatorios - relatorios_interface - INFO - Data calculada automaticamente: 20/10/2025
2025-10-17 17:45:12,182 - sistema_relatorios - relatorios_interface - INFO - Cliente selecionado: ELLIAS MAGALHAES E ABREU LIMA
2025-10-17 17:45:12,198 - sistema_relatorios - relatorios_interface - INFO - Arquivo encontrado: H:\.shortcut-targets-by-id\195uuohIL_ZKum7lhwu-OzJCH_CGAb97G\Relatórios\Financeiro\Clientes\ELLIAS MAGALHAES E ABREU LIMA.xlsx
2025-10-17 17:45:12,198 - sistema_relatorios - relatorios_interface - INFO - Arquivo encontrado: H:\.shortcut-targets-by-id\195uuohIL_ZKum7lhwu-OzJCH_CGAb97G\Relatórios\Financeiro\Clientes\ELLIAS MAGALHAES E ABREU LIMA.xlsx
2025-10-17 17:45:16,260 - sistema_relatorios - relatorios_interface - INFO - 🔍 INICIANDO gerar_relatorio para: despesas
2025-10-17 17:45:16,276 - sistema_relatorios - relatorios_interface - INFO - 🎯 PROCESSANDO: Relatório de despesas
2025-10-17 17:45:16,276 - sistema_relatorios - relatorios_interface - INFO - 🎯 PROCESSANDO DESPESAS - ARQUITETURA LIMPA
2025-10-17 17:45:16,276 - sistema_relatorios - relatorios_interface - INFO - Data final obtida: 2025-10-20 00:00:00 (tipo: <class 'datetime.datetime'>)
2025-10-17 17:45:16,276 - sistema_relatorios - relatorios_interface - INFO - ✅ Arquivo encontrado em arquivo_cliente_selecionado: H:\.shortcut-targets-by-id\195uuohIL_ZKum7lhwu-OzJCH_CGAb97G\Relatórios\Financeiro\Clientes\ELLIAS MAGALHAES E ABREU LIMA.xlsx
2025-10-17 17:45:16,276 - sistema_relatorios - relatorios_interface - INFO - ✅ Arquivo final nas configurações: H:\.shortcut-targets-by-id\195uuohIL_ZKum7lhwu-OzJCH_CGAb97G\Relatórios\Financeiro\Clientes\ELLIAS MAGALHAES E ABREU LIMA.xlsx
2025-10-17 17:45:16,276 - sistema_relatorios - relatorios_interface - INFO - ✅ Configurações coletadas
2025-10-17 17:45:16,283 - sistema_relatorios - relatorios_interface - INFO - ✅ Arquivo confirmado: ELLIAS MAGALHAES E ABREU LIMA.xlsx
2025-10-17 17:45:18,052 - sistema_relatorios - relatorios_interface - INFO - Modo selecionado: Preview
2025-10-17 17:45:18,052 - sistema_relatorios - relatorios_interface - INFO - 🎯 EXECUTANDO COM PREVIEW DIRETO - PDF TEMPORÁRIO
2025-10-17 17:45:19,004 - sistema_relatorios - relatorios_interface - INFO - ✅ Janela de decisão criada
2025-10-17 17:56:46,401 - sistema_relatorios - relatorios_interface - INFO - 🗑️ PDF temporário agendado para remoção: PREVIEW_ELLIAS_MAGALHAES_E_ABREU_LIMA_20251017_174518.pdf
2025-10-17 17:56:47,846 - sistema_relatorios - relatorios_interface - INFO - Solicitado retorno ao menu principal
2025-10-17 17:56:47,846 - sistema_relatorios - relatorios_interface - INFO - Retornando ao menu principal existente
2025-10-17 17:56:47,961 - sistema_relatorios - relatorios_interface - INFO - Retorno ao menu principal concluído
