2025-07-08 14:14:04,377 - sistema - logger_config - INFO - Sistema de logging inicializado
2025-07-08 14:14:04,391 - sistema_principal - logger_config - INFO - Usuário alterado para: sistema_principal
2025-07-08 14:14:04,392 - sistema_principal - sistema_principal - INFO - Abrindo sistema de relatórios
2025-07-08 14:14:04,698 - sistema_relatorios - logger_config - INFO - Usuário alterado para: sistema_relatorios
2025-07-08 14:14:04,698 - sistema_relatorios - relatorios_interface - INFO - Sistema de relatórios inicializando usando logger configurado
2025-07-08 14:14:04,698 - sistema_relatorios - relatorios_interface - INFO - Configurações de janela importadas com sucesso
2025-07-08 14:14:04,698 - sistema_relatorios - relatorios_interface - INFO - === Sistema de Relatórios Inicializando ===
2025-07-08 14:14:11,624 - sistema_relatorios - relatorios_interface - INFO - Carregando clientes de: C:\Users\Obras\sistema_gestao_testes\testes\Financeiro\Planilhas_Base\clientes.xlsx
2025-07-08 14:14:11,721 - sistema_relatorios - relatorios_interface - INFO - Colunas disponíveis: ['Nome', 'Endereço', 'Data Inicial', 'Observações', 'Data Final']
2025-07-08 14:14:11,722 - sistema_relatorios - relatorios_interface - INFO - Coluna de status: Data Final
2025-07-08 14:14:11,722 - sistema_relatorios - relatorios_interface - INFO - Coluna de nome: Nome
2025-07-08 14:14:11,740 - sistema_relatorios - relatorios_interface - INFO - Total de clientes ativos encontrados: 14
2025-07-08 14:14:11,742 - sistema_relatorios - relatorios_interface - INFO - Lista de clientes atualizada com 15 clientes
2025-07-08 14:14:11,777 - sistema_relatorios - relatorios_interface - INFO - Carregando clientes de: C:\Users\Obras\sistema_gestao_testes\testes\Financeiro\Planilhas_Base\clientes.xlsx
2025-07-08 14:14:11,795 - sistema_relatorios - relatorios_interface - INFO - Colunas disponíveis: ['Nome', 'Endereço', 'Data Inicial', 'Observações', 'Data Final']
2025-07-08 14:14:11,796 - sistema_relatorios - relatorios_interface - INFO - Coluna de status: Data Final
2025-07-08 14:14:11,800 - sistema_relatorios - relatorios_interface - INFO - Coluna de nome: Nome
2025-07-08 14:14:11,801 - sistema_relatorios - relatorios_interface - INFO - Total de clientes ativos encontrados: 14
2025-07-08 14:14:11,801 - sistema_relatorios - relatorios_interface - INFO - Lista de clientes carregada com 15 itens
2025-07-08 14:14:13,532 - sistema_relatorios - relatorios_interface - INFO - Data calculada automaticamente: 20/07/2025
2025-07-08 14:14:13,547 - sistema_relatorios - relatorios_interface - INFO - Data calculada automaticamente: 20/07/2025
2025-07-08 14:14:18,314 - sistema_relatorios - relatorios_interface - INFO - Modo manual ativado
2025-07-08 14:14:29,252 - sistema_relatorios - relatorios_interface - INFO - Cliente selecionado: CLEVER LUIZ SALVADOR
2025-07-08 14:14:29,252 - sistema_relatorios - relatorios_interface - INFO - Arquivo encontrado: C:\Users\Obras\sistema_gestao_testes\testes\Financeiro\Clientes\CLEVER LUIZ SALVADOR.xlsx
2025-07-08 14:14:29,252 - sistema_relatorios - relatorios_interface - INFO - Arquivo encontrado: C:\Users\Obras\sistema_gestao_testes\testes\Financeiro\Clientes\CLEVER LUIZ SALVADOR.xlsx
2025-07-08 14:14:32,669 - sistema_relatorios - relatorios_interface - INFO - 🔍 INICIANDO gerar_relatorio para: despesas
2025-07-08 14:14:32,669 - sistema_relatorios - relatorios_interface - INFO - 🎯 PROCESSANDO: Relatório de despesas
2025-07-08 14:14:32,669 - sistema_relatorios - relatorios_interface - INFO - 🎯 PROCESSANDO DESPESAS - ARQUITETURA LIMPA
2025-07-08 14:14:32,669 - sistema_relatorios - relatorios_interface - INFO - Data final obtida: 2025-06-20 00:00:00 (tipo: <class 'datetime.datetime'>)
2025-07-08 14:14:32,669 - sistema_relatorios - relatorios_interface - INFO - ✅ Arquivo encontrado em arquivo_cliente_selecionado: C:\Users\Obras\sistema_gestao_testes\testes\Financeiro\Clientes\CLEVER LUIZ SALVADOR.xlsx
2025-07-08 14:14:32,669 - sistema_relatorios - relatorios_interface - INFO - ✅ Arquivo final nas configurações: C:\Users\Obras\sistema_gestao_testes\testes\Financeiro\Clientes\CLEVER LUIZ SALVADOR.xlsx
2025-07-08 14:14:32,669 - sistema_relatorios - relatorios_interface - INFO - ✅ Configurações coletadas
2025-07-08 14:14:32,688 - sistema_relatorios - relatorios_interface - INFO - ✅ Arquivo confirmado: CLEVER LUIZ SALVADOR.xlsx
2025-07-08 14:14:34,743 - sistema_relatorios - relatorios_interface - INFO - Modo selecionado: Preview
2025-07-08 14:14:34,743 - sistema_relatorios - relatorios_interface - INFO - 🎯 EXECUTANDO COM PREVIEW - DELEGAÇÃO PARA SERVIÇO
2025-07-08 14:14:34,758 - sistema_relatorios - relatorios_interface - INFO - 🔧 Delegando processamento para RelatoriosDespesasService...
2025-07-08 14:14:35,633 - sistema_relatorios - relatorios_interface - INFO - ✅ Dados processados pelo serviço
2025-07-08 14:14:35,636 - sistema_relatorios - relatorios_interface - INFO - 🔧 Abrindo preview com dados do serviço...
2025-07-08 14:14:35,638 - sistema_relatorios - relatorios_interface - INFO - 🎯 MOSTRANDO PREVIEW COM DADOS DO SERVIÇO - VERSÃO CORRIGIDA
2025-07-08 14:14:35,646 - sistema_relatorios - relatorios_interface - INFO - ✅ Importado de src.relatorio_despesas_aprimorado
2025-07-08 14:14:35,648 - sistema_relatorios - relatorios_interface - INFO - 🔧 CRIANDO PREVIEW COM PDF TEMPORÁRIO
2025-07-08 14:14:35,804 - sistema_relatorios - relatorios_interface - INFO - ✅ Preview com PDF temporário criado
2025-07-08 14:14:35,804 - sistema_relatorios - relatorios_interface - ERROR - ❌ Erro com VisualizadorRelatorio: name 'visualizador' is not defined
2025-07-08 14:14:35,804 - sistema_relatorios - relatorios_interface - INFO - 🔄 Tentando preview alternativo...
2025-07-08 14:14:35,819 - sistema_relatorios - relatorios_interface - INFO - 🔧 CRIANDO PREVIEW COM PDF TEMPORÁRIO
2025-07-08 14:14:35,888 - sistema_relatorios - relatorios_interface - INFO - ✅ Preview com PDF temporário criado
2025-07-08 14:14:36,622 - sistema_relatorios - relatorios_interface - INFO - ✅ PDF temporário: C:\Users\Obras\AppData\Local\Temp\PREVIEW_CLEVER_LUIZ_SALVADOR_20250708_141436.pdf
2025-07-08 14:14:36,871 - sistema_relatorios - relatorios_interface - INFO - ✅ PDF temporário: C:\Users\Obras\AppData\Local\Temp\PREVIEW_CLEVER_LUIZ_SALVADOR_20250708_141436.pdf
2025-07-08 14:14:48,191 - sistema_relatorios - relatorios_interface - INFO - 📖 Abrindo PDF temporário: C:\Users\Obras\AppData\Local\Temp\PREVIEW_CLEVER_LUIZ_SALVADOR_20250708_141436.pdf
2025-07-08 14:15:35,090 - sistema_relatorios - relatorios_interface - INFO - 🗑️ PDF temporário removido: C:\Users\Obras\AppData\Local\Temp\PREVIEW_CLEVER_LUIZ_SALVADOR_20250708_141436.pdf
2025-07-08 14:15:40,156 - sistema_relatorios - relatorios_interface - INFO - Solicitado retorno ao menu principal
2025-07-08 14:15:40,156 - sistema_relatorios - relatorios_interface - INFO - Retornando ao menu principal existente
2025-07-08 14:15:40,235 - sistema_relatorios - relatorios_interface - INFO - Retorno ao menu principal concluído
2025-07-08 14:18:53,975 - sistema - logger_config - INFO - Sistema de logging inicializado
2025-07-08 14:18:53,986 - sistema_principal - logger_config - INFO - Usuário alterado para: sistema_principal
2025-07-08 14:18:53,986 - sistema_principal - sistema_principal - INFO - Abrindo sistema de relatórios
2025-07-08 14:18:54,198 - sistema_relatorios - logger_config - INFO - Usuário alterado para: sistema_relatorios
2025-07-08 14:18:54,198 - sistema_relatorios - relatorios_interface - INFO - Sistema de relatórios inicializando usando logger configurado
2025-07-08 14:18:54,198 - sistema_relatorios - relatorios_interface - INFO - Configurações de janela importadas com sucesso
2025-07-08 14:18:54,198 - sistema_relatorios - relatorios_interface - INFO - === Sistema de Relatórios Inicializando ===
2025-07-08 14:20:16,548 - sistema - logger_config - INFO - Sistema de logging inicializado
2025-07-08 14:20:16,548 - sistema_principal - logger_config - INFO - Usuário alterado para: sistema_principal
2025-07-08 14:20:16,559 - sistema_principal - sistema_principal - INFO - Abrindo sistema de relatórios
2025-07-08 14:20:16,766 - sistema_relatorios - logger_config - INFO - Usuário alterado para: sistema_relatorios
2025-07-08 14:20:16,766 - sistema_relatorios - relatorios_interface - INFO - Sistema de relatórios inicializando usando logger configurado
2025-07-08 14:20:16,766 - sistema_relatorios - relatorios_interface - INFO - Configurações de janela importadas com sucesso
2025-07-08 14:20:16,766 - sistema_relatorios - relatorios_interface - INFO - === Sistema de Relatórios Inicializando ===
2025-07-08 14:20:18,216 - sistema_relatorios - relatorios_interface - INFO - Carregando clientes de: C:\Users\Obras\sistema_gestao_testes\testes\Financeiro\Planilhas_Base\clientes.xlsx
2025-07-08 14:20:18,286 - sistema_relatorios - relatorios_interface - INFO - Colunas disponíveis: ['Nome', 'Endereço', 'Data Inicial', 'Observações', 'Data Final']
2025-07-08 14:20:18,286 - sistema_relatorios - relatorios_interface - INFO - Coluna de status: Data Final
2025-07-08 14:20:18,309 - sistema_relatorios - relatorios_interface - INFO - Coluna de nome: Nome
2025-07-08 14:20:18,309 - sistema_relatorios - relatorios_interface - INFO - Total de clientes ativos encontrados: 14
2025-07-08 14:20:18,314 - sistema_relatorios - relatorios_interface - INFO - Lista de clientes atualizada com 15 clientes
2025-07-08 14:20:18,338 - sistema_relatorios - relatorios_interface - INFO - Carregando clientes de: C:\Users\Obras\sistema_gestao_testes\testes\Financeiro\Planilhas_Base\clientes.xlsx
2025-07-08 14:20:18,360 - sistema_relatorios - relatorios_interface - INFO - Colunas disponíveis: ['Nome', 'Endereço', 'Data Inicial', 'Observações', 'Data Final']
2025-07-08 14:20:18,360 - sistema_relatorios - relatorios_interface - INFO - Coluna de status: Data Final
2025-07-08 14:20:18,365 - sistema_relatorios - relatorios_interface - INFO - Coluna de nome: Nome
2025-07-08 14:20:18,365 - sistema_relatorios - relatorios_interface - INFO - Total de clientes ativos encontrados: 14
2025-07-08 14:20:18,367 - sistema_relatorios - relatorios_interface - INFO - Lista de clientes carregada com 15 itens
2025-07-08 14:20:20,421 - sistema_relatorios - relatorios_interface - INFO - Data calculada automaticamente: 20/07/2025
2025-07-08 14:20:20,421 - sistema_relatorios - relatorios_interface - INFO - Data calculada automaticamente: 20/07/2025
2025-07-08 14:20:29,724 - sistema_relatorios - relatorios_interface - INFO - Solicitado retorno ao menu principal
2025-07-08 14:20:29,724 - sistema_relatorios - relatorios_interface - INFO - Retornando ao menu principal existente
2025-07-08 14:20:29,809 - sistema_relatorios - relatorios_interface - INFO - Retorno ao menu principal concluído
2025-07-08 14:24:25,190 - sistema - logger_config - INFO - Sistema de logging inicializado
2025-07-08 14:24:25,190 - sistema_principal - logger_config - INFO - Usuário alterado para: sistema_principal
2025-07-08 14:24:25,190 - sistema_principal - sistema_principal - INFO - Abrindo sistema de relatórios
2025-07-08 14:24:25,395 - sistema_relatorios - logger_config - INFO - Usuário alterado para: sistema_relatorios
2025-07-08 14:24:25,411 - sistema_relatorios - relatorios_interface - INFO - Sistema de relatórios inicializando usando logger configurado
2025-07-08 14:24:25,411 - sistema_relatorios - relatorios_interface - INFO - Configurações de janela importadas com sucesso
2025-07-08 14:24:25,411 - sistema_relatorios - relatorios_interface - INFO - === Sistema de Relatórios Inicializando ===
2025-07-08 14:24:27,070 - sistema_relatorios - relatorios_interface - INFO - Carregando clientes de: C:\Users\Obras\sistema_gestao_testes\testes\Financeiro\Planilhas_Base\clientes.xlsx
2025-07-08 14:24:27,118 - sistema_relatorios - relatorios_interface - INFO - Colunas disponíveis: ['Nome', 'Endereço', 'Data Inicial', 'Observações', 'Data Final']
2025-07-08 14:24:27,118 - sistema_relatorios - relatorios_interface - INFO - Coluna de status: Data Final
2025-07-08 14:24:27,118 - sistema_relatorios - relatorios_interface - INFO - Coluna de nome: Nome
2025-07-08 14:24:27,118 - sistema_relatorios - relatorios_interface - INFO - Total de clientes ativos encontrados: 14
2025-07-08 14:24:27,132 - sistema_relatorios - relatorios_interface - INFO - Lista de clientes atualizada com 15 clientes
2025-07-08 14:24:27,167 - sistema_relatorios - relatorios_interface - INFO - Carregando clientes de: C:\Users\Obras\sistema_gestao_testes\testes\Financeiro\Planilhas_Base\clientes.xlsx
2025-07-08 14:24:27,191 - sistema_relatorios - relatorios_interface - INFO - Colunas disponíveis: ['Nome', 'Endereço', 'Data Inicial', 'Observações', 'Data Final']
2025-07-08 14:24:27,192 - sistema_relatorios - relatorios_interface - INFO - Coluna de status: Data Final
2025-07-08 14:24:27,195 - sistema_relatorios - relatorios_interface - INFO - Coluna de nome: Nome
2025-07-08 14:24:27,196 - sistema_relatorios - relatorios_interface - INFO - Total de clientes ativos encontrados: 14
2025-07-08 14:24:27,198 - sistema_relatorios - relatorios_interface - INFO - Lista de clientes carregada com 15 itens
2025-07-08 14:24:28,515 - sistema_relatorios - relatorios_interface - INFO - Data calculada automaticamente: 20/07/2025
2025-07-08 14:24:28,515 - sistema_relatorios - relatorios_interface - INFO - Data calculada automaticamente: 20/07/2025
2025-07-08 14:25:02,737 - sistema_relatorios - relatorios_interface - INFO - Solicitado retorno ao menu principal
2025-07-08 14:25:02,737 - sistema_relatorios - relatorios_interface - INFO - Retornando ao menu principal existente
2025-07-08 14:25:02,827 - sistema_relatorios - relatorios_interface - INFO - Retorno ao menu principal concluído
2025-07-08 14:26:46,150 - sistema - logger_config - INFO - Sistema de logging inicializado
2025-07-08 14:26:46,150 - sistema_principal - logger_config - INFO - Usuário alterado para: sistema_principal
2025-07-08 14:26:46,150 - sistema_principal - sistema_principal - INFO - Abrindo sistema de relatórios
2025-07-08 14:26:46,359 - sistema_relatorios - logger_config - INFO - Usuário alterado para: sistema_relatorios
2025-07-08 14:26:46,359 - sistema_relatorios - relatorios_interface - INFO - Sistema de relatórios inicializando usando logger configurado
2025-07-08 14:26:46,359 - sistema_relatorios - relatorios_interface - INFO - Configurações de janela importadas com sucesso
2025-07-08 14:26:46,359 - sistema_relatorios - relatorios_interface - INFO - === Sistema de Relatórios Inicializando ===
2025-07-08 14:26:47,878 - sistema_relatorios - relatorios_interface - INFO - Carregando clientes de: C:\Users\Obras\sistema_gestao_testes\testes\Financeiro\Planilhas_Base\clientes.xlsx
2025-07-08 14:26:47,916 - sistema_relatorios - relatorios_interface - INFO - Colunas disponíveis: ['Nome', 'Endereço', 'Data Inicial', 'Observações', 'Data Final']
2025-07-08 14:26:47,916 - sistema_relatorios - relatorios_interface - INFO - Coluna de status: Data Final
2025-07-08 14:26:47,916 - sistema_relatorios - relatorios_interface - INFO - Coluna de nome: Nome
2025-07-08 14:26:47,916 - sistema_relatorios - relatorios_interface - INFO - Total de clientes ativos encontrados: 14
2025-07-08 14:26:47,916 - sistema_relatorios - relatorios_interface - INFO - Lista de clientes atualizada com 15 clientes
2025-07-08 14:26:47,947 - sistema_relatorios - relatorios_interface - INFO - Carregando clientes de: C:\Users\Obras\sistema_gestao_testes\testes\Financeiro\Planilhas_Base\clientes.xlsx
2025-07-08 14:26:47,971 - sistema_relatorios - relatorios_interface - INFO - Colunas disponíveis: ['Nome', 'Endereço', 'Data Inicial', 'Observações', 'Data Final']
2025-07-08 14:26:47,972 - sistema_relatorios - relatorios_interface - INFO - Coluna de status: Data Final
2025-07-08 14:26:47,972 - sistema_relatorios - relatorios_interface - INFO - Coluna de nome: Nome
2025-07-08 14:26:47,972 - sistema_relatorios - relatorios_interface - INFO - Total de clientes ativos encontrados: 14
2025-07-08 14:26:47,972 - sistema_relatorios - relatorios_interface - INFO - Lista de clientes carregada com 15 itens
2025-07-08 14:26:49,163 - sistema_relatorios - relatorios_interface - INFO - Data calculada automaticamente: 20/07/2025
2025-07-08 14:26:49,163 - sistema_relatorios - relatorios_interface - INFO - Data calculada automaticamente: 20/07/2025
2025-07-08 14:26:54,180 - sistema_relatorios - relatorios_interface - INFO - Modo manual ativado
2025-07-08 14:27:04,486 - sistema_relatorios - relatorios_interface - INFO - Cliente selecionado: CLEVER LUIZ SALVADOR
2025-07-08 14:27:04,486 - sistema_relatorios - relatorios_interface - INFO - Arquivo encontrado: C:\Users\Obras\sistema_gestao_testes\testes\Financeiro\Clientes\CLEVER LUIZ SALVADOR.xlsx
2025-07-08 14:27:04,503 - sistema_relatorios - relatorios_interface - INFO - Arquivo encontrado: C:\Users\Obras\sistema_gestao_testes\testes\Financeiro\Clientes\CLEVER LUIZ SALVADOR.xlsx
2025-07-08 14:27:18,067 - sistema_relatorios - relatorios_interface - INFO - 🔍 INICIANDO gerar_relatorio para: despesas
2025-07-08 14:27:18,067 - sistema_relatorios - relatorios_interface - INFO - 🎯 PROCESSANDO: Relatório de despesas
2025-07-08 14:27:18,067 - sistema_relatorios - relatorios_interface - INFO - 🎯 PROCESSANDO DESPESAS - ARQUITETURA LIMPA
2025-07-08 14:27:18,067 - sistema_relatorios - relatorios_interface - INFO - Data final obtida: 2025-06-20 00:00:00 (tipo: <class 'datetime.datetime'>)
2025-07-08 14:27:18,067 - sistema_relatorios - relatorios_interface - INFO - ✅ Arquivo encontrado em arquivo_cliente_selecionado: C:\Users\Obras\sistema_gestao_testes\testes\Financeiro\Clientes\CLEVER LUIZ SALVADOR.xlsx
2025-07-08 14:27:18,067 - sistema_relatorios - relatorios_interface - INFO - ✅ Arquivo final nas configurações: C:\Users\Obras\sistema_gestao_testes\testes\Financeiro\Clientes\CLEVER LUIZ SALVADOR.xlsx
2025-07-08 14:27:18,067 - sistema_relatorios - relatorios_interface - INFO - ✅ Configurações coletadas
2025-07-08 14:27:18,067 - sistema_relatorios - relatorios_interface - INFO - ✅ Arquivo confirmado: CLEVER LUIZ SALVADOR.xlsx
2025-07-08 14:27:22,491 - sistema_relatorios - relatorios_interface - INFO - Modo selecionado: Preview
2025-07-08 14:27:22,491 - sistema_relatorios - relatorios_interface - INFO - 🎯 EXECUTANDO COM PREVIEW - DELEGAÇÃO PARA SERVIÇO
2025-07-08 14:27:22,513 - sistema_relatorios - relatorios_interface - INFO - 🔧 Delegando processamento para RelatoriosDespesasService...
2025-07-08 14:27:23,295 - sistema_relatorios - relatorios_interface - INFO - ✅ Dados processados pelo serviço
2025-07-08 14:27:23,298 - sistema_relatorios - relatorios_interface - INFO - 🔧 Abrindo preview com dados do serviço...
2025-07-08 14:27:23,299 - sistema_relatorios - relatorios_interface - INFO - 🎯 MOSTRANDO PREVIEW COM DADOS DO SERVIÇO - VERSÃO CORRIGIDA
2025-07-08 14:27:23,305 - sistema_relatorios - relatorios_interface - INFO - ✅ Importado de src.relatorio_despesas_aprimorado
2025-07-08 14:27:23,309 - sistema_relatorios - relatorios_interface - INFO - 🔧 CRIANDO PREVIEW COM PDF TEMPORÁRIO
2025-07-08 14:27:23,462 - sistema_relatorios - relatorios_interface - INFO - ✅ Preview com PDF temporário criado
2025-07-08 14:27:23,462 - sistema_relatorios - relatorios_interface - ERROR - ❌ Erro com VisualizadorRelatorio: name 'visualizador' is not defined
2025-07-08 14:27:23,462 - sistema_relatorios - relatorios_interface - INFO - 🔄 Tentando preview alternativo...
2025-07-08 14:27:23,462 - sistema_relatorios - relatorios_interface - INFO - 🔧 CRIANDO PREVIEW COM PDF TEMPORÁRIO
2025-07-08 14:27:23,536 - sistema_relatorios - relatorios_interface - INFO - ✅ Preview com PDF temporário criado
2025-07-08 14:27:24,247 - sistema_relatorios - relatorios_interface - INFO - ✅ PDF temporário: C:\Users\Obras\AppData\Local\Temp\PREVIEW_CLEVER_LUIZ_SALVADOR_20250708_142723.pdf
2025-07-08 14:27:24,496 - sistema_relatorios - relatorios_interface - INFO - ✅ PDF temporário: C:\Users\Obras\AppData\Local\Temp\PREVIEW_CLEVER_LUIZ_SALVADOR_20250708_142724.pdf
2025-07-08 14:27:27,175 - sistema_relatorios - relatorios_interface - INFO - 📖 Abrindo PDF temporário: C:\Users\Obras\AppData\Local\Temp\PREVIEW_CLEVER_LUIZ_SALVADOR_20250708_142724.pdf
2025-07-08 14:27:42,449 - sistema_relatorios - relatorios_interface - INFO - 🚀 Gerando PDF definitivo...
2025-07-08 14:28:06,371 - sistema_relatorios - relatorios_interface - INFO - 🗑️ PDF temporário removido: C:\Users\Obras\AppData\Local\Temp\PREVIEW_CLEVER_LUIZ_SALVADOR_20250708_142724.pdf
2025-07-08 14:28:11,762 - sistema_relatorios - relatorios_interface - INFO - Solicitado retorno ao menu principal
2025-07-08 14:28:11,762 - sistema_relatorios - relatorios_interface - INFO - Retornando ao menu principal existente
2025-07-08 14:28:11,921 - sistema_relatorios - relatorios_interface - INFO - Retorno ao menu principal concluído
2025-07-08 14:32:01,318 - sistema - logger_config - INFO - Sistema de logging inicializado
2025-07-08 14:32:01,318 - sistema_principal - logger_config - INFO - Usuário alterado para: sistema_principal
2025-07-08 14:32:01,321 - sistema_principal - sistema_principal - INFO - Abrindo sistema de relatórios
2025-07-08 14:32:01,504 - sistema_relatorios - logger_config - INFO - Usuário alterado para: sistema_relatorios
2025-07-08 14:32:01,504 - sistema_relatorios - relatorios_interface - INFO - Sistema de relatórios inicializando usando logger configurado
2025-07-08 14:32:01,504 - sistema_relatorios - relatorios_interface - INFO - Configurações de janela importadas com sucesso
2025-07-08 14:32:01,520 - sistema_relatorios - relatorios_interface - INFO - === Sistema de Relatórios Inicializando ===
2025-07-08 14:32:02,959 - sistema_relatorios - relatorios_interface - INFO - Carregando clientes de: C:\Users\Obras\sistema_gestao_testes\testes\Financeiro\Planilhas_Base\clientes.xlsx
2025-07-08 14:32:02,999 - sistema_relatorios - relatorios_interface - INFO - Colunas disponíveis: ['Nome', 'Endereço', 'Data Inicial', 'Observações', 'Data Final']
2025-07-08 14:32:02,999 - sistema_relatorios - relatorios_interface - INFO - Coluna de status: Data Final
2025-07-08 14:32:03,013 - sistema_relatorios - relatorios_interface - INFO - Coluna de nome: Nome
2025-07-08 14:32:03,014 - sistema_relatorios - relatorios_interface - INFO - Total de clientes ativos encontrados: 14
2025-07-08 14:32:03,014 - sistema_relatorios - relatorios_interface - INFO - Lista de clientes atualizada com 15 clientes
2025-07-08 14:32:03,038 - sistema_relatorios - relatorios_interface - INFO - Carregando clientes de: C:\Users\Obras\sistema_gestao_testes\testes\Financeiro\Planilhas_Base\clientes.xlsx
2025-07-08 14:32:03,052 - sistema_relatorios - relatorios_interface - INFO - Colunas disponíveis: ['Nome', 'Endereço', 'Data Inicial', 'Observações', 'Data Final']
2025-07-08 14:32:03,061 - sistema_relatorios - relatorios_interface - INFO - Coluna de status: Data Final
2025-07-08 14:32:03,065 - sistema_relatorios - relatorios_interface - INFO - Coluna de nome: Nome
2025-07-08 14:32:03,067 - sistema_relatorios - relatorios_interface - INFO - Total de clientes ativos encontrados: 14
2025-07-08 14:32:03,068 - sistema_relatorios - relatorios_interface - INFO - Lista de clientes carregada com 15 itens
2025-07-08 14:32:04,410 - sistema_relatorios - relatorios_interface - INFO - Data calculada automaticamente: 20/07/2025
2025-07-08 14:32:04,410 - sistema_relatorios - relatorios_interface - INFO - Data calculada automaticamente: 20/07/2025
2025-07-08 14:32:07,872 - sistema_relatorios - relatorios_interface - INFO - Modo manual ativado
2025-07-08 14:32:15,742 - sistema_relatorios - relatorios_interface - INFO - Cliente selecionado: EDUARDO MORENO MARQUES
2025-07-08 14:32:15,742 - sistema_relatorios - relatorios_interface - INFO - Arquivo encontrado: C:\Users\Obras\sistema_gestao_testes\testes\Financeiro\Clientes\EDUARDO MORENO MARQUES.xlsx
2025-07-08 14:32:15,758 - sistema_relatorios - relatorios_interface - INFO - Arquivo encontrado: C:\Users\Obras\sistema_gestao_testes\testes\Financeiro\Clientes\EDUARDO MORENO MARQUES.xlsx
2025-07-08 14:32:18,234 - sistema_relatorios - relatorios_interface - INFO - 🔍 INICIANDO gerar_relatorio para: despesas
2025-07-08 14:32:18,250 - sistema_relatorios - relatorios_interface - INFO - 🎯 PROCESSANDO: Relatório de despesas
2025-07-08 14:32:18,250 - sistema_relatorios - relatorios_interface - INFO - 🎯 PROCESSANDO DESPESAS - ARQUITETURA LIMPA
2025-07-08 14:32:18,250 - sistema_relatorios - relatorios_interface - INFO - Data final obtida: 2025-06-20 00:00:00 (tipo: <class 'datetime.datetime'>)
2025-07-08 14:32:18,250 - sistema_relatorios - relatorios_interface - INFO - ✅ Arquivo encontrado em arquivo_cliente_selecionado: C:\Users\Obras\sistema_gestao_testes\testes\Financeiro\Clientes\EDUARDO MORENO MARQUES.xlsx
2025-07-08 14:32:18,250 - sistema_relatorios - relatorios_interface - INFO - ✅ Arquivo final nas configurações: C:\Users\Obras\sistema_gestao_testes\testes\Financeiro\Clientes\EDUARDO MORENO MARQUES.xlsx
2025-07-08 14:32:18,250 - sistema_relatorios - relatorios_interface - INFO - ✅ Configurações coletadas
2025-07-08 14:32:18,250 - sistema_relatorios - relatorios_interface - INFO - ✅ Arquivo confirmado: EDUARDO MORENO MARQUES.xlsx
2025-07-08 14:32:19,658 - sistema_relatorios - relatorios_interface - INFO - Modo selecionado: Preview
2025-07-08 14:32:19,658 - sistema_relatorios - relatorios_interface - INFO - 🎯 EXECUTANDO COM PREVIEW - DELEGAÇÃO PARA SERVIÇO
2025-07-08 14:32:19,674 - sistema_relatorios - relatorios_interface - INFO - 🔧 Delegando processamento para RelatoriosDespesasService...
2025-07-08 14:32:20,466 - sistema_relatorios - relatorios_interface - INFO - ✅ Dados processados pelo serviço
2025-07-08 14:32:20,470 - sistema_relatorios - relatorios_interface - INFO - 🔧 Abrindo preview com dados do serviço...
2025-07-08 14:32:20,470 - sistema_relatorios - relatorios_interface - INFO - 🎯 MOSTRANDO PREVIEW COM DADOS DO SERVIÇO - VERSÃO CORRIGIDA
2025-07-08 14:32:20,475 - sistema_relatorios - relatorios_interface - INFO - ✅ Importado de src.relatorio_despesas_aprimorado
2025-07-08 14:32:20,479 - sistema_relatorios - relatorios_interface - INFO - 🔧 CRIANDO PREVIEW COM PDF TEMPORÁRIO
2025-07-08 14:32:20,623 - sistema_relatorios - relatorios_interface - INFO - ✅ Preview com PDF temporário criado
2025-07-08 14:32:20,623 - sistema_relatorios - relatorios_interface - ERROR - ❌ Erro com VisualizadorRelatorio: name 'visualizador' is not defined
2025-07-08 14:32:20,623 - sistema_relatorios - relatorios_interface - INFO - 🔄 Tentando preview alternativo...
2025-07-08 14:32:20,639 - sistema_relatorios - relatorios_interface - INFO - 🔧 CRIANDO PREVIEW COM PDF TEMPORÁRIO
2025-07-08 14:32:20,703 - sistema_relatorios - relatorios_interface - INFO - ✅ Preview com PDF temporário criado
2025-07-08 14:32:21,443 - sistema_relatorios - relatorios_interface - INFO - ✅ PDF temporário: C:\Users\Obras\AppData\Local\Temp\PREVIEW_EDUARDO_MORENO_MARQUES_20250708_143221.pdf
2025-07-08 14:32:21,694 - sistema_relatorios - relatorios_interface - INFO - ✅ PDF temporário: C:\Users\Obras\AppData\Local\Temp\PREVIEW_EDUARDO_MORENO_MARQUES_20250708_143221.pdf
2025-07-08 14:32:25,716 - sistema_relatorios - relatorios_interface - INFO - 📖 Abrindo PDF temporário: C:\Users\Obras\AppData\Local\Temp\PREVIEW_EDUARDO_MORENO_MARQUES_20250708_143221.pdf
2025-07-08 14:32:45,559 - sistema_relatorios - relatorios_interface - INFO - 🗑️ PDF temporário removido: C:\Users\Obras\AppData\Local\Temp\PREVIEW_EDUARDO_MORENO_MARQUES_20250708_143221.pdf
2025-07-08 14:32:50,452 - sistema_relatorios - relatorios_interface - INFO - Solicitado retorno ao menu principal
2025-07-08 14:32:50,452 - sistema_relatorios - relatorios_interface - INFO - Retornando ao menu principal existente
2025-07-08 14:32:50,536 - sistema_relatorios - relatorios_interface - INFO - Retorno ao menu principal concluído
2025-07-08 14:34:14,605 - sistema - logger_config - INFO - Sistema de logging inicializado
2025-07-08 14:34:14,605 - sistema_principal - logger_config - INFO - Usuário alterado para: sistema_principal
2025-07-08 14:34:14,616 - sistema_principal - sistema_principal - INFO - Abrindo sistema de relatórios
2025-07-08 14:34:14,804 - sistema_relatorios - logger_config - INFO - Usuário alterado para: sistema_relatorios
2025-07-08 14:34:14,804 - sistema_relatorios - relatorios_interface - INFO - Sistema de relatórios inicializando usando logger configurado
2025-07-08 14:34:14,819 - sistema_relatorios - relatorios_interface - INFO - Configurações de janela importadas com sucesso
2025-07-08 14:34:14,819 - sistema_relatorios - relatorios_interface - INFO - === Sistema de Relatórios Inicializando ===
2025-07-08 14:34:16,314 - sistema_relatorios - relatorios_interface - INFO - Carregando clientes de: C:\Users\Obras\sistema_gestao_testes\testes\Financeiro\Planilhas_Base\clientes.xlsx
2025-07-08 14:34:16,357 - sistema_relatorios - relatorios_interface - INFO - Colunas disponíveis: ['Nome', 'Endereço', 'Data Inicial', 'Observações', 'Data Final']
2025-07-08 14:34:16,359 - sistema_relatorios - relatorios_interface - INFO - Coluna de status: Data Final
2025-07-08 14:34:16,359 - sistema_relatorios - relatorios_interface - INFO - Coluna de nome: Nome
2025-07-08 14:34:16,359 - sistema_relatorios - relatorios_interface - INFO - Total de clientes ativos encontrados: 14
2025-07-08 14:34:16,365 - sistema_relatorios - relatorios_interface - INFO - Lista de clientes atualizada com 15 clientes
2025-07-08 14:34:16,392 - sistema_relatorios - relatorios_interface - INFO - Carregando clientes de: C:\Users\Obras\sistema_gestao_testes\testes\Financeiro\Planilhas_Base\clientes.xlsx
2025-07-08 14:34:16,409 - sistema_relatorios - relatorios_interface - INFO - Colunas disponíveis: ['Nome', 'Endereço', 'Data Inicial', 'Observações', 'Data Final']
2025-07-08 14:34:16,411 - sistema_relatorios - relatorios_interface - INFO - Coluna de status: Data Final
2025-07-08 14:34:16,413 - sistema_relatorios - relatorios_interface - INFO - Coluna de nome: Nome
2025-07-08 14:34:16,415 - sistema_relatorios - relatorios_interface - INFO - Total de clientes ativos encontrados: 14
2025-07-08 14:34:16,417 - sistema_relatorios - relatorios_interface - INFO - Lista de clientes carregada com 15 itens
2025-07-08 14:34:17,570 - sistema_relatorios - relatorios_interface - INFO - Data calculada automaticamente: 20/07/2025
2025-07-08 14:34:17,570 - sistema_relatorios - relatorios_interface - INFO - Data calculada automaticamente: 20/07/2025
2025-07-08 14:34:20,096 - sistema_relatorios - relatorios_interface - INFO - Modo manual ativado
2025-07-08 14:34:29,177 - sistema_relatorios - relatorios_interface - INFO - Cliente selecionado: GILMAR ALMEIDA PORTUGAL
2025-07-08 14:34:29,177 - sistema_relatorios - relatorios_interface - INFO - Arquivo encontrado: C:\Users\Obras\sistema_gestao_testes\testes\Financeiro\Clientes\GILMAR ALMEIDA PORTUGAL.xlsx
2025-07-08 14:34:29,177 - sistema_relatorios - relatorios_interface - INFO - Arquivo encontrado: C:\Users\Obras\sistema_gestao_testes\testes\Financeiro\Clientes\GILMAR ALMEIDA PORTUGAL.xlsx
2025-07-08 14:34:31,401 - sistema_relatorios - relatorios_interface - INFO - 🔍 INICIANDO gerar_relatorio para: despesas
2025-07-08 14:34:31,401 - sistema_relatorios - relatorios_interface - INFO - 🎯 PROCESSANDO: Relatório de despesas
2025-07-08 14:34:31,417 - sistema_relatorios - relatorios_interface - INFO - 🎯 PROCESSANDO DESPESAS - ARQUITETURA LIMPA
2025-07-08 14:34:31,417 - sistema_relatorios - relatorios_interface - INFO - Data final obtida: 2025-06-20 00:00:00 (tipo: <class 'datetime.datetime'>)
2025-07-08 14:34:31,417 - sistema_relatorios - relatorios_interface - INFO - ✅ Arquivo encontrado em arquivo_cliente_selecionado: C:\Users\Obras\sistema_gestao_testes\testes\Financeiro\Clientes\GILMAR ALMEIDA PORTUGAL.xlsx
2025-07-08 14:34:31,417 - sistema_relatorios - relatorios_interface - INFO - ✅ Arquivo final nas configurações: C:\Users\Obras\sistema_gestao_testes\testes\Financeiro\Clientes\GILMAR ALMEIDA PORTUGAL.xlsx
2025-07-08 14:34:31,417 - sistema_relatorios - relatorios_interface - INFO - ✅ Configurações coletadas
2025-07-08 14:34:31,417 - sistema_relatorios - relatorios_interface - INFO - ✅ Arquivo confirmado: GILMAR ALMEIDA PORTUGAL.xlsx
2025-07-08 14:34:33,122 - sistema_relatorios - relatorios_interface - INFO - Modo selecionado: Preview
2025-07-08 14:34:33,122 - sistema_relatorios - relatorios_interface - INFO - 🎯 EXECUTANDO COM PREVIEW - DELEGAÇÃO PARA SERVIÇO
2025-07-08 14:34:33,122 - sistema_relatorios - relatorios_interface - INFO - 🔧 Delegando processamento para RelatoriosDespesasService...
2025-07-08 14:34:34,262 - sistema_relatorios - relatorios_interface - INFO - ✅ Dados processados pelo serviço
2025-07-08 14:34:34,266 - sistema_relatorios - relatorios_interface - INFO - 🔧 Abrindo preview com dados do serviço...
2025-07-08 14:34:34,267 - sistema_relatorios - relatorios_interface - INFO - 🎯 MOSTRANDO PREVIEW COM DADOS DO SERVIÇO - VERSÃO CORRIGIDA
2025-07-08 14:34:34,272 - sistema_relatorios - relatorios_interface - INFO - ✅ Importado de src.relatorio_despesas_aprimorado
2025-07-08 14:34:34,276 - sistema_relatorios - relatorios_interface - INFO - 🔧 CRIANDO PREVIEW COM PDF TEMPORÁRIO
2025-07-08 14:34:34,422 - sistema_relatorios - relatorios_interface - INFO - ✅ Preview com PDF temporário criado
2025-07-08 14:34:34,422 - sistema_relatorios - relatorios_interface - ERROR - ❌ Erro com VisualizadorRelatorio: name 'visualizador' is not defined
2025-07-08 14:34:34,422 - sistema_relatorios - relatorios_interface - INFO - 🔄 Tentando preview alternativo...
2025-07-08 14:34:34,438 - sistema_relatorios - relatorios_interface - INFO - 🔧 CRIANDO PREVIEW COM PDF TEMPORÁRIO
2025-07-08 14:34:34,500 - sistema_relatorios - relatorios_interface - INFO - ✅ Preview com PDF temporário criado
2025-07-08 14:34:35,224 - sistema_relatorios - relatorios_interface - INFO - ✅ PDF temporário: C:\Users\Obras\AppData\Local\Temp\PREVIEW_GILMAR_ALMEIDA_PORTUGAL_20250708_143434.pdf
2025-07-08 14:34:35,525 - sistema_relatorios - relatorios_interface - INFO - ✅ PDF temporário: C:\Users\Obras\AppData\Local\Temp\PREVIEW_GILMAR_ALMEIDA_PORTUGAL_20250708_143435.pdf
2025-07-08 14:34:37,735 - sistema_relatorios - relatorios_interface - INFO - 📖 Abrindo PDF temporário: C:\Users\Obras\AppData\Local\Temp\PREVIEW_GILMAR_ALMEIDA_PORTUGAL_20250708_143435.pdf
2025-07-08 14:34:48,199 - sistema_relatorios - relatorios_interface - INFO - 🗑️ PDF temporário removido: C:\Users\Obras\AppData\Local\Temp\PREVIEW_GILMAR_ALMEIDA_PORTUGAL_20250708_143435.pdf
2025-07-08 14:34:50,657 - sistema_relatorios - relatorios_interface - INFO - Solicitado retorno ao menu principal
2025-07-08 14:34:50,672 - sistema_relatorios - relatorios_interface - INFO - Retornando ao menu principal existente
2025-07-08 14:34:50,750 - sistema_relatorios - relatorios_interface - INFO - Retorno ao menu principal concluído
2025-07-08 14:38:06,222 - sistema - logger_config - INFO - Sistema de logging inicializado
2025-07-08 14:38:06,222 - sistema_principal - logger_config - INFO - Usuário alterado para: sistema_principal
2025-07-08 14:38:06,237 - sistema_principal - sistema_principal - INFO - Abrindo sistema de relatórios
2025-07-08 14:38:06,420 - sistema_relatorios - logger_config - INFO - Usuário alterado para: sistema_relatorios
2025-07-08 14:38:06,420 - sistema_relatorios - relatorios_interface - INFO - Sistema de relatórios inicializando usando logger configurado
2025-07-08 14:38:06,435 - sistema_relatorios - relatorios_interface - INFO - Configurações de janela importadas com sucesso
2025-07-08 14:38:06,435 - sistema_relatorios - relatorios_interface - INFO - === Sistema de Relatórios Inicializando ===
2025-07-08 14:38:07,872 - sistema_relatorios - relatorios_interface - INFO - Carregando clientes de: C:\Users\Obras\sistema_gestao_testes\testes\Financeiro\Planilhas_Base\clientes.xlsx
2025-07-08 14:38:07,924 - sistema_relatorios - relatorios_interface - INFO - Colunas disponíveis: ['Nome', 'Endereço', 'Data Inicial', 'Observações', 'Data Final']
2025-07-08 14:38:07,924 - sistema_relatorios - relatorios_interface - INFO - Coluna de status: Data Final
2025-07-08 14:38:07,924 - sistema_relatorios - relatorios_interface - INFO - Coluna de nome: Nome
2025-07-08 14:38:07,924 - sistema_relatorios - relatorios_interface - INFO - Total de clientes ativos encontrados: 14
2025-07-08 14:38:07,924 - sistema_relatorios - relatorios_interface - INFO - Lista de clientes atualizada com 15 clientes
2025-07-08 14:38:07,958 - sistema_relatorios - relatorios_interface - INFO - Carregando clientes de: C:\Users\Obras\sistema_gestao_testes\testes\Financeiro\Planilhas_Base\clientes.xlsx
2025-07-08 14:38:07,976 - sistema_relatorios - relatorios_interface - INFO - Colunas disponíveis: ['Nome', 'Endereço', 'Data Inicial', 'Observações', 'Data Final']
2025-07-08 14:38:07,976 - sistema_relatorios - relatorios_interface - INFO - Coluna de status: Data Final
2025-07-08 14:38:07,978 - sistema_relatorios - relatorios_interface - INFO - Coluna de nome: Nome
2025-07-08 14:38:07,979 - sistema_relatorios - relatorios_interface - INFO - Total de clientes ativos encontrados: 14
2025-07-08 14:38:07,980 - sistema_relatorios - relatorios_interface - INFO - Lista de clientes carregada com 15 itens
2025-07-08 14:38:08,885 - sistema_relatorios - relatorios_interface - INFO - Data calculada automaticamente: 20/07/2025
2025-07-08 14:38:08,885 - sistema_relatorios - relatorios_interface - INFO - Data calculada automaticamente: 20/07/2025
2025-07-08 14:38:12,427 - sistema_relatorios - relatorios_interface - INFO - Modo manual ativado
2025-07-08 14:38:20,756 - sistema_relatorios - relatorios_interface - INFO - Cliente selecionado: JOSE PAULO DE SOUZA PEIXE
2025-07-08 14:38:20,756 - sistema_relatorios - relatorios_interface - INFO - Arquivo encontrado: C:\Users\Obras\sistema_gestao_testes\testes\Financeiro\Clientes\JOSE PAULO DE SOUZA PEIXE.xlsx
2025-07-08 14:38:20,756 - sistema_relatorios - relatorios_interface - INFO - Arquivo encontrado: C:\Users\Obras\sistema_gestao_testes\testes\Financeiro\Clientes\JOSE PAULO DE SOUZA PEIXE.xlsx
2025-07-08 14:38:22,842 - sistema_relatorios - relatorios_interface - INFO - 🔍 INICIANDO gerar_relatorio para: despesas
2025-07-08 14:38:22,842 - sistema_relatorios - relatorios_interface - INFO - 🎯 PROCESSANDO: Relatório de despesas
2025-07-08 14:38:22,842 - sistema_relatorios - relatorios_interface - INFO - 🎯 PROCESSANDO DESPESAS - ARQUITETURA LIMPA
2025-07-08 14:38:22,842 - sistema_relatorios - relatorios_interface - INFO - Data final obtida: 2025-06-20 00:00:00 (tipo: <class 'datetime.datetime'>)
2025-07-08 14:38:22,842 - sistema_relatorios - relatorios_interface - INFO - ✅ Arquivo encontrado em arquivo_cliente_selecionado: C:\Users\Obras\sistema_gestao_testes\testes\Financeiro\Clientes\JOSE PAULO DE SOUZA PEIXE.xlsx
2025-07-08 14:38:22,842 - sistema_relatorios - relatorios_interface - INFO - ✅ Arquivo final nas configurações: C:\Users\Obras\sistema_gestao_testes\testes\Financeiro\Clientes\JOSE PAULO DE SOUZA PEIXE.xlsx
2025-07-08 14:38:22,842 - sistema_relatorios - relatorios_interface - INFO - ✅ Configurações coletadas
2025-07-08 14:38:22,842 - sistema_relatorios - relatorios_interface - INFO - ✅ Arquivo confirmado: JOSE PAULO DE SOUZA PEIXE.xlsx
2025-07-08 14:38:24,523 - sistema_relatorios - relatorios_interface - INFO - Modo selecionado: Preview
2025-07-08 14:38:24,523 - sistema_relatorios - relatorios_interface - INFO - 🎯 EXECUTANDO COM PREVIEW - DELEGAÇÃO PARA SERVIÇO
2025-07-08 14:38:24,545 - sistema_relatorios - relatorios_interface - INFO - 🔧 Delegando processamento para RelatoriosDespesasService...
2025-07-08 14:38:25,470 - sistema_relatorios - relatorios_interface - INFO - ✅ Dados processados pelo serviço
2025-07-08 14:38:25,477 - sistema_relatorios - relatorios_interface - INFO - 🔧 Abrindo preview com dados do serviço...
2025-07-08 14:38:25,477 - sistema_relatorios - relatorios_interface - INFO - 🎯 MOSTRANDO PREVIEW COM DADOS DO SERVIÇO - VERSÃO CORRIGIDA
2025-07-08 14:38:25,483 - sistema_relatorios - relatorios_interface - INFO - ✅ Importado de src.relatorio_despesas_aprimorado
2025-07-08 14:38:25,486 - sistema_relatorios - relatorios_interface - INFO - 🔧 CRIANDO PREVIEW COM PDF TEMPORÁRIO
2025-07-08 14:38:25,636 - sistema_relatorios - relatorios_interface - INFO - ✅ Preview com PDF temporário criado
2025-07-08 14:38:25,636 - sistema_relatorios - relatorios_interface - ERROR - ❌ Erro com VisualizadorRelatorio: name 'visualizador' is not defined
2025-07-08 14:38:25,636 - sistema_relatorios - relatorios_interface - INFO - 🔄 Tentando preview alternativo...
2025-07-08 14:38:25,636 - sistema_relatorios - relatorios_interface - INFO - 🔧 CRIANDO PREVIEW COM PDF TEMPORÁRIO
2025-07-08 14:38:25,714 - sistema_relatorios - relatorios_interface - INFO - ✅ Preview com PDF temporário criado
2025-07-08 14:38:26,605 - sistema_relatorios - relatorios_interface - INFO - ✅ PDF temporário: C:\Users\Obras\AppData\Local\Temp\PREVIEW_JOSÉ_PAULO_DE_SOUZA_PEIXE_20250708_143826.pdf
2025-07-08 14:38:26,952 - sistema_relatorios - relatorios_interface - INFO - ✅ PDF temporário: C:\Users\Obras\AppData\Local\Temp\PREVIEW_JOSÉ_PAULO_DE_SOUZA_PEIXE_20250708_143826.pdf
2025-07-08 14:38:28,554 - sistema_relatorios - relatorios_interface - INFO - 📖 Abrindo PDF temporário: C:\Users\Obras\AppData\Local\Temp\PREVIEW_JOSÉ_PAULO_DE_SOUZA_PEIXE_20250708_143826.pdf
2025-07-08 14:38:54,466 - sistema_relatorios - relatorios_interface - INFO - 🗑️ PDF temporário removido: C:\Users\Obras\AppData\Local\Temp\PREVIEW_JOSÉ_PAULO_DE_SOUZA_PEIXE_20250708_143826.pdf
2025-07-08 14:38:57,336 - sistema_relatorios - relatorios_interface - INFO - Solicitado retorno ao menu principal
2025-07-08 14:38:57,336 - sistema_relatorios - relatorios_interface - INFO - Retornando ao menu principal existente
2025-07-08 14:38:57,409 - sistema_relatorios - relatorios_interface - INFO - Retorno ao menu principal concluído
2025-07-08 14:40:01,466 - sistema - logger_config - INFO - Sistema de logging inicializado
2025-07-08 14:40:01,466 - sistema_principal - logger_config - INFO - Usuário alterado para: sistema_principal
2025-07-08 14:40:01,475 - sistema_principal - sistema_principal - INFO - Abrindo sistema de relatórios
2025-07-08 14:40:01,665 - sistema_relatorios - logger_config - INFO - Usuário alterado para: sistema_relatorios
2025-07-08 14:40:01,665 - sistema_relatorios - relatorios_interface - INFO - Sistema de relatórios inicializando usando logger configurado
2025-07-08 14:40:01,665 - sistema_relatorios - relatorios_interface - INFO - Configurações de janela importadas com sucesso
2025-07-08 14:40:01,665 - sistema_relatorios - relatorios_interface - INFO - === Sistema de Relatórios Inicializando ===
2025-07-08 14:40:03,144 - sistema_relatorios - relatorios_interface - INFO - Carregando clientes de: C:\Users\Obras\sistema_gestao_testes\testes\Financeiro\Planilhas_Base\clientes.xlsx
2025-07-08 14:40:03,180 - sistema_relatorios - relatorios_interface - INFO - Colunas disponíveis: ['Nome', 'Endereço', 'Data Inicial', 'Observações', 'Data Final']
2025-07-08 14:40:03,180 - sistema_relatorios - relatorios_interface - INFO - Coluna de status: Data Final
2025-07-08 14:40:03,189 - sistema_relatorios - relatorios_interface - INFO - Coluna de nome: Nome
2025-07-08 14:40:03,189 - sistema_relatorios - relatorios_interface - INFO - Total de clientes ativos encontrados: 14
2025-07-08 14:40:03,192 - sistema_relatorios - relatorios_interface - INFO - Lista de clientes atualizada com 15 clientes
2025-07-08 14:40:03,214 - sistema_relatorios - relatorios_interface - INFO - Carregando clientes de: C:\Users\Obras\sistema_gestao_testes\testes\Financeiro\Planilhas_Base\clientes.xlsx
2025-07-08 14:40:03,229 - sistema_relatorios - relatorios_interface - INFO - Colunas disponíveis: ['Nome', 'Endereço', 'Data Inicial', 'Observações', 'Data Final']
2025-07-08 14:40:03,238 - sistema_relatorios - relatorios_interface - INFO - Coluna de status: Data Final
2025-07-08 14:40:03,241 - sistema_relatorios - relatorios_interface - INFO - Coluna de nome: Nome
2025-07-08 14:40:03,242 - sistema_relatorios - relatorios_interface - INFO - Total de clientes ativos encontrados: 14
2025-07-08 14:40:03,243 - sistema_relatorios - relatorios_interface - INFO - Lista de clientes carregada com 15 itens
2025-07-08 14:40:04,323 - sistema_relatorios - relatorios_interface - INFO - Data calculada automaticamente: 20/07/2025
2025-07-08 14:40:04,323 - sistema_relatorios - relatorios_interface - INFO - Data calculada automaticamente: 20/07/2025
2025-07-08 14:40:07,219 - sistema_relatorios - relatorios_interface - INFO - Modo manual ativado
2025-07-08 14:40:15,571 - sistema_relatorios - relatorios_interface - INFO - Cliente selecionado: JOSE PAULO DE SOUZA PEIXE
2025-07-08 14:40:15,571 - sistema_relatorios - relatorios_interface - INFO - Arquivo encontrado: C:\Users\Obras\sistema_gestao_testes\testes\Financeiro\Clientes\JOSE PAULO DE SOUZA PEIXE.xlsx
2025-07-08 14:40:15,571 - sistema_relatorios - relatorios_interface - INFO - Arquivo encontrado: C:\Users\Obras\sistema_gestao_testes\testes\Financeiro\Clientes\JOSE PAULO DE SOUZA PEIXE.xlsx
2025-07-08 14:40:19,500 - sistema_relatorios - relatorios_interface - INFO - 🔍 INICIANDO gerar_relatorio para: despesas
2025-07-08 14:40:19,500 - sistema_relatorios - relatorios_interface - INFO - 🎯 PROCESSANDO: Relatório de despesas
2025-07-08 14:40:19,500 - sistema_relatorios - relatorios_interface - INFO - 🎯 PROCESSANDO DESPESAS - ARQUITETURA LIMPA
2025-07-08 14:40:19,500 - sistema_relatorios - relatorios_interface - INFO - Data final obtida: 2025-06-20 00:00:00 (tipo: <class 'datetime.datetime'>)
2025-07-08 14:40:19,500 - sistema_relatorios - relatorios_interface - INFO - ✅ Arquivo encontrado em arquivo_cliente_selecionado: C:\Users\Obras\sistema_gestao_testes\testes\Financeiro\Clientes\JOSE PAULO DE SOUZA PEIXE.xlsx
2025-07-08 14:40:19,500 - sistema_relatorios - relatorios_interface - INFO - ✅ Arquivo final nas configurações: C:\Users\Obras\sistema_gestao_testes\testes\Financeiro\Clientes\JOSE PAULO DE SOUZA PEIXE.xlsx
2025-07-08 14:40:19,500 - sistema_relatorios - relatorios_interface - INFO - ✅ Configurações coletadas
2025-07-08 14:40:19,500 - sistema_relatorios - relatorios_interface - INFO - ✅ Arquivo confirmado: JOSE PAULO DE SOUZA PEIXE.xlsx
2025-07-08 14:40:21,557 - sistema_relatorios - relatorios_interface - INFO - Modo selecionado: Direto
2025-07-08 14:40:21,557 - sistema_relatorios - relatorios_interface - INFO - 🎯 EXECUTANDO DIRETO - DELEGAÇÃO PARA SERVIÇO
2025-07-08 14:40:21,573 - sistema_relatorios - relatorios_interface - ERROR - Erro ao atualizar progresso: 'Toplevel' object has no attribute 'percent_label'
2025-07-08 14:40:22,463 - sistema_relatorios - relatorios_interface - ERROR - Erro ao atualizar progresso: 'Toplevel' object has no attribute 'percent_label'
2025-07-08 14:40:22,737 - sistema_relatorios - relatorios_interface - ERROR - Erro ao atualizar progresso: 'Toplevel' object has no attribute 'percent_label'
2025-07-08 14:40:28,478 - sistema_relatorios - relatorios_interface - INFO - ✅ Resultado mostrado para: JOSÉ PAULO DE SOUZA PEIXE
2025-07-08 14:40:28,478 - sistema_relatorios - relatorios_interface - INFO - ✅ Execução direta concluída
2025-07-08 14:40:51,560 - sistema_relatorios - relatorios_interface - INFO - Solicitado retorno ao menu principal
2025-07-08 14:40:51,560 - sistema_relatorios - relatorios_interface - INFO - Retornando ao menu principal existente
2025-07-08 14:40:51,647 - sistema_relatorios - relatorios_interface - INFO - Retorno ao menu principal concluído
2025-07-08 14:45:14,163 - sistema - logger_config - INFO - Sistema de logging inicializado
2025-07-08 14:45:14,163 - sistema_principal - logger_config - INFO - Usuário alterado para: sistema_principal
2025-07-08 14:45:14,163 - sistema_principal - sistema_principal - INFO - Abrindo sistema de relatórios
2025-07-08 14:45:14,331 - sistema_relatorios - logger_config - INFO - Usuário alterado para: sistema_relatorios
2025-07-08 14:45:14,331 - sistema_relatorios - relatorios_interface - INFO - Sistema de relatórios inicializando usando logger configurado
2025-07-08 14:45:14,331 - sistema_relatorios - relatorios_interface - INFO - Configurações de janela importadas com sucesso
2025-07-08 14:45:14,331 - sistema_relatorios - relatorios_interface - INFO - === Sistema de Relatórios Inicializando ===
2025-07-08 14:45:15,824 - sistema_relatorios - relatorios_interface - INFO - Carregando clientes de: C:\Users\Obras\sistema_gestao_testes\testes\Financeiro\Planilhas_Base\clientes.xlsx
2025-07-08 14:45:15,869 - sistema_relatorios - relatorios_interface - INFO - Colunas disponíveis: ['Nome', 'Endereço', 'Data Inicial', 'Observações', 'Data Final']
2025-07-08 14:45:15,869 - sistema_relatorios - relatorios_interface - INFO - Coluna de status: Data Final
2025-07-08 14:45:15,869 - sistema_relatorios - relatorios_interface - INFO - Coluna de nome: Nome
2025-07-08 14:45:15,869 - sistema_relatorios - relatorios_interface - INFO - Total de clientes ativos encontrados: 14
2025-07-08 14:45:15,869 - sistema_relatorios - relatorios_interface - INFO - Lista de clientes atualizada com 15 clientes
2025-07-08 14:45:15,906 - sistema_relatorios - relatorios_interface - INFO - Carregando clientes de: C:\Users\Obras\sistema_gestao_testes\testes\Financeiro\Planilhas_Base\clientes.xlsx
2025-07-08 14:45:15,922 - sistema_relatorios - relatorios_interface - INFO - Colunas disponíveis: ['Nome', 'Endereço', 'Data Inicial', 'Observações', 'Data Final']
2025-07-08 14:45:15,923 - sistema_relatorios - relatorios_interface - INFO - Coluna de status: Data Final
2025-07-08 14:45:15,924 - sistema_relatorios - relatorios_interface - INFO - Coluna de nome: Nome
2025-07-08 14:45:15,924 - sistema_relatorios - relatorios_interface - INFO - Total de clientes ativos encontrados: 14
2025-07-08 14:45:15,924 - sistema_relatorios - relatorios_interface - INFO - Lista de clientes carregada com 15 itens
2025-07-08 14:45:16,909 - sistema_relatorios - relatorios_interface - INFO - Data calculada automaticamente: 20/07/2025
2025-07-08 14:45:16,909 - sistema_relatorios - relatorios_interface - INFO - Data calculada automaticamente: 20/07/2025
2025-07-08 14:45:20,159 - sistema_relatorios - relatorios_interface - INFO - Modo manual ativado
2025-07-08 14:45:33,236 - sistema_relatorios - relatorios_interface - INFO - Cliente selecionado: EDUARDO MORENO MARQUES
2025-07-08 14:45:33,236 - sistema_relatorios - relatorios_interface - INFO - Arquivo encontrado: C:\Users\Obras\sistema_gestao_testes\testes\Financeiro\Clientes\EDUARDO MORENO MARQUES.xlsx
2025-07-08 14:45:33,252 - sistema_relatorios - relatorios_interface - INFO - Arquivo encontrado: C:\Users\Obras\sistema_gestao_testes\testes\Financeiro\Clientes\EDUARDO MORENO MARQUES.xlsx
2025-07-08 14:45:35,944 - sistema_relatorios - relatorios_interface - INFO - 🔍 INICIANDO gerar_relatorio para: despesas
2025-07-08 14:45:35,944 - sistema_relatorios - relatorios_interface - INFO - 🎯 PROCESSANDO: Relatório de despesas
2025-07-08 14:45:35,944 - sistema_relatorios - relatorios_interface - INFO - 🎯 PROCESSANDO DESPESAS - ARQUITETURA LIMPA
2025-07-08 14:45:35,944 - sistema_relatorios - relatorios_interface - INFO - Data final obtida: 2025-06-20 00:00:00 (tipo: <class 'datetime.datetime'>)
2025-07-08 14:45:35,944 - sistema_relatorios - relatorios_interface - INFO - ✅ Arquivo encontrado em arquivo_cliente_selecionado: C:\Users\Obras\sistema_gestao_testes\testes\Financeiro\Clientes\EDUARDO MORENO MARQUES.xlsx
2025-07-08 14:45:35,944 - sistema_relatorios - relatorios_interface - INFO - ✅ Arquivo final nas configurações: C:\Users\Obras\sistema_gestao_testes\testes\Financeiro\Clientes\EDUARDO MORENO MARQUES.xlsx
2025-07-08 14:45:35,944 - sistema_relatorios - relatorios_interface - INFO - ✅ Configurações coletadas
2025-07-08 14:45:35,944 - sistema_relatorios - relatorios_interface - INFO - ✅ Arquivo confirmado: EDUARDO MORENO MARQUES.xlsx
2025-07-08 14:45:37,595 - sistema_relatorios - relatorios_interface - INFO - Modo selecionado: Preview
2025-07-08 14:45:37,595 - sistema_relatorios - relatorios_interface - INFO - 🎯 EXECUTANDO COM PREVIEW - DELEGAÇÃO PARA SERVIÇO
2025-07-08 14:45:37,614 - sistema_relatorios - relatorios_interface - INFO - 🔧 Delegando processamento para RelatoriosDespesasService...
2025-07-08 14:45:38,341 - sistema_relatorios - relatorios_interface - INFO - ✅ Dados processados pelo serviço
2025-07-08 14:45:38,344 - sistema_relatorios - relatorios_interface - INFO - 🔧 Abrindo preview com dados do serviço...
2025-07-08 14:45:38,345 - sistema_relatorios - relatorios_interface - INFO - 🎯 MOSTRANDO PREVIEW COM DADOS DO SERVIÇO - VERSÃO CORRIGIDA
2025-07-08 14:45:38,350 - sistema_relatorios - relatorios_interface - INFO - ✅ Importado de src.relatorio_despesas_aprimorado
2025-07-08 14:45:38,355 - sistema_relatorios - relatorios_interface - INFO - 🔧 CRIANDO PREVIEW COM PDF TEMPORÁRIO
2025-07-08 14:45:38,499 - sistema_relatorios - relatorios_interface - INFO - ✅ Preview com PDF temporário criado
2025-07-08 14:45:38,499 - sistema_relatorios - relatorios_interface - ERROR - ❌ Erro com VisualizadorRelatorio: name 'visualizador' is not defined
2025-07-08 14:45:38,499 - sistema_relatorios - relatorios_interface - INFO - 🔄 Tentando preview alternativo...
2025-07-08 14:45:38,499 - sistema_relatorios - relatorios_interface - INFO - 🔧 CRIANDO PREVIEW COM PDF TEMPORÁRIO
2025-07-08 14:45:38,571 - sistema_relatorios - relatorios_interface - INFO - ✅ Preview com PDF temporário criado
2025-07-08 14:45:39,242 - sistema_relatorios - relatorios_interface - INFO - ✅ PDF temporário: C:\Users\Obras\AppData\Local\Temp\PREVIEW_EDUARDO_MORENO_MARQUES_20250708_144539.pdf
2025-07-08 14:45:39,468 - sistema_relatorios - relatorios_interface - INFO - ✅ PDF temporário: C:\Users\Obras\AppData\Local\Temp\PREVIEW_EDUARDO_MORENO_MARQUES_20250708_144539.pdf
2025-07-08 14:45:40,741 - sistema_relatorios - relatorios_interface - INFO - 📖 Abrindo PDF temporário: C:\Users\Obras\AppData\Local\Temp\PREVIEW_EDUARDO_MORENO_MARQUES_20250708_144539.pdf
2025-07-08 14:45:55,903 - sistema_relatorios - relatorios_interface - INFO - 🗑️ PDF temporário removido: C:\Users\Obras\AppData\Local\Temp\PREVIEW_EDUARDO_MORENO_MARQUES_20250708_144539.pdf
2025-07-08 14:45:59,247 - sistema_relatorios - relatorios_interface - INFO - Solicitado retorno ao menu principal
2025-07-08 14:45:59,247 - sistema_relatorios - relatorios_interface - INFO - Retornando ao menu principal existente
2025-07-08 14:45:59,329 - sistema_relatorios - relatorios_interface - INFO - Retorno ao menu principal concluído
2025-07-08 14:55:18,037 - sistema - logger_config - INFO - Sistema de logging inicializado
2025-07-08 14:55:18,037 - sistema_principal - logger_config - INFO - Usuário alterado para: sistema_principal
2025-07-08 14:55:18,050 - sistema_principal - sistema_principal - INFO - Abrindo sistema de relatórios
2025-07-08 14:55:18,223 - sistema_relatorios - logger_config - INFO - Usuário alterado para: sistema_relatorios
2025-07-08 14:55:18,223 - sistema_relatorios - relatorios_interface - INFO - Sistema de relatórios inicializando usando logger configurado
2025-07-08 14:55:18,223 - sistema_relatorios - relatorios_interface - INFO - Configurações de janela importadas com sucesso
2025-07-08 14:55:18,223 - sistema_relatorios - relatorios_interface - INFO - === Sistema de Relatórios Inicializando ===
2025-07-08 14:55:19,848 - sistema_relatorios - relatorios_interface - INFO - Carregando clientes de: C:\Users\Obras\sistema_gestao_testes\testes\Financeiro\Planilhas_Base\clientes.xlsx
2025-07-08 14:55:19,895 - sistema_relatorios - relatorios_interface - INFO - Colunas disponíveis: ['Nome', 'Endereço', 'Data Inicial', 'Observações', 'Data Final']
2025-07-08 14:55:19,895 - sistema_relatorios - relatorios_interface - INFO - Coluna de status: Data Final
2025-07-08 14:55:19,895 - sistema_relatorios - relatorios_interface - INFO - Coluna de nome: Nome
2025-07-08 14:55:19,895 - sistema_relatorios - relatorios_interface - INFO - Total de clientes ativos encontrados: 14
2025-07-08 14:55:19,895 - sistema_relatorios - relatorios_interface - INFO - Lista de clientes atualizada com 15 clientes
2025-07-08 14:55:19,935 - sistema_relatorios - relatorios_interface - INFO - Carregando clientes de: C:\Users\Obras\sistema_gestao_testes\testes\Financeiro\Planilhas_Base\clientes.xlsx
2025-07-08 14:55:19,951 - sistema_relatorios - relatorios_interface - INFO - Colunas disponíveis: ['Nome', 'Endereço', 'Data Inicial', 'Observações', 'Data Final']
2025-07-08 14:55:19,952 - sistema_relatorios - relatorios_interface - INFO - Coluna de status: Data Final
2025-07-08 14:55:19,956 - sistema_relatorios - relatorios_interface - INFO - Coluna de nome: Nome
2025-07-08 14:55:19,957 - sistema_relatorios - relatorios_interface - INFO - Total de clientes ativos encontrados: 14
2025-07-08 14:55:19,957 - sistema_relatorios - relatorios_interface - INFO - Lista de clientes carregada com 15 itens
2025-07-08 14:55:21,561 - sistema_relatorios - relatorios_interface - INFO - Data calculada automaticamente: 20/07/2025
2025-07-08 14:55:21,561 - sistema_relatorios - relatorios_interface - INFO - Data calculada automaticamente: 20/07/2025
2025-07-08 14:55:24,599 - sistema_relatorios - relatorios_interface - INFO - Modo manual ativado
2025-07-08 14:55:33,771 - sistema_relatorios - relatorios_interface - INFO - Cliente selecionado: EDUARDO MORENO MARQUES
2025-07-08 14:55:33,771 - sistema_relatorios - relatorios_interface - INFO - Arquivo encontrado: C:\Users\Obras\sistema_gestao_testes\testes\Financeiro\Clientes\EDUARDO MORENO MARQUES.xlsx
2025-07-08 14:55:33,771 - sistema_relatorios - relatorios_interface - INFO - Arquivo encontrado: C:\Users\Obras\sistema_gestao_testes\testes\Financeiro\Clientes\EDUARDO MORENO MARQUES.xlsx
2025-07-08 14:55:35,940 - sistema_relatorios - relatorios_interface - INFO - 🔍 INICIANDO gerar_relatorio para: despesas
2025-07-08 14:55:35,940 - sistema_relatorios - relatorios_interface - INFO - 🎯 PROCESSANDO: Relatório de despesas
2025-07-08 14:55:35,940 - sistema_relatorios - relatorios_interface - INFO - 🎯 PROCESSANDO DESPESAS - ARQUITETURA LIMPA
2025-07-08 14:55:35,940 - sistema_relatorios - relatorios_interface - INFO - Data final obtida: 2025-06-20 00:00:00 (tipo: <class 'datetime.datetime'>)
2025-07-08 14:55:35,940 - sistema_relatorios - relatorios_interface - INFO - ✅ Arquivo encontrado em arquivo_cliente_selecionado: C:\Users\Obras\sistema_gestao_testes\testes\Financeiro\Clientes\EDUARDO MORENO MARQUES.xlsx
2025-07-08 14:55:35,940 - sistema_relatorios - relatorios_interface - INFO - ✅ Arquivo final nas configurações: C:\Users\Obras\sistema_gestao_testes\testes\Financeiro\Clientes\EDUARDO MORENO MARQUES.xlsx
2025-07-08 14:55:35,940 - sistema_relatorios - relatorios_interface - INFO - ✅ Configurações coletadas
2025-07-08 14:55:35,940 - sistema_relatorios - relatorios_interface - INFO - ✅ Arquivo confirmado: EDUARDO MORENO MARQUES.xlsx
2025-07-08 14:55:37,347 - sistema_relatorios - relatorios_interface - INFO - Modo selecionado: Preview
2025-07-08 14:55:37,347 - sistema_relatorios - relatorios_interface - INFO - 🎯 EXECUTANDO COM PREVIEW - DELEGAÇÃO PARA SERVIÇO
2025-07-08 14:55:37,363 - sistema_relatorios - relatorios_interface - INFO - 🔧 Delegando processamento para RelatoriosDespesasService...
2025-07-08 14:55:38,088 - sistema_relatorios - relatorios_interface - INFO - ✅ Dados processados pelo serviço
2025-07-08 14:55:38,092 - sistema_relatorios - relatorios_interface - INFO - 🔧 Abrindo preview com dados do serviço...
2025-07-08 14:55:38,093 - sistema_relatorios - relatorios_interface - INFO - 🎯 MOSTRANDO PREVIEW COM DADOS DO SERVIÇO - VERSÃO CORRIGIDA
2025-07-08 14:55:38,099 - sistema_relatorios - relatorios_interface - INFO - ✅ Importado de src.relatorio_despesas_aprimorado
2025-07-08 14:55:38,102 - sistema_relatorios - relatorios_interface - INFO - 🔧 CRIANDO PREVIEW COM PDF TEMPORÁRIO
2025-07-08 14:55:38,258 - sistema_relatorios - relatorios_interface - INFO - ✅ Preview com PDF temporário criado
2025-07-08 14:55:38,258 - sistema_relatorios - relatorios_interface - ERROR - ❌ Erro com VisualizadorRelatorio: name 'visualizador' is not defined
2025-07-08 14:55:38,258 - sistema_relatorios - relatorios_interface - INFO - 🔄 Tentando preview alternativo...
2025-07-08 14:55:38,258 - sistema_relatorios - relatorios_interface - INFO - 🔧 CRIANDO PREVIEW COM PDF TEMPORÁRIO
2025-07-08 14:55:38,334 - sistema_relatorios - relatorios_interface - INFO - ✅ Preview com PDF temporário criado
2025-07-08 14:55:39,009 - sistema_relatorios - relatorios_interface - INFO - ✅ PDF temporário: C:\Users\Obras\AppData\Local\Temp\PREVIEW_EDUARDO_MORENO_MARQUES_20250708_145538.pdf
2025-07-08 14:55:39,211 - sistema_relatorios - relatorios_interface - INFO - ✅ PDF temporário: C:\Users\Obras\AppData\Local\Temp\PREVIEW_EDUARDO_MORENO_MARQUES_20250708_145539.pdf
2025-07-08 14:55:40,859 - sistema_relatorios - relatorios_interface - INFO - 📖 Abrindo PDF temporário: C:\Users\Obras\AppData\Local\Temp\PREVIEW_EDUARDO_MORENO_MARQUES_20250708_145539.pdf
2025-07-08 14:55:48,136 - sistema_relatorios - relatorios_interface - INFO - 🗑️ PDF temporário removido: C:\Users\Obras\AppData\Local\Temp\PREVIEW_EDUARDO_MORENO_MARQUES_20250708_145539.pdf
2025-07-08 14:55:50,581 - sistema_relatorios - relatorios_interface - INFO - Solicitado retorno ao menu principal
2025-07-08 14:55:50,581 - sistema_relatorios - relatorios_interface - INFO - Retornando ao menu principal existente
2025-07-08 14:55:50,667 - sistema_relatorios - relatorios_interface - INFO - Retorno ao menu principal concluído
2025-07-08 15:02:06,410 - sistema - logger_config - INFO - Sistema de logging inicializado
2025-07-08 15:02:06,410 - sistema_principal - logger_config - INFO - Usuário alterado para: sistema_principal
2025-07-08 15:02:06,420 - sistema_principal - sistema_principal - INFO - Abrindo sistema de relatórios
2025-07-08 15:02:06,587 - sistema_relatorios - logger_config - INFO - Usuário alterado para: sistema_relatorios
2025-07-08 15:02:06,587 - sistema_relatorios - relatorios_interface - INFO - Sistema de relatórios inicializando usando logger configurado
2025-07-08 15:02:06,587 - sistema_relatorios - relatorios_interface - INFO - Configurações de janela importadas com sucesso
2025-07-08 15:02:06,587 - sistema_relatorios - relatorios_interface - INFO - === Sistema de Relatórios Inicializando ===
2025-07-08 15:02:08,022 - sistema_relatorios - relatorios_interface - INFO - Carregando clientes de: C:\Users\Obras\sistema_gestao_testes\testes\Financeiro\Planilhas_Base\clientes.xlsx
2025-07-08 15:02:08,064 - sistema_relatorios - relatorios_interface - INFO - Colunas disponíveis: ['Nome', 'Endereço', 'Data Inicial', 'Observações', 'Data Final']
2025-07-08 15:02:08,064 - sistema_relatorios - relatorios_interface - INFO - Coluna de status: Data Final
2025-07-08 15:02:08,064 - sistema_relatorios - relatorios_interface - INFO - Coluna de nome: Nome
2025-07-08 15:02:08,064 - sistema_relatorios - relatorios_interface - INFO - Total de clientes ativos encontrados: 14
2025-07-08 15:02:08,064 - sistema_relatorios - relatorios_interface - INFO - Lista de clientes atualizada com 15 clientes
2025-07-08 15:02:08,100 - sistema_relatorios - relatorios_interface - INFO - Carregando clientes de: C:\Users\Obras\sistema_gestao_testes\testes\Financeiro\Planilhas_Base\clientes.xlsx
2025-07-08 15:02:08,108 - sistema_relatorios - relatorios_interface - INFO - Colunas disponíveis: ['Nome', 'Endereço', 'Data Inicial', 'Observações', 'Data Final']
2025-07-08 15:02:08,108 - sistema_relatorios - relatorios_interface - INFO - Coluna de status: Data Final
2025-07-08 15:02:08,121 - sistema_relatorios - relatorios_interface - INFO - Coluna de nome: Nome
2025-07-08 15:02:08,123 - sistema_relatorios - relatorios_interface - INFO - Total de clientes ativos encontrados: 14
2025-07-08 15:02:08,125 - sistema_relatorios - relatorios_interface - INFO - Lista de clientes carregada com 15 itens
2025-07-08 15:02:09,192 - sistema_relatorios - relatorios_interface - INFO - Data calculada automaticamente: 20/07/2025
2025-07-08 15:02:09,192 - sistema_relatorios - relatorios_interface - INFO - Data calculada automaticamente: 20/07/2025
2025-07-08 15:02:11,759 - sistema_relatorios - relatorios_interface - INFO - Modo manual ativado
2025-07-08 15:02:21,559 - sistema_relatorios - relatorios_interface - INFO - Cliente selecionado: ANA AUGUSTA PIRES COUTINHO
2025-07-08 15:02:21,559 - sistema_relatorios - relatorios_interface - INFO - Arquivo encontrado: C:\Users\Obras\sistema_gestao_testes\testes\Financeiro\Clientes\ANA AUGUSTA PIRES COUTINHO.xlsx
2025-07-08 15:02:21,575 - sistema_relatorios - relatorios_interface - INFO - Arquivo encontrado: C:\Users\Obras\sistema_gestao_testes\testes\Financeiro\Clientes\ANA AUGUSTA PIRES COUTINHO.xlsx
2025-07-08 15:02:23,595 - sistema_relatorios - relatorios_interface - INFO - 🔍 INICIANDO gerar_relatorio para: despesas
2025-07-08 15:02:23,595 - sistema_relatorios - relatorios_interface - INFO - 🎯 PROCESSANDO: Relatório de despesas
2025-07-08 15:02:23,595 - sistema_relatorios - relatorios_interface - INFO - 🎯 PROCESSANDO DESPESAS - ARQUITETURA LIMPA
2025-07-08 15:02:23,595 - sistema_relatorios - relatorios_interface - INFO - Data final obtida: 2025-06-20 00:00:00 (tipo: <class 'datetime.datetime'>)
2025-07-08 15:02:23,595 - sistema_relatorios - relatorios_interface - INFO - ✅ Arquivo encontrado em arquivo_cliente_selecionado: C:\Users\Obras\sistema_gestao_testes\testes\Financeiro\Clientes\ANA AUGUSTA PIRES COUTINHO.xlsx
2025-07-08 15:02:23,595 - sistema_relatorios - relatorios_interface - INFO - ✅ Arquivo final nas configurações: C:\Users\Obras\sistema_gestao_testes\testes\Financeiro\Clientes\ANA AUGUSTA PIRES COUTINHO.xlsx
2025-07-08 15:02:23,595 - sistema_relatorios - relatorios_interface - INFO - ✅ Configurações coletadas
2025-07-08 15:02:23,611 - sistema_relatorios - relatorios_interface - INFO - ✅ Arquivo confirmado: ANA AUGUSTA PIRES COUTINHO.xlsx
2025-07-08 15:02:25,120 - sistema_relatorios - relatorios_interface - INFO - Modo selecionado: Preview
2025-07-08 15:02:25,120 - sistema_relatorios - relatorios_interface - INFO - 🎯 EXECUTANDO COM PREVIEW - DELEGAÇÃO PARA SERVIÇO
2025-07-08 15:02:25,120 - sistema_relatorios - relatorios_interface - INFO - 🔧 Delegando processamento para RelatoriosDespesasService...
2025-07-08 15:02:25,526 - sistema_relatorios - relatorios_interface - INFO - ✅ Dados processados pelo serviço
2025-07-08 15:02:25,530 - sistema_relatorios - relatorios_interface - INFO - 🔧 Abrindo preview com dados do serviço...
2025-07-08 15:02:25,530 - sistema_relatorios - relatorios_interface - INFO - 🎯 MOSTRANDO PREVIEW COM DADOS DO SERVIÇO - VERSÃO CORRIGIDA
2025-07-08 15:02:25,536 - sistema_relatorios - relatorios_interface - INFO - ✅ Importado de src.relatorio_despesas_aprimorado
2025-07-08 15:02:25,540 - sistema_relatorios - relatorios_interface - INFO - 🔧 CRIANDO PREVIEW COM PDF TEMPORÁRIO
2025-07-08 15:02:25,688 - sistema_relatorios - relatorios_interface - INFO - ✅ Preview com PDF temporário criado
2025-07-08 15:02:25,688 - sistema_relatorios - relatorios_interface - ERROR - ❌ Erro com VisualizadorRelatorio: name 'visualizador' is not defined
2025-07-08 15:02:25,688 - sistema_relatorios - relatorios_interface - INFO - 🔄 Tentando preview alternativo...
2025-07-08 15:02:25,703 - sistema_relatorios - relatorios_interface - INFO - 🔧 CRIANDO PREVIEW COM PDF TEMPORÁRIO
2025-07-08 15:02:25,762 - sistema_relatorios - relatorios_interface - INFO - ✅ Preview com PDF temporário criado
2025-07-08 15:02:26,469 - sistema_relatorios - relatorios_interface - INFO - ✅ PDF temporário: C:\Users\Obras\AppData\Local\Temp\PREVIEW_ANA_AUGUSTA_PIRES_COUTINHO_20250708_150226.pdf
2025-07-08 15:02:26,704 - sistema_relatorios - relatorios_interface - INFO - ✅ PDF temporário: C:\Users\Obras\AppData\Local\Temp\PREVIEW_ANA_AUGUSTA_PIRES_COUTINHO_20250708_150226.pdf
2025-07-08 15:02:27,901 - sistema_relatorios - relatorios_interface - INFO - 📖 Abrindo PDF temporário: C:\Users\Obras\AppData\Local\Temp\PREVIEW_ANA_AUGUSTA_PIRES_COUTINHO_20250708_150226.pdf
2025-07-08 15:02:34,574 - sistema_relatorios - relatorios_interface - INFO - 🗑️ PDF temporário removido: C:\Users\Obras\AppData\Local\Temp\PREVIEW_ANA_AUGUSTA_PIRES_COUTINHO_20250708_150226.pdf
2025-07-08 15:02:37,494 - sistema_relatorios - relatorios_interface - INFO - Solicitado retorno ao menu principal
2025-07-08 15:02:37,494 - sistema_relatorios - relatorios_interface - INFO - Retornando ao menu principal existente
2025-07-08 15:02:37,589 - sistema_relatorios - relatorios_interface - INFO - Retorno ao menu principal concluído
2025-07-08 15:08:48,258 - sistema - logger_config - INFO - Sistema de logging inicializado
2025-07-08 15:08:48,258 - sistema_principal - logger_config - INFO - Usuário alterado para: sistema_principal
2025-07-08 15:08:48,263 - sistema_principal - sistema_principal - INFO - Abrindo sistema de relatórios
2025-07-08 15:08:48,415 - sistema_relatorios - logger_config - INFO - Usuário alterado para: sistema_relatorios
2025-07-08 15:08:48,415 - sistema_relatorios - relatorios_interface - INFO - Sistema de relatórios inicializando usando logger configurado
2025-07-08 15:08:48,415 - sistema_relatorios - relatorios_interface - INFO - Configurações de janela importadas com sucesso
2025-07-08 15:08:48,415 - sistema_relatorios - relatorios_interface - INFO - === Sistema de Relatórios Inicializando ===
2025-07-08 15:08:49,883 - sistema_relatorios - relatorios_interface - INFO - Carregando clientes de: C:\Users\Obras\sistema_gestao_testes\testes\Financeiro\Planilhas_Base\clientes.xlsx
2025-07-08 15:08:49,934 - sistema_relatorios - relatorios_interface - INFO - Colunas disponíveis: ['Nome', 'Endereço', 'Data Inicial', 'Observações', 'Data Final']
2025-07-08 15:08:49,934 - sistema_relatorios - relatorios_interface - INFO - Coluna de status: Data Final
2025-07-08 15:08:49,934 - sistema_relatorios - relatorios_interface - INFO - Coluna de nome: Nome
2025-07-08 15:08:49,934 - sistema_relatorios - relatorios_interface - INFO - Total de clientes ativos encontrados: 14
2025-07-08 15:08:49,934 - sistema_relatorios - relatorios_interface - INFO - Lista de clientes atualizada com 15 clientes
2025-07-08 15:08:49,968 - sistema_relatorios - relatorios_interface - INFO - Carregando clientes de: C:\Users\Obras\sistema_gestao_testes\testes\Financeiro\Planilhas_Base\clientes.xlsx
2025-07-08 15:08:49,987 - sistema_relatorios - relatorios_interface - INFO - Colunas disponíveis: ['Nome', 'Endereço', 'Data Inicial', 'Observações', 'Data Final']
2025-07-08 15:08:49,988 - sistema_relatorios - relatorios_interface - INFO - Coluna de status: Data Final
2025-07-08 15:08:49,990 - sistema_relatorios - relatorios_interface - INFO - Coluna de nome: Nome
2025-07-08 15:08:49,991 - sistema_relatorios - relatorios_interface - INFO - Total de clientes ativos encontrados: 14
2025-07-08 15:08:49,991 - sistema_relatorios - relatorios_interface - INFO - Lista de clientes carregada com 15 itens
2025-07-08 15:08:51,054 - sistema_relatorios - relatorios_interface - INFO - Data calculada automaticamente: 20/07/2025
2025-07-08 15:08:51,054 - sistema_relatorios - relatorios_interface - INFO - Data calculada automaticamente: 20/07/2025
2025-07-08 15:08:53,576 - sistema_relatorios - relatorios_interface - INFO - Modo manual ativado
2025-07-08 15:09:01,904 - sistema_relatorios - relatorios_interface - INFO - Cliente selecionado: RHAUFED RODRIGUES DOS SANTOS
2025-07-08 15:09:01,904 - sistema_relatorios - relatorios_interface - INFO - Arquivo encontrado: C:\Users\Obras\sistema_gestao_testes\testes\Financeiro\Clientes\RHAUFED RODRIGUES DOS SANTOS.xlsx
2025-07-08 15:09:01,924 - sistema_relatorios - relatorios_interface - INFO - Arquivo encontrado: C:\Users\Obras\sistema_gestao_testes\testes\Financeiro\Clientes\RHAUFED RODRIGUES DOS SANTOS.xlsx
2025-07-08 15:09:03,972 - sistema_relatorios - relatorios_interface - INFO - 🔍 INICIANDO gerar_relatorio para: despesas
2025-07-08 15:09:03,972 - sistema_relatorios - relatorios_interface - INFO - 🎯 PROCESSANDO: Relatório de despesas
2025-07-08 15:09:03,972 - sistema_relatorios - relatorios_interface - INFO - 🎯 PROCESSANDO DESPESAS - ARQUITETURA LIMPA
2025-07-08 15:09:03,972 - sistema_relatorios - relatorios_interface - INFO - Data final obtida: 2025-06-20 00:00:00 (tipo: <class 'datetime.datetime'>)
2025-07-08 15:09:03,972 - sistema_relatorios - relatorios_interface - INFO - ✅ Arquivo encontrado em arquivo_cliente_selecionado: C:\Users\Obras\sistema_gestao_testes\testes\Financeiro\Clientes\RHAUFED RODRIGUES DOS SANTOS.xlsx
2025-07-08 15:09:03,988 - sistema_relatorios - relatorios_interface - INFO - ✅ Arquivo final nas configurações: C:\Users\Obras\sistema_gestao_testes\testes\Financeiro\Clientes\RHAUFED RODRIGUES DOS SANTOS.xlsx
2025-07-08 15:09:03,988 - sistema_relatorios - relatorios_interface - INFO - ✅ Configurações coletadas
2025-07-08 15:09:03,988 - sistema_relatorios - relatorios_interface - INFO - ✅ Arquivo confirmado: RHAUFED RODRIGUES DOS SANTOS.xlsx
2025-07-08 15:09:05,661 - sistema_relatorios - relatorios_interface - INFO - Modo selecionado: Preview
2025-07-08 15:09:05,661 - sistema_relatorios - relatorios_interface - INFO - 🎯 EXECUTANDO COM PREVIEW - DELEGAÇÃO PARA SERVIÇO
2025-07-08 15:09:05,661 - sistema_relatorios - relatorios_interface - INFO - 🔧 Delegando processamento para RelatoriosDespesasService...
2025-07-08 15:09:06,462 - sistema_relatorios - relatorios_interface - INFO - ✅ Dados processados pelo serviço
2025-07-08 15:09:06,465 - sistema_relatorios - relatorios_interface - INFO - 🔧 Abrindo preview com dados do serviço...
2025-07-08 15:09:06,467 - sistema_relatorios - relatorios_interface - INFO - 🎯 MOSTRANDO PREVIEW COM DADOS DO SERVIÇO - VERSÃO CORRIGIDA
2025-07-08 15:09:06,473 - sistema_relatorios - relatorios_interface - INFO - ✅ Importado de src.relatorio_despesas_aprimorado
2025-07-08 15:09:06,476 - sistema_relatorios - relatorios_interface - INFO - 🔧 CRIANDO PREVIEW COM PDF TEMPORÁRIO
2025-07-08 15:09:06,616 - sistema_relatorios - relatorios_interface - INFO - ✅ Preview com PDF temporário criado
2025-07-08 15:09:06,616 - sistema_relatorios - relatorios_interface - ERROR - ❌ Erro com VisualizadorRelatorio: name 'visualizador' is not defined
2025-07-08 15:09:06,616 - sistema_relatorios - relatorios_interface - INFO - 🔄 Tentando preview alternativo...
2025-07-08 15:09:06,632 - sistema_relatorios - relatorios_interface - INFO - 🔧 CRIANDO PREVIEW COM PDF TEMPORÁRIO
2025-07-08 15:09:06,701 - sistema_relatorios - relatorios_interface - INFO - ✅ Preview com PDF temporário criado
2025-07-08 15:09:07,332 - sistema_relatorios - relatorios_interface - INFO - ✅ PDF temporário: C:\Users\Obras\AppData\Local\Temp\PREVIEW_RHAUFED_RODRIGUES_DOS_SANTOS_20250708_150907.pdf
2025-07-08 15:09:07,538 - sistema_relatorios - relatorios_interface - INFO - ✅ PDF temporário: C:\Users\Obras\AppData\Local\Temp\PREVIEW_RHAUFED_RODRIGUES_DOS_SANTOS_20250708_150907.pdf
2025-07-08 15:09:09,025 - sistema_relatorios - relatorios_interface - INFO - 📖 Abrindo PDF temporário: C:\Users\Obras\AppData\Local\Temp\PREVIEW_RHAUFED_RODRIGUES_DOS_SANTOS_20250708_150907.pdf
2025-07-08 15:09:33,543 - sistema_relatorios - relatorios_interface - INFO - 🗑️ PDF temporário removido: C:\Users\Obras\AppData\Local\Temp\PREVIEW_RHAUFED_RODRIGUES_DOS_SANTOS_20250708_150907.pdf
2025-07-08 15:09:35,797 - sistema_relatorios - relatorios_interface - INFO - Solicitado retorno ao menu principal
2025-07-08 15:09:35,797 - sistema_relatorios - relatorios_interface - INFO - Retornando ao menu principal existente
2025-07-08 15:09:35,880 - sistema_relatorios - relatorios_interface - INFO - Retorno ao menu principal concluído
2025-07-08 15:11:35,713 - sistema - logger_config - INFO - Sistema de logging inicializado
2025-07-08 15:11:35,713 - sistema_principal - logger_config - INFO - Usuário alterado para: sistema_principal
2025-07-08 15:11:35,718 - sistema_principal - sistema_principal - INFO - Abrindo sistema de relatórios
2025-07-08 15:11:35,880 - sistema_relatorios - logger_config - INFO - Usuário alterado para: sistema_relatorios
2025-07-08 15:11:35,880 - sistema_relatorios - relatorios_interface - INFO - Sistema de relatórios inicializando usando logger configurado
2025-07-08 15:11:35,880 - sistema_relatorios - relatorios_interface - INFO - Configurações de janela importadas com sucesso
2025-07-08 15:11:35,880 - sistema_relatorios - relatorios_interface - INFO - === Sistema de Relatórios Inicializando ===
2025-07-08 15:11:37,357 - sistema_relatorios - relatorios_interface - INFO - Carregando clientes de: C:\Users\Obras\sistema_gestao_testes\testes\Financeiro\Planilhas_Base\clientes.xlsx
2025-07-08 15:11:37,401 - sistema_relatorios - relatorios_interface - INFO - Colunas disponíveis: ['Nome', 'Endereço', 'Data Inicial', 'Observações', 'Data Final']
2025-07-08 15:11:37,401 - sistema_relatorios - relatorios_interface - INFO - Coluna de status: Data Final
2025-07-08 15:11:37,401 - sistema_relatorios - relatorios_interface - INFO - Coluna de nome: Nome
2025-07-08 15:11:37,401 - sistema_relatorios - relatorios_interface - INFO - Total de clientes ativos encontrados: 14
2025-07-08 15:11:37,401 - sistema_relatorios - relatorios_interface - INFO - Lista de clientes atualizada com 15 clientes
2025-07-08 15:11:37,436 - sistema_relatorios - relatorios_interface - INFO - Carregando clientes de: C:\Users\Obras\sistema_gestao_testes\testes\Financeiro\Planilhas_Base\clientes.xlsx
2025-07-08 15:11:37,451 - sistema_relatorios - relatorios_interface - INFO - Colunas disponíveis: ['Nome', 'Endereço', 'Data Inicial', 'Observações', 'Data Final']
2025-07-08 15:11:37,454 - sistema_relatorios - relatorios_interface - INFO - Coluna de status: Data Final
2025-07-08 15:11:37,456 - sistema_relatorios - relatorios_interface - INFO - Coluna de nome: Nome
2025-07-08 15:11:37,457 - sistema_relatorios - relatorios_interface - INFO - Total de clientes ativos encontrados: 14
2025-07-08 15:11:37,457 - sistema_relatorios - relatorios_interface - INFO - Lista de clientes carregada com 15 itens
2025-07-08 15:11:38,723 - sistema_relatorios - relatorios_interface - INFO - Data calculada automaticamente: 20/07/2025
2025-07-08 15:11:38,738 - sistema_relatorios - relatorios_interface - INFO - Data calculada automaticamente: 20/07/2025
2025-07-08 15:11:41,147 - sistema_relatorios - relatorios_interface - INFO - Modo manual ativado
2025-07-08 15:11:48,312 - sistema_relatorios - relatorios_interface - INFO - Cliente selecionado: GILMAR ALMEIDA PORTUGAL
2025-07-08 15:11:48,328 - sistema_relatorios - relatorios_interface - INFO - Arquivo encontrado: C:\Users\Obras\sistema_gestao_testes\testes\Financeiro\Clientes\GILMAR ALMEIDA PORTUGAL.xlsx
2025-07-08 15:11:48,328 - sistema_relatorios - relatorios_interface - INFO - Arquivo encontrado: C:\Users\Obras\sistema_gestao_testes\testes\Financeiro\Clientes\GILMAR ALMEIDA PORTUGAL.xlsx
2025-07-08 15:11:50,073 - sistema_relatorios - relatorios_interface - INFO - 🔍 INICIANDO gerar_relatorio para: despesas
2025-07-08 15:11:50,073 - sistema_relatorios - relatorios_interface - INFO - 🎯 PROCESSANDO: Relatório de despesas
2025-07-08 15:11:50,073 - sistema_relatorios - relatorios_interface - INFO - 🎯 PROCESSANDO DESPESAS - ARQUITETURA LIMPA
2025-07-08 15:11:50,073 - sistema_relatorios - relatorios_interface - INFO - Data final obtida: 2025-06-20 00:00:00 (tipo: <class 'datetime.datetime'>)
2025-07-08 15:11:50,073 - sistema_relatorios - relatorios_interface - INFO - ✅ Arquivo encontrado em arquivo_cliente_selecionado: C:\Users\Obras\sistema_gestao_testes\testes\Financeiro\Clientes\GILMAR ALMEIDA PORTUGAL.xlsx
2025-07-08 15:11:50,073 - sistema_relatorios - relatorios_interface - INFO - ✅ Arquivo final nas configurações: C:\Users\Obras\sistema_gestao_testes\testes\Financeiro\Clientes\GILMAR ALMEIDA PORTUGAL.xlsx
2025-07-08 15:11:50,073 - sistema_relatorios - relatorios_interface - INFO - ✅ Configurações coletadas
2025-07-08 15:11:50,073 - sistema_relatorios - relatorios_interface - INFO - ✅ Arquivo confirmado: GILMAR ALMEIDA PORTUGAL.xlsx
2025-07-08 15:11:51,930 - sistema_relatorios - relatorios_interface - INFO - Modo selecionado: Preview
2025-07-08 15:11:51,930 - sistema_relatorios - relatorios_interface - INFO - 🎯 EXECUTANDO COM PREVIEW - DELEGAÇÃO PARA SERVIÇO
2025-07-08 15:11:51,950 - sistema_relatorios - relatorios_interface - INFO - 🔧 Delegando processamento para RelatoriosDespesasService...
2025-07-08 15:11:53,036 - sistema_relatorios - relatorios_interface - INFO - ✅ Dados processados pelo serviço
2025-07-08 15:11:53,040 - sistema_relatorios - relatorios_interface - INFO - 🔧 Abrindo preview com dados do serviço...
2025-07-08 15:11:53,041 - sistema_relatorios - relatorios_interface - INFO - 🎯 MOSTRANDO PREVIEW COM DADOS DO SERVIÇO - VERSÃO CORRIGIDA
2025-07-08 15:11:53,046 - sistema_relatorios - relatorios_interface - INFO - ✅ Importado de src.relatorio_despesas_aprimorado
2025-07-08 15:11:53,050 - sistema_relatorios - relatorios_interface - INFO - 🔧 CRIANDO PREVIEW COM PDF TEMPORÁRIO
2025-07-08 15:11:53,198 - sistema_relatorios - relatorios_interface - INFO - ✅ Preview com PDF temporário criado
2025-07-08 15:11:53,198 - sistema_relatorios - relatorios_interface - ERROR - ❌ Erro com VisualizadorRelatorio: name 'visualizador' is not defined
2025-07-08 15:11:53,198 - sistema_relatorios - relatorios_interface - INFO - 🔄 Tentando preview alternativo...
2025-07-08 15:11:53,198 - sistema_relatorios - relatorios_interface - INFO - 🔧 CRIANDO PREVIEW COM PDF TEMPORÁRIO
2025-07-08 15:11:53,270 - sistema_relatorios - relatorios_interface - INFO - ✅ Preview com PDF temporário criado
2025-07-08 15:11:53,999 - sistema_relatorios - relatorios_interface - INFO - ✅ PDF temporário: C:\Users\Obras\AppData\Local\Temp\PREVIEW_GILMAR_ALMEIDA_PORTUGAL_20250708_151153.pdf
2025-07-08 15:11:54,283 - sistema_relatorios - relatorios_interface - INFO - ✅ PDF temporário: C:\Users\Obras\AppData\Local\Temp\PREVIEW_GILMAR_ALMEIDA_PORTUGAL_20250708_151154.pdf
2025-07-08 15:11:59,727 - sistema_relatorios - relatorios_interface - INFO - 📖 Abrindo PDF temporário: C:\Users\Obras\AppData\Local\Temp\PREVIEW_GILMAR_ALMEIDA_PORTUGAL_20250708_151154.pdf
2025-07-08 15:12:07,153 - sistema_relatorios - relatorios_interface - INFO - 🗑️ PDF temporário removido: C:\Users\Obras\AppData\Local\Temp\PREVIEW_GILMAR_ALMEIDA_PORTUGAL_20250708_151154.pdf
2025-07-08 15:12:09,505 - sistema_relatorios - relatorios_interface - INFO - Solicitado retorno ao menu principal
2025-07-08 15:12:09,505 - sistema_relatorios - relatorios_interface - INFO - Retornando ao menu principal existente
2025-07-08 15:12:09,582 - sistema_relatorios - relatorios_interface - INFO - Retorno ao menu principal concluído
2025-07-08 15:20:43,124 - sistema - logger_config - INFO - Sistema de logging inicializado
2025-07-08 15:20:43,124 - sistema_principal - logger_config - INFO - Usuário alterado para: sistema_principal
2025-07-08 15:20:43,129 - sistema_principal - sistema_principal - INFO - Abrindo sistema de relatórios
2025-07-08 15:20:43,244 - sistema_relatorios - logger_config - INFO - Usuário alterado para: sistema_relatorios
2025-07-08 15:20:43,244 - sistema_relatorios - relatorios_interface - INFO - Sistema de relatórios inicializando usando logger configurado
2025-07-08 15:20:43,244 - sistema_relatorios - relatorios_interface - INFO - Configurações de janela importadas com sucesso
2025-07-08 15:20:43,244 - sistema_relatorios - relatorios_interface - INFO - === Sistema de Relatórios Inicializando ===
2025-07-08 15:20:45,062 - sistema_relatorios - relatorios_interface - INFO - Carregando clientes de: C:\Users\Obras\sistema_gestao_testes\testes\Financeiro\Planilhas_Base\clientes.xlsx
2025-07-08 15:20:45,111 - sistema_relatorios - relatorios_interface - INFO - Colunas disponíveis: ['Nome', 'Endereço', 'Data Inicial', 'Observações', 'Data Final']
2025-07-08 15:20:45,111 - sistema_relatorios - relatorios_interface - INFO - Coluna de status: Data Final
2025-07-08 15:20:45,111 - sistema_relatorios - relatorios_interface - INFO - Coluna de nome: Nome
2025-07-08 15:20:45,111 - sistema_relatorios - relatorios_interface - INFO - Total de clientes ativos encontrados: 14
2025-07-08 15:20:45,125 - sistema_relatorios - relatorios_interface - INFO - Lista de clientes atualizada com 15 clientes
2025-07-08 15:20:45,153 - sistema_relatorios - relatorios_interface - INFO - Carregando clientes de: C:\Users\Obras\sistema_gestao_testes\testes\Financeiro\Planilhas_Base\clientes.xlsx
2025-07-08 15:20:45,162 - sistema_relatorios - relatorios_interface - INFO - Colunas disponíveis: ['Nome', 'Endereço', 'Data Inicial', 'Observações', 'Data Final']
2025-07-08 15:20:45,162 - sistema_relatorios - relatorios_interface - INFO - Coluna de status: Data Final
2025-07-08 15:20:45,175 - sistema_relatorios - relatorios_interface - INFO - Coluna de nome: Nome
2025-07-08 15:20:45,177 - sistema_relatorios - relatorios_interface - INFO - Total de clientes ativos encontrados: 14
2025-07-08 15:20:45,179 - sistema_relatorios - relatorios_interface - INFO - Lista de clientes carregada com 15 itens
2025-07-08 15:20:46,324 - sistema_relatorios - relatorios_interface - INFO - Data calculada automaticamente: 20/07/2025
2025-07-08 15:20:46,324 - sistema_relatorios - relatorios_interface - INFO - Data calculada automaticamente: 20/07/2025
2025-07-08 15:20:49,443 - sistema_relatorios - relatorios_interface - INFO - Modo manual ativado
2025-07-08 15:20:57,231 - sistema_relatorios - relatorios_interface - INFO - Cliente selecionado: CLEVER LUIZ SALVADOR
2025-07-08 15:20:57,231 - sistema_relatorios - relatorios_interface - INFO - Arquivo encontrado: C:\Users\Obras\sistema_gestao_testes\testes\Financeiro\Clientes\CLEVER LUIZ SALVADOR.xlsx
2025-07-08 15:20:57,252 - sistema_relatorios - relatorios_interface - INFO - Arquivo encontrado: C:\Users\Obras\sistema_gestao_testes\testes\Financeiro\Clientes\CLEVER LUIZ SALVADOR.xlsx
2025-07-08 15:20:58,532 - sistema_relatorios - relatorios_interface - INFO - 🔍 INICIANDO gerar_relatorio para: despesas
2025-07-08 15:20:58,532 - sistema_relatorios - relatorios_interface - INFO - 🎯 PROCESSANDO: Relatório de despesas
2025-07-08 15:20:58,532 - sistema_relatorios - relatorios_interface - INFO - 🎯 PROCESSANDO DESPESAS - ARQUITETURA LIMPA
2025-07-08 15:20:58,532 - sistema_relatorios - relatorios_interface - INFO - Data final obtida: 2025-06-20 00:00:00 (tipo: <class 'datetime.datetime'>)
2025-07-08 15:20:58,532 - sistema_relatorios - relatorios_interface - INFO - ✅ Arquivo encontrado em arquivo_cliente_selecionado: C:\Users\Obras\sistema_gestao_testes\testes\Financeiro\Clientes\CLEVER LUIZ SALVADOR.xlsx
2025-07-08 15:20:58,532 - sistema_relatorios - relatorios_interface - INFO - ✅ Arquivo final nas configurações: C:\Users\Obras\sistema_gestao_testes\testes\Financeiro\Clientes\CLEVER LUIZ SALVADOR.xlsx
2025-07-08 15:20:58,532 - sistema_relatorios - relatorios_interface - INFO - ✅ Configurações coletadas
2025-07-08 15:20:58,532 - sistema_relatorios - relatorios_interface - INFO - ✅ Arquivo confirmado: CLEVER LUIZ SALVADOR.xlsx
2025-07-08 15:20:59,945 - sistema_relatorios - relatorios_interface - INFO - Modo selecionado: Preview
2025-07-08 15:20:59,945 - sistema_relatorios - relatorios_interface - INFO - 🎯 EXECUTANDO COM PREVIEW - DELEGAÇÃO PARA SERVIÇO
2025-07-08 15:20:59,961 - sistema_relatorios - relatorios_interface - INFO - 🔧 Delegando processamento para RelatoriosDespesasService...
2025-07-08 15:21:00,719 - sistema_relatorios - relatorios_interface - INFO - ✅ Dados processados pelo serviço
2025-07-08 15:21:00,723 - sistema_relatorios - relatorios_interface - INFO - 🔧 Abrindo preview com dados do serviço...
2025-07-08 15:21:00,724 - sistema_relatorios - relatorios_interface - INFO - 🎯 MOSTRANDO PREVIEW COM DADOS DO SERVIÇO - VERSÃO CORRIGIDA
2025-07-08 15:21:00,730 - sistema_relatorios - relatorios_interface - INFO - ✅ Importado de src.relatorio_despesas_aprimorado
2025-07-08 15:21:00,735 - sistema_relatorios - relatorios_interface - INFO - 🔧 CRIANDO PREVIEW COM PDF TEMPORÁRIO
2025-07-08 15:21:00,873 - sistema_relatorios - relatorios_interface - INFO - ✅ Preview com PDF temporário criado
2025-07-08 15:21:00,873 - sistema_relatorios - relatorios_interface - ERROR - ❌ Erro com VisualizadorRelatorio: name 'visualizador' is not defined
2025-07-08 15:21:00,889 - sistema_relatorios - relatorios_interface - INFO - 🔄 Tentando preview alternativo...
2025-07-08 15:21:00,889 - sistema_relatorios - relatorios_interface - INFO - 🔧 CRIANDO PREVIEW COM PDF TEMPORÁRIO
2025-07-08 15:21:00,965 - sistema_relatorios - relatorios_interface - INFO - ✅ Preview com PDF temporário criado
2025-07-08 15:21:01,643 - sistema_relatorios - relatorios_interface - INFO - ✅ PDF temporário: C:\Users\Obras\AppData\Local\Temp\PREVIEW_CLEVER_LUIZ_SALVADOR_20250708_152101.pdf
2025-07-08 15:21:01,892 - sistema_relatorios - relatorios_interface - INFO - ✅ PDF temporário: C:\Users\Obras\AppData\Local\Temp\PREVIEW_CLEVER_LUIZ_SALVADOR_20250708_152101.pdf
2025-07-08 15:21:03,994 - sistema_relatorios - relatorios_interface - INFO - 📖 Abrindo PDF temporário: C:\Users\Obras\AppData\Local\Temp\PREVIEW_CLEVER_LUIZ_SALVADOR_20250708_152101.pdf
2025-07-08 15:21:10,387 - sistema_relatorios - relatorios_interface - INFO - 🗑️ PDF temporário removido: C:\Users\Obras\AppData\Local\Temp\PREVIEW_CLEVER_LUIZ_SALVADOR_20250708_152101.pdf
2025-07-08 15:21:13,094 - sistema_relatorios - relatorios_interface - INFO - Solicitado retorno ao menu principal
2025-07-08 15:21:13,094 - sistema_relatorios - relatorios_interface - INFO - Retornando ao menu principal existente
2025-07-08 15:21:13,176 - sistema_relatorios - relatorios_interface - INFO - Retorno ao menu principal concluído
2025-07-08 17:47:22,051 - sistema - logger_config - INFO - Sistema de logging inicializado
2025-07-08 17:47:22,052 - sistema_principal - logger_config - INFO - Usuário alterado para: sistema_principal
2025-07-08 17:47:22,053 - sistema_principal - sistema_principal - INFO - Abrindo sistema de relatórios
2025-07-08 17:47:22,216 - sistema_relatorios - logger_config - INFO - Usuário alterado para: sistema_relatorios
2025-07-08 17:47:22,217 - sistema_relatorios - relatorios_interface - INFO - Sistema de relatórios inicializando usando logger configurado
2025-07-08 17:47:22,217 - sistema_relatorios - relatorios_interface - INFO - Configurações de janela importadas com sucesso
2025-07-08 17:47:22,218 - sistema_relatorios - relatorios_interface - INFO - === Sistema de Relatórios Inicializando ===
2025-07-08 17:47:24,857 - sistema_relatorios - relatorios_interface - INFO - Carregando clientes de: C:\Users\Obras\sistema_gestao_testes\testes\Financeiro\Planilhas_Base\clientes.xlsx
2025-07-08 17:47:24,951 - sistema_relatorios - relatorios_interface - INFO - Colunas disponíveis: ['Nome', 'Endereço', 'Data Inicial', 'Observações', 'Data Final']
2025-07-08 17:47:24,952 - sistema_relatorios - relatorios_interface - INFO - Coluna de status: Data Final
2025-07-08 17:47:24,969 - sistema_relatorios - relatorios_interface - INFO - Coluna de nome: Nome
2025-07-08 17:47:24,971 - sistema_relatorios - relatorios_interface - INFO - Total de clientes ativos encontrados: 14
2025-07-08 17:47:24,972 - sistema_relatorios - relatorios_interface - INFO - Lista de clientes atualizada com 15 clientes
2025-07-08 17:47:25,013 - sistema_relatorios - relatorios_interface - INFO - Carregando clientes de: C:\Users\Obras\sistema_gestao_testes\testes\Financeiro\Planilhas_Base\clientes.xlsx
2025-07-08 17:47:25,041 - sistema_relatorios - relatorios_interface - INFO - Colunas disponíveis: ['Nome', 'Endereço', 'Data Inicial', 'Observações', 'Data Final']
2025-07-08 17:47:25,072 - sistema_relatorios - relatorios_interface - INFO - Coluna de status: Data Final
2025-07-08 17:47:25,074 - sistema_relatorios - relatorios_interface - INFO - Coluna de nome: Nome
2025-07-08 17:47:25,080 - sistema_relatorios - relatorios_interface - INFO - Total de clientes ativos encontrados: 14
2025-07-08 17:47:25,081 - sistema_relatorios - relatorios_interface - INFO - Lista de clientes carregada com 15 itens
2025-07-08 17:47:26,463 - sistema_relatorios - relatorios_interface - INFO - Data calculada automaticamente: 20/07/2025
2025-07-08 17:47:26,465 - sistema_relatorios - relatorios_interface - INFO - Data calculada automaticamente: 20/07/2025
2025-07-08 17:47:29,531 - sistema_relatorios - relatorios_interface - INFO - Modo manual ativado
2025-07-08 17:47:37,357 - sistema_relatorios - relatorios_interface - INFO - Cliente selecionado: EDUARDO MORENO MARQUES
2025-07-08 17:47:37,360 - sistema_relatorios - relatorios_interface - INFO - Arquivo encontrado: C:\Users\Obras\sistema_gestao_testes\testes\Financeiro\Clientes\EDUARDO MORENO MARQUES.xlsx
2025-07-08 17:47:37,368 - sistema_relatorios - relatorios_interface - INFO - Arquivo encontrado: C:\Users\Obras\sistema_gestao_testes\testes\Financeiro\Clientes\EDUARDO MORENO MARQUES.xlsx
2025-07-08 17:47:38,899 - sistema_relatorios - relatorios_interface - INFO - 🔍 INICIANDO gerar_relatorio para: despesas
2025-07-08 17:47:38,901 - sistema_relatorios - relatorios_interface - INFO - 🎯 PROCESSANDO: Relatório de despesas
2025-07-08 17:47:38,901 - sistema_relatorios - relatorios_interface - INFO - 🎯 PROCESSANDO DESPESAS - ARQUITETURA LIMPA
2025-07-08 17:47:38,902 - sistema_relatorios - relatorios_interface - INFO - Data final obtida: 2025-06-20 00:00:00 (tipo: <class 'datetime.datetime'>)
2025-07-08 17:47:38,903 - sistema_relatorios - relatorios_interface - INFO - ✅ Arquivo encontrado em arquivo_cliente_selecionado: C:\Users\Obras\sistema_gestao_testes\testes\Financeiro\Clientes\EDUARDO MORENO MARQUES.xlsx
2025-07-08 17:47:38,904 - sistema_relatorios - relatorios_interface - INFO - ✅ Arquivo final nas configurações: C:\Users\Obras\sistema_gestao_testes\testes\Financeiro\Clientes\EDUARDO MORENO MARQUES.xlsx
2025-07-08 17:47:38,904 - sistema_relatorios - relatorios_interface - INFO - ✅ Configurações coletadas
2025-07-08 17:47:38,905 - sistema_relatorios - relatorios_interface - INFO - ✅ Arquivo confirmado: EDUARDO MORENO MARQUES.xlsx
2025-07-08 17:47:40,617 - sistema_relatorios - relatorios_interface - INFO - Modo selecionado: Preview
2025-07-08 17:47:40,618 - sistema_relatorios - relatorios_interface - INFO - 🎯 EXECUTANDO COM PREVIEW DIRETO - PDF TEMPORÁRIO
2025-07-08 17:47:42,202 - sistema_relatorios - relatorios_interface - INFO - ✅ Janela de decisão criada
2025-07-08 17:48:02,036 - sistema_relatorios - relatorios_interface - INFO - 🗑️ PDF temporário agendado para remoção: PREVIEW_EDUARDO_MORENO_MARQUES_20250708_174741.pdf
2025-07-08 17:48:04,037 - sistema_relatorios - relatorios_interface - INFO - 🗑️ Arquivo temporário removido: PREVIEW_EDUARDO_MORENO_MARQUES_20250708_174741.pdf
2025-07-08 17:48:10,235 - sistema_relatorios - relatorios_interface - INFO - Solicitado retorno ao menu principal
2025-07-08 17:48:10,340 - sistema_relatorios - relatorios_interface - INFO - Retornando ao menu principal existente
2025-07-08 17:48:10,516 - sistema_relatorios - relatorios_interface - INFO - Retorno ao menu principal concluído
2025-07-08 17:49:17,336 - sistema - logger_config - INFO - Sistema de logging inicializado
2025-07-08 17:49:17,337 - sistema_principal - logger_config - INFO - Usuário alterado para: sistema_principal
2025-07-08 17:49:17,338 - sistema_principal - sistema_principal - INFO - Abrindo sistema de relatórios
2025-07-08 17:49:17,471 - sistema_relatorios - logger_config - INFO - Usuário alterado para: sistema_relatorios
2025-07-08 17:49:17,472 - sistema_relatorios - relatorios_interface - INFO - Sistema de relatórios inicializando usando logger configurado
2025-07-08 17:49:17,472 - sistema_relatorios - relatorios_interface - INFO - Configurações de janela importadas com sucesso
2025-07-08 17:49:17,472 - sistema_relatorios - relatorios_interface - INFO - === Sistema de Relatórios Inicializando ===
2025-07-08 17:49:19,254 - sistema_relatorios - relatorios_interface - INFO - Carregando clientes de: C:\Users\Obras\sistema_gestao_testes\testes\Financeiro\Planilhas_Base\clientes.xlsx
2025-07-08 17:49:19,306 - sistema_relatorios - relatorios_interface - INFO - Colunas disponíveis: ['Nome', 'Endereço', 'Data Inicial', 'Observações', 'Data Final']
2025-07-08 17:49:19,308 - sistema_relatorios - relatorios_interface - INFO - Coluna de status: Data Final
2025-07-08 17:49:19,312 - sistema_relatorios - relatorios_interface - INFO - Coluna de nome: Nome
2025-07-08 17:49:19,313 - sistema_relatorios - relatorios_interface - INFO - Total de clientes ativos encontrados: 14
2025-07-08 17:49:19,314 - sistema_relatorios - relatorios_interface - INFO - Lista de clientes atualizada com 15 clientes
2025-07-08 17:49:19,345 - sistema_relatorios - relatorios_interface - INFO - Carregando clientes de: C:\Users\Obras\sistema_gestao_testes\testes\Financeiro\Planilhas_Base\clientes.xlsx
2025-07-08 17:49:19,364 - sistema_relatorios - relatorios_interface - INFO - Colunas disponíveis: ['Nome', 'Endereço', 'Data Inicial', 'Observações', 'Data Final']
2025-07-08 17:49:19,365 - sistema_relatorios - relatorios_interface - INFO - Coluna de status: Data Final
2025-07-08 17:49:19,367 - sistema_relatorios - relatorios_interface - INFO - Coluna de nome: Nome
2025-07-08 17:49:19,368 - sistema_relatorios - relatorios_interface - INFO - Total de clientes ativos encontrados: 14
2025-07-08 17:49:19,369 - sistema_relatorios - relatorios_interface - INFO - Lista de clientes carregada com 15 itens
2025-07-08 17:49:20,702 - sistema_relatorios - relatorios_interface - INFO - Data calculada automaticamente: 20/07/2025
2025-07-08 17:49:20,704 - sistema_relatorios - relatorios_interface - INFO - Data calculada automaticamente: 20/07/2025
2025-07-08 17:49:23,714 - sistema_relatorios - relatorios_interface - INFO - Modo manual ativado
2025-07-08 17:49:35,852 - sistema_relatorios - relatorios_interface - INFO - Cliente selecionado: CLEVER LUIZ SALVADOR
2025-07-08 17:49:35,853 - sistema_relatorios - relatorios_interface - INFO - Arquivo encontrado: C:\Users\Obras\sistema_gestao_testes\testes\Financeiro\Clientes\CLEVER LUIZ SALVADOR.xlsx
2025-07-08 17:49:35,861 - sistema_relatorios - relatorios_interface - INFO - Arquivo encontrado: C:\Users\Obras\sistema_gestao_testes\testes\Financeiro\Clientes\CLEVER LUIZ SALVADOR.xlsx
2025-07-08 17:49:37,370 - sistema_relatorios - relatorios_interface - INFO - 🔍 INICIANDO gerar_relatorio para: despesas
2025-07-08 17:49:37,371 - sistema_relatorios - relatorios_interface - INFO - 🎯 PROCESSANDO: Relatório de despesas
2025-07-08 17:49:37,372 - sistema_relatorios - relatorios_interface - INFO - 🎯 PROCESSANDO DESPESAS - ARQUITETURA LIMPA
2025-07-08 17:49:37,373 - sistema_relatorios - relatorios_interface - INFO - Data final obtida: 2025-06-20 00:00:00 (tipo: <class 'datetime.datetime'>)
2025-07-08 17:49:37,374 - sistema_relatorios - relatorios_interface - INFO - ✅ Arquivo encontrado em arquivo_cliente_selecionado: C:\Users\Obras\sistema_gestao_testes\testes\Financeiro\Clientes\CLEVER LUIZ SALVADOR.xlsx
2025-07-08 17:49:37,375 - sistema_relatorios - relatorios_interface - INFO - ✅ Arquivo final nas configurações: C:\Users\Obras\sistema_gestao_testes\testes\Financeiro\Clientes\CLEVER LUIZ SALVADOR.xlsx
2025-07-08 17:49:37,378 - sistema_relatorios - relatorios_interface - INFO - ✅ Configurações coletadas
2025-07-08 17:49:37,379 - sistema_relatorios - relatorios_interface - INFO - ✅ Arquivo confirmado: CLEVER LUIZ SALVADOR.xlsx
2025-07-08 17:49:39,231 - sistema_relatorios - relatorios_interface - INFO - Modo selecionado: Preview
2025-07-08 17:49:39,233 - sistema_relatorios - relatorios_interface - INFO - 🎯 EXECUTANDO COM PREVIEW DIRETO - PDF TEMPORÁRIO
2025-07-08 17:49:40,587 - sistema_relatorios - relatorios_interface - INFO - ✅ Janela de decisão criada
2025-07-08 17:49:59,618 - sistema_relatorios - relatorios_interface - INFO - 🗑️ PDF temporário agendado para remoção: PREVIEW_CLEVER_LUIZ_SALVADOR_20250708_174940.pdf
2025-07-08 17:50:01,627 - sistema_relatorios - relatorios_interface - INFO - 🗑️ Arquivo temporário removido: PREVIEW_CLEVER_LUIZ_SALVADOR_20250708_174940.pdf
2025-07-08 17:50:30,425 - sistema_relatorios - relatorios_interface - INFO - 🔍 INICIANDO gerar_relatorio para: despesas
2025-07-08 17:50:30,426 - sistema_relatorios - relatorios_interface - INFO - 🎯 PROCESSANDO: Relatório de despesas
2025-07-08 17:50:30,427 - sistema_relatorios - relatorios_interface - INFO - 🎯 PROCESSANDO DESPESAS - ARQUITETURA LIMPA
2025-07-08 17:50:30,428 - sistema_relatorios - relatorios_interface - INFO - Data final obtida: 2025-06-20 00:00:00 (tipo: <class 'datetime.datetime'>)
2025-07-08 17:50:30,428 - sistema_relatorios - relatorios_interface - INFO - ✅ Arquivo encontrado em arquivo_cliente_selecionado: C:\Users\Obras\sistema_gestao_testes\testes\Financeiro\Clientes\CLEVER LUIZ SALVADOR.xlsx
2025-07-08 17:50:30,429 - sistema_relatorios - relatorios_interface - INFO - ✅ Arquivo final nas configurações: C:\Users\Obras\sistema_gestao_testes\testes\Financeiro\Clientes\CLEVER LUIZ SALVADOR.xlsx
2025-07-08 17:50:30,430 - sistema_relatorios - relatorios_interface - INFO - ✅ Configurações coletadas
2025-07-08 17:50:30,431 - sistema_relatorios - relatorios_interface - INFO - ✅ Arquivo confirmado: CLEVER LUIZ SALVADOR.xlsx
2025-07-08 17:50:32,423 - sistema_relatorios - relatorios_interface - INFO - Modo selecionado: Preview
2025-07-08 17:50:32,427 - sistema_relatorios - relatorios_interface - INFO - 🎯 EXECUTANDO COM PREVIEW DIRETO - PDF TEMPORÁRIO
2025-07-08 17:50:33,568 - sistema_relatorios - relatorios_interface - INFO - ✅ Janela de decisão criada
2025-07-08 17:50:40,514 - sistema_relatorios - relatorios_interface - INFO - 🗑️ PDF temporário agendado para remoção: PREVIEW_CLEVER_LUIZ_SALVADOR_20250708_175033.pdf
2025-07-08 17:50:42,523 - sistema_relatorios - relatorios_interface - INFO - 🗑️ Arquivo temporário removido: PREVIEW_CLEVER_LUIZ_SALVADOR_20250708_175033.pdf
2025-07-08 17:59:37,417 - sistema_relatorios - relatorios_interface - INFO - 🔍 INICIANDO gerar_relatorio para: despesas
2025-07-08 17:59:37,417 - sistema_relatorios - relatorios_interface - INFO - 🎯 PROCESSANDO: Relatório de despesas
2025-07-08 17:59:37,417 - sistema_relatorios - relatorios_interface - INFO - 🎯 PROCESSANDO DESPESAS - ARQUITETURA LIMPA
2025-07-08 17:59:37,417 - sistema_relatorios - relatorios_interface - INFO - Data final obtida: 2025-06-20 00:00:00 (tipo: <class 'datetime.datetime'>)
2025-07-08 17:59:37,417 - sistema_relatorios - relatorios_interface - INFO - ✅ Arquivo encontrado em arquivo_cliente_selecionado: C:\Users\Obras\sistema_gestao_testes\testes\Financeiro\Clientes\CLEVER LUIZ SALVADOR.xlsx
2025-07-08 17:59:37,417 - sistema_relatorios - relatorios_interface - INFO - ✅ Arquivo final nas configurações: C:\Users\Obras\sistema_gestao_testes\testes\Financeiro\Clientes\CLEVER LUIZ SALVADOR.xlsx
2025-07-08 17:59:37,417 - sistema_relatorios - relatorios_interface - INFO - ✅ Configurações coletadas
2025-07-08 17:59:37,438 - sistema_relatorios - relatorios_interface - INFO - ✅ Arquivo confirmado: CLEVER LUIZ SALVADOR.xlsx
2025-07-08 17:59:39,553 - sistema_relatorios - relatorios_interface - INFO - Modo selecionado: Preview
2025-07-08 17:59:39,555 - sistema_relatorios - relatorios_interface - INFO - 🎯 EXECUTANDO COM PREVIEW DIRETO - PDF TEMPORÁRIO
2025-07-08 17:59:40,936 - sistema_relatorios - relatorios_interface - INFO - ✅ Janela de decisão criada
2025-07-08 17:59:45,652 - sistema_relatorios - relatorios_interface - ERROR - Erro ao atualizar progresso: 'Toplevel' object has no attribute 'percent_label'
2025-07-08 17:59:45,922 - sistema_relatorios - relatorios_interface - INFO - 🗑️ PDF temporário agendado para remoção: PREVIEW_CLEVER_LUIZ_SALVADOR_20250708_175940.pdf
2025-07-08 17:59:47,934 - sistema_relatorios - relatorios_interface - INFO - 🗑️ Arquivo temporário removido: PREVIEW_CLEVER_LUIZ_SALVADOR_20250708_175940.pdf
2025-07-08 18:05:45,230 - sistema_relatorios - relatorios_interface - INFO - Solicitado retorno ao menu principal
2025-07-08 18:05:45,230 - sistema_relatorios - relatorios_interface - INFO - Retornando ao menu principal existente
2025-07-08 18:05:45,341 - sistema_relatorios - relatorios_interface - INFO - Retorno ao menu principal concluído
2025-07-08 18:07:13,724 - sistema - logger_config - INFO - Sistema de logging inicializado
2025-07-08 18:07:13,725 - sistema_principal - logger_config - INFO - Usuário alterado para: sistema_principal
2025-07-08 18:07:13,725 - sistema_principal - sistema_principal - INFO - Abrindo sistema de relatórios
2025-07-08 18:07:13,865 - sistema_relatorios - logger_config - INFO - Usuário alterado para: sistema_relatorios
2025-07-08 18:07:13,866 - sistema_relatorios - relatorios_interface - INFO - Sistema de relatórios inicializando usando logger configurado
2025-07-08 18:07:13,866 - sistema_relatorios - relatorios_interface - INFO - Configurações de janela importadas com sucesso
2025-07-08 18:07:13,867 - sistema_relatorios - relatorios_interface - INFO - === Sistema de Relatórios Inicializando ===
2025-07-08 18:07:15,587 - sistema_relatorios - relatorios_interface - INFO - Carregando clientes de: C:\Users\Obras\sistema_gestao_testes\testes\Financeiro\Planilhas_Base\clientes.xlsx
2025-07-08 18:07:15,636 - sistema_relatorios - relatorios_interface - INFO - Colunas disponíveis: ['Nome', 'Endereço', 'Data Inicial', 'Observações', 'Data Final']
2025-07-08 18:07:15,637 - sistema_relatorios - relatorios_interface - INFO - Coluna de status: Data Final
2025-07-08 18:07:15,639 - sistema_relatorios - relatorios_interface - INFO - Coluna de nome: Nome
2025-07-08 18:07:15,640 - sistema_relatorios - relatorios_interface - INFO - Total de clientes ativos encontrados: 14
2025-07-08 18:07:15,641 - sistema_relatorios - relatorios_interface - INFO - Lista de clientes atualizada com 15 clientes
2025-07-08 18:07:15,672 - sistema_relatorios - relatorios_interface - INFO - Carregando clientes de: C:\Users\Obras\sistema_gestao_testes\testes\Financeiro\Planilhas_Base\clientes.xlsx
2025-07-08 18:07:15,690 - sistema_relatorios - relatorios_interface - INFO - Colunas disponíveis: ['Nome', 'Endereço', 'Data Inicial', 'Observações', 'Data Final']
2025-07-08 18:07:15,691 - sistema_relatorios - relatorios_interface - INFO - Coluna de status: Data Final
2025-07-08 18:07:15,693 - sistema_relatorios - relatorios_interface - INFO - Coluna de nome: Nome
2025-07-08 18:07:15,694 - sistema_relatorios - relatorios_interface - INFO - Total de clientes ativos encontrados: 14
2025-07-08 18:07:15,696 - sistema_relatorios - relatorios_interface - INFO - Lista de clientes carregada com 15 itens
2025-07-08 18:07:16,984 - sistema_relatorios - relatorios_interface - INFO - Data calculada automaticamente: 20/07/2025
2025-07-08 18:07:16,986 - sistema_relatorios - relatorios_interface - INFO - Data calculada automaticamente: 20/07/2025
2025-07-08 18:07:19,693 - sistema_relatorios - relatorios_interface - INFO - Modo manual ativado
2025-07-08 18:07:27,383 - sistema_relatorios - relatorios_interface - INFO - Cliente selecionado: RHAUFED RODRIGUES DOS SANTOS
2025-07-08 18:07:27,385 - sistema_relatorios - relatorios_interface - INFO - Arquivo encontrado: C:\Users\Obras\sistema_gestao_testes\testes\Financeiro\Clientes\RHAUFED RODRIGUES DOS SANTOS.xlsx
2025-07-08 18:07:27,392 - sistema_relatorios - relatorios_interface - INFO - Arquivo encontrado: C:\Users\Obras\sistema_gestao_testes\testes\Financeiro\Clientes\RHAUFED RODRIGUES DOS SANTOS.xlsx
2025-07-08 18:07:30,094 - sistema_relatorios - relatorios_interface - INFO - 🔍 INICIANDO gerar_relatorio para: despesas
2025-07-08 18:07:30,095 - sistema_relatorios - relatorios_interface - INFO - 🎯 PROCESSANDO: Relatório de despesas
2025-07-08 18:07:30,096 - sistema_relatorios - relatorios_interface - INFO - 🎯 PROCESSANDO DESPESAS - ARQUITETURA LIMPA
2025-07-08 18:07:30,097 - sistema_relatorios - relatorios_interface - INFO - Data final obtida: 2025-06-20 00:00:00 (tipo: <class 'datetime.datetime'>)
2025-07-08 18:07:30,097 - sistema_relatorios - relatorios_interface - INFO - ✅ Arquivo encontrado em arquivo_cliente_selecionado: C:\Users\Obras\sistema_gestao_testes\testes\Financeiro\Clientes\RHAUFED RODRIGUES DOS SANTOS.xlsx
2025-07-08 18:07:30,099 - sistema_relatorios - relatorios_interface - INFO - ✅ Arquivo final nas configurações: C:\Users\Obras\sistema_gestao_testes\testes\Financeiro\Clientes\RHAUFED RODRIGUES DOS SANTOS.xlsx
2025-07-08 18:07:30,100 - sistema_relatorios - relatorios_interface - INFO - ✅ Configurações coletadas
2025-07-08 18:07:30,101 - sistema_relatorios - relatorios_interface - INFO - ✅ Arquivo confirmado: RHAUFED RODRIGUES DOS SANTOS.xlsx
2025-07-08 18:07:31,683 - sistema_relatorios - relatorios_interface - INFO - Modo selecionado: Preview
2025-07-08 18:07:31,684 - sistema_relatorios - relatorios_interface - INFO - 🎯 EXECUTANDO COM PREVIEW DIRETO - PDF TEMPORÁRIO
2025-07-08 18:07:32,990 - sistema_relatorios - relatorios_interface - INFO - ✅ Janela de decisão criada
2025-07-08 18:07:43,966 - sistema_relatorios - relatorios_interface - INFO - 🗑️ PDF temporário agendado para remoção: PREVIEW_RHAUFED_RODRIGUES_DOS_SANTOS_20250708_180732.pdf
2025-07-08 18:07:45,978 - sistema_relatorios - relatorios_interface - INFO - 🗑️ Arquivo temporário removido: PREVIEW_RHAUFED_RODRIGUES_DOS_SANTOS_20250708_180732.pdf
2025-07-08 18:07:54,544 - sistema_relatorios - relatorios_interface - INFO - Cliente selecionado: MARCIA UBERENICE NOGUEIRA
2025-07-08 18:07:54,547 - sistema_relatorios - relatorios_interface - INFO - Arquivo encontrado: C:\Users\Obras\sistema_gestao_testes\testes\Financeiro\Clientes\MARCIA UBERENICE NOGUEIRA.xlsx
2025-07-08 18:07:54,548 - sistema_relatorios - relatorios_interface - INFO - Arquivo encontrado: C:\Users\Obras\sistema_gestao_testes\testes\Financeiro\Clientes\MARCIA UBERENICE NOGUEIRA.xlsx
2025-07-08 18:07:56,494 - sistema_relatorios - relatorios_interface - INFO - 🔍 INICIANDO gerar_relatorio para: despesas
2025-07-08 18:07:56,494 - sistema_relatorios - relatorios_interface - INFO - 🎯 PROCESSANDO: Relatório de despesas
2025-07-08 18:07:56,496 - sistema_relatorios - relatorios_interface - INFO - 🎯 PROCESSANDO DESPESAS - ARQUITETURA LIMPA
2025-07-08 18:07:56,497 - sistema_relatorios - relatorios_interface - INFO - Data final obtida: 2025-06-20 00:00:00 (tipo: <class 'datetime.datetime'>)
2025-07-08 18:07:56,498 - sistema_relatorios - relatorios_interface - INFO - ✅ Arquivo encontrado em arquivo_cliente_selecionado: C:\Users\Obras\sistema_gestao_testes\testes\Financeiro\Clientes\MARCIA UBERENICE NOGUEIRA.xlsx
2025-07-08 18:07:56,499 - sistema_relatorios - relatorios_interface - INFO - ✅ Arquivo final nas configurações: C:\Users\Obras\sistema_gestao_testes\testes\Financeiro\Clientes\MARCIA UBERENICE NOGUEIRA.xlsx
2025-07-08 18:07:56,500 - sistema_relatorios - relatorios_interface - INFO - ✅ Configurações coletadas
2025-07-08 18:07:56,501 - sistema_relatorios - relatorios_interface - INFO - ✅ Arquivo confirmado: MARCIA UBERENICE NOGUEIRA.xlsx
2025-07-08 18:07:59,258 - sistema_relatorios - relatorios_interface - INFO - Modo selecionado: Preview
2025-07-08 18:07:59,260 - sistema_relatorios - relatorios_interface - INFO - 🎯 EXECUTANDO COM PREVIEW DIRETO - PDF TEMPORÁRIO
2025-07-08 18:07:59,985 - sistema_relatorios - relatorios_interface - INFO - ✅ Janela de decisão criada
2025-07-08 18:08:38,038 - sistema_relatorios - relatorios_interface - INFO - 🗑️ PDF temporário agendado para remoção: PREVIEW_MARCIA_UBERENICE_NOGUEIRA_20250708_180759.pdf
2025-07-08 18:08:40,044 - sistema_relatorios - relatorios_interface - INFO - 🗑️ Arquivo temporário removido: PREVIEW_MARCIA_UBERENICE_NOGUEIRA_20250708_180759.pdf
2025-07-08 18:08:42,909 - sistema_relatorios - relatorios_interface - INFO - Solicitado retorno ao menu principal
2025-07-08 18:08:42,911 - sistema_relatorios - relatorios_interface - INFO - Retornando ao menu principal existente
2025-07-08 18:08:43,014 - sistema_relatorios - relatorios_interface - INFO - Retorno ao menu principal concluído
2025-07-08 18:18:56,228 - sistema - logger_config - INFO - Sistema de logging inicializado
2025-07-08 18:18:56,229 - sistema_principal - logger_config - INFO - Usuário alterado para: sistema_principal
2025-07-08 18:18:56,230 - sistema_principal - sistema_principal - INFO - Abrindo sistema de relatórios
2025-07-08 18:18:56,273 - sistema_relatorios - logger_config - INFO - Usuário alterado para: sistema_relatorios
2025-07-08 18:18:56,274 - sistema_relatorios - relatorios_interface - INFO - Sistema de relatórios inicializando usando logger configurado
2025-07-08 18:18:56,274 - sistema_relatorios - relatorios_interface - INFO - Configurações de janela importadas com sucesso
2025-07-08 18:18:56,275 - sistema_relatorios - relatorios_interface - INFO - === Sistema de Relatórios Inicializando ===
2025-07-08 18:18:58,008 - sistema_relatorios - relatorios_interface - INFO - Carregando clientes de: C:\Users\Obras\sistema_gestao_testes\testes\Financeiro\Planilhas_Base\clientes.xlsx
2025-07-08 18:18:58,066 - sistema_relatorios - relatorios_interface - INFO - Colunas disponíveis: ['Nome', 'Endereço', 'Data Inicial', 'Observações', 'Data Final']
2025-07-08 18:18:58,067 - sistema_relatorios - relatorios_interface - INFO - Coluna de status: Data Final
2025-07-08 18:18:58,078 - sistema_relatorios - relatorios_interface - INFO - Coluna de nome: Nome
2025-07-08 18:18:58,079 - sistema_relatorios - relatorios_interface - INFO - Total de clientes ativos encontrados: 14
2025-07-08 18:18:58,081 - sistema_relatorios - relatorios_interface - INFO - Lista de clientes atualizada com 15 clientes
2025-07-08 18:18:58,114 - sistema_relatorios - relatorios_interface - INFO - Carregando clientes de: C:\Users\Obras\sistema_gestao_testes\testes\Financeiro\Planilhas_Base\clientes.xlsx
2025-07-08 18:18:58,131 - sistema_relatorios - relatorios_interface - INFO - Colunas disponíveis: ['Nome', 'Endereço', 'Data Inicial', 'Observações', 'Data Final']
2025-07-08 18:18:58,132 - sistema_relatorios - relatorios_interface - INFO - Coluna de status: Data Final
2025-07-08 18:18:58,134 - sistema_relatorios - relatorios_interface - INFO - Coluna de nome: Nome
2025-07-08 18:18:58,135 - sistema_relatorios - relatorios_interface - INFO - Total de clientes ativos encontrados: 14
2025-07-08 18:18:58,139 - sistema_relatorios - relatorios_interface - INFO - Lista de clientes carregada com 15 itens
2025-07-08 18:18:59,843 - sistema_relatorios - relatorios_interface - INFO - Data calculada automaticamente: 20/07/2025
2025-07-08 18:18:59,843 - sistema_relatorios - relatorios_interface - INFO - Data calculada automaticamente: 20/07/2025
2025-07-08 18:19:04,005 - sistema_relatorios - relatorios_interface - INFO - Modo manual ativado
2025-07-08 18:19:10,056 - sistema_relatorios - relatorios_interface - INFO - Cliente selecionado: ANA AUGUSTA PIRES COUTINHO
2025-07-08 18:19:10,057 - sistema_relatorios - relatorios_interface - INFO - Arquivo encontrado: C:\Users\Obras\sistema_gestao_testes\testes\Financeiro\Clientes\ANA AUGUSTA PIRES COUTINHO.xlsx
2025-07-08 18:19:10,064 - sistema_relatorios - relatorios_interface - INFO - Arquivo encontrado: C:\Users\Obras\sistema_gestao_testes\testes\Financeiro\Clientes\ANA AUGUSTA PIRES COUTINHO.xlsx
2025-07-08 18:19:12,037 - sistema_relatorios - relatorios_interface - INFO - 🔍 INICIANDO gerar_relatorio para: despesas
2025-07-08 18:19:12,038 - sistema_relatorios - relatorios_interface - INFO - 🎯 PROCESSANDO: Relatório de despesas
2025-07-08 18:19:12,039 - sistema_relatorios - relatorios_interface - INFO - 🎯 PROCESSANDO DESPESAS - ARQUITETURA LIMPA
2025-07-08 18:19:12,040 - sistema_relatorios - relatorios_interface - INFO - Data final obtida: 2025-07-05 00:00:00 (tipo: <class 'datetime.datetime'>)
2025-07-08 18:19:12,040 - sistema_relatorios - relatorios_interface - INFO - ✅ Arquivo encontrado em arquivo_cliente_selecionado: C:\Users\Obras\sistema_gestao_testes\testes\Financeiro\Clientes\ANA AUGUSTA PIRES COUTINHO.xlsx
2025-07-08 18:19:12,041 - sistema_relatorios - relatorios_interface - INFO - ✅ Arquivo final nas configurações: C:\Users\Obras\sistema_gestao_testes\testes\Financeiro\Clientes\ANA AUGUSTA PIRES COUTINHO.xlsx
2025-07-08 18:19:12,043 - sistema_relatorios - relatorios_interface - INFO - ✅ Configurações coletadas
2025-07-08 18:19:12,043 - sistema_relatorios - relatorios_interface - INFO - ✅ Arquivo confirmado: ANA AUGUSTA PIRES COUTINHO.xlsx
2025-07-08 18:19:13,691 - sistema_relatorios - relatorios_interface - INFO - Modo selecionado: Preview
2025-07-08 18:19:13,692 - sistema_relatorios - relatorios_interface - INFO - 🎯 EXECUTANDO COM PREVIEW DIRETO - PDF TEMPORÁRIO
2025-07-08 18:19:14,553 - sistema_relatorios - relatorios_interface - INFO - ✅ Janela de decisão criada
2025-07-08 18:19:22,222 - sistema_relatorios - relatorios_interface - INFO - 🗑️ PDF temporário agendado para remoção: PREVIEW_ANA_AUGUSTA_PIRES_COUTINHO_20250708_181914.pdf
2025-07-08 18:19:24,226 - sistema_relatorios - relatorios_interface - INFO - 🗑️ Arquivo temporário removido: PREVIEW_ANA_AUGUSTA_PIRES_COUTINHO_20250708_181914.pdf
2025-07-08 18:19:29,277 - sistema_relatorios - relatorios_interface - INFO - Solicitado retorno ao menu principal
2025-07-08 18:19:29,278 - sistema_relatorios - relatorios_interface - INFO - Retornando ao menu principal existente
2025-07-08 18:19:29,365 - sistema_relatorios - relatorios_interface - INFO - Retorno ao menu principal concluído
2025-07-08 18:54:18,637 - sistema - logger_config - INFO - Sistema de logging inicializado
2025-07-08 18:54:18,638 - sistema_relatorios - logger_config - INFO - Usuário alterado para: sistema_relatorios
2025-07-08 18:54:18,639 - sistema_relatorios - relatorios_interface - INFO - Sistema de relatórios inicializando usando logger configurado
2025-07-08 18:54:18,640 - sistema_relatorios - relatorios_interface - INFO - Configurações de janela importadas com sucesso
2025-07-08 18:54:18,640 - sistema_relatorios - relatorios_interface - INFO - === Sistema de Relatórios Inicializando ===
