2025-10-15 09:06:54,152 - sistema - logger_config - INFO - Sistema de logging inicializado
2025-10-15 09:06:54,155 - sistema_principal - logger_config - INFO - Usuário alterado para: sistema_principal
2025-10-15 09:06:54,155 - sistema_principal - sistema_principal - INFO - Abrindo sistema de relatórios
2025-10-15 09:06:54,355 - sistema_relatorios - logger_config - INFO - Usuário alterado para: sistema_relatorios
2025-10-15 09:06:54,370 - sistema_relatorios - relatorios_interface - INFO - Sistema de relatórios inicializando usando logger configurado
2025-10-15 09:06:54,370 - sistema_relatorios - relatorios_interface - INFO - Configurações de janela importadas com sucesso
2025-10-15 09:06:54,370 - sistema_relatorios - relatorios_interface - INFO - === Sistema de Relatórios Inicializando ===
2025-10-15 09:07:02,433 - sistema_relatorios - relatorios_interface - INFO - Carregando clientes de: C:\Users\Obras\sistema_gestao_testes\testes\Financeiro\Planilhas_Base\clientes.xlsx
2025-10-15 09:07:02,539 - sistema_relatorios - relatorios_interface - INFO - Colunas disponíveis: ['Nome', 'Endereço', 'Data Inicial', 'Observações', 'Data Final']
2025-10-15 09:07:02,539 - sistema_relatorios - relatorios_interface - INFO - Coluna de status: Data Final
2025-10-15 09:07:02,563 - sistema_relatorios - relatorios_interface - INFO - Coluna de nome: Nome
2025-10-15 09:07:02,563 - sistema_relatorios - relatorios_interface - INFO - Total de clientes ativos encontrados: 15
2025-10-15 09:07:02,566 - sistema_relatorios - relatorios_interface - INFO - Lista de clientes atualizada com 16 clientes
2025-10-15 09:07:02,607 - sistema_relatorios - relatorios_interface - INFO - Carregando clientes de: C:\Users\Obras\sistema_gestao_testes\testes\Financeiro\Planilhas_Base\clientes.xlsx
2025-10-15 09:07:02,623 - sistema_relatorios - relatorios_interface - INFO - Colunas disponíveis: ['Nome', 'Endereço', 'Data Inicial', 'Observações', 'Data Final']
2025-10-15 09:07:02,624 - sistema_relatorios - relatorios_interface - INFO - Coluna de status: Data Final
2025-10-15 09:07:02,626 - sistema_relatorios - relatorios_interface - INFO - Coluna de nome: Nome
2025-10-15 09:07:02,627 - sistema_relatorios - relatorios_interface - INFO - Total de clientes ativos encontrados: 15
2025-10-15 09:07:02,628 - sistema_relatorios - relatorios_interface - INFO - Lista de clientes carregada com 16 itens
2025-10-15 09:07:09,425 - sistema_relatorios - relatorios_interface - INFO - 🔍 INICIANDO gerar_relatorio para: tipo_despesa
2025-10-15 09:07:09,425 - sistema_relatorios - relatorios_interface - INFO - 📋 Processando outros relatórios: tipo_despesa
2025-10-15 09:07:48,678 - sistema_relatorios - relatorios_interface - INFO - Solicitado retorno ao menu principal
2025-10-15 09:07:48,678 - sistema_relatorios - relatorios_interface - INFO - Retornando ao menu principal existente
2025-10-15 09:07:48,731 - sistema_relatorios - relatorios_interface - INFO - Retorno ao menu principal concluído
2025-10-15 09:07:55,349 - sistema_relatorios - logger_config - INFO - Iniciando: Carregar configurações
2025-10-15 09:07:55,369 - sistema_relatorios - logger_config - INFO - Concluído: Carregar configurações
2025-10-15 09:07:55,373 - sistema_relatorios - logger_config - INFO - Iniciando: Carregar configurações
2025-10-15 09:07:55,375 - sistema_relatorios - logger_config - INFO - Concluído: Carregar configurações
2025-10-15 09:12:33,110 - sistema_relatorios - logger_config - INFO - Iniciando: Carregar configurações
2025-10-15 09:12:33,110 - sistema_relatorios - logger_config - INFO - Concluído: Carregar configurações
2025-10-15 09:15:19,459 - sistema_relatorios - Sistema_Entrada_Dados - INFO - Iniciando adição de dados - Cliente: EDUARDO MORENO MARQUES
2025-10-15 09:15:20,878 - sistema_relatorios - Sistema_Entrada_Dados - INFO - Dados adicionados com sucesso - Cliente: EDUARDO MORENO MARQUES, Total: 1
2025-10-15 09:15:31,687 - sistema_relatorios - logger_config - INFO - Iniciando: Carregar configurações
2025-10-15 09:15:31,687 - sistema_relatorios - logger_config - INFO - Concluído: Carregar configurações
2025-10-15 09:16:17,610 - sistema_relatorios - Sistema_Entrada_Dados - INFO - Iniciando adição de dados - Cliente: EDUARDO MORENO MARQUES
2025-10-15 09:16:18,682 - sistema_relatorios - Sistema_Entrada_Dados - INFO - Dados adicionados com sucesso - Cliente: EDUARDO MORENO MARQUES, Total: 2
2025-10-15 09:16:28,016 - sistema_relatorios - logger_config - INFO - Iniciando: Carregar configurações
2025-10-15 09:16:28,016 - sistema_relatorios - logger_config - INFO - Concluído: Carregar configurações
2025-10-15 09:17:11,505 - sistema_relatorios - Sistema_Entrada_Dados - INFO - Iniciando adição de dados - Cliente: EDUARDO MORENO MARQUES
2025-10-15 09:17:12,404 - sistema_relatorios - Sistema_Entrada_Dados - INFO - Dados adicionados com sucesso - Cliente: EDUARDO MORENO MARQUES, Total: 3
2025-10-15 09:17:22,831 - sistema_relatorios - logger_config - INFO - Iniciando: Carregar configurações
2025-10-15 09:17:22,831 - sistema_relatorios - logger_config - INFO - Concluído: Carregar configurações
2025-10-15 09:17:59,392 - sistema_relatorios - Sistema_Entrada_Dados - INFO - Iniciando adição de dados - Cliente: EDUARDO MORENO MARQUES
2025-10-15 09:18:00,987 - sistema_relatorios - Sistema_Entrada_Dados - INFO - Dados adicionados com sucesso - Cliente: EDUARDO MORENO MARQUES, Total: 4
2025-10-15 09:18:36,926 - sistema_relatorios - logger_config - INFO - Iniciando: Carregar configurações
2025-10-15 09:18:36,926 - sistema_relatorios - logger_config - INFO - Iniciando: Carregar configurações
2025-10-15 09:18:36,926 - sistema_relatorios - logger_config - INFO - Concluído: Carregar configurações
2025-10-15 09:18:36,926 - sistema_relatorios - logger_config - INFO - Concluído: Carregar configurações
2025-10-15 09:18:36,941 - sistema_relatorios - logger_config - INFO - Iniciando: Carregar configurações
2025-10-15 09:18:36,941 - sistema_relatorios - logger_config - INFO - Concluído: Carregar configurações
2025-10-15 09:18:36,941 - sistema_relatorios - logger_config - INFO - Iniciando: Carregar configurações
2025-10-15 09:18:36,941 - sistema_relatorios - logger_config - INFO - Concluído: Carregar configurações
2025-10-15 09:20:34,841 - sistema_relatorios - logger_config - INFO - Iniciando: Carregar configurações
2025-10-15 09:20:34,841 - sistema_relatorios - logger_config - INFO - Concluído: Carregar configurações
2025-10-15 09:21:15,227 - sistema_relatorios - Sistema_Entrada_Dados - INFO - Iniciando adição de dados - Cliente: EDUARDO MORENO MARQUES
2025-10-15 09:21:16,278 - sistema_relatorios - Sistema_Entrada_Dados - INFO - Dados adicionados com sucesso - Cliente: EDUARDO MORENO MARQUES, Total: 5
2025-10-15 09:21:23,989 - sistema_relatorios - logger_config - INFO - Iniciando: Carregar configurações
2025-10-15 09:21:23,989 - sistema_relatorios - logger_config - INFO - Concluído: Carregar configurações
2025-10-15 09:21:53,345 - sistema_relatorios - Sistema_Entrada_Dados - INFO - Iniciando adição de dados - Cliente: EDUARDO MORENO MARQUES
2025-10-15 09:21:54,430 - sistema_relatorios - Sistema_Entrada_Dados - INFO - Dados adicionados com sucesso - Cliente: EDUARDO MORENO MARQUES, Total: 6
2025-10-15 09:22:34,453 - sistema_relatorios - logger_config - INFO - Iniciando: Carregar configurações
2025-10-15 09:22:34,453 - sistema_relatorios - logger_config - INFO - Iniciando: Carregar configurações
2025-10-15 09:22:34,453 - sistema_relatorios - logger_config - INFO - Concluído: Carregar configurações
2025-10-15 09:22:34,453 - sistema_relatorios - logger_config - INFO - Concluído: Carregar configurações
2025-10-15 09:22:34,468 - sistema_relatorios - logger_config - INFO - Iniciando: Carregar configurações
2025-10-15 09:22:34,473 - sistema_relatorios - logger_config - INFO - Concluído: Carregar configurações
2025-10-15 09:22:34,476 - sistema_relatorios - logger_config - INFO - Iniciando: Carregar configurações
2025-10-15 09:22:34,476 - sistema_relatorios - logger_config - INFO - Concluído: Carregar configurações
2025-10-15 09:23:16,912 - sistema_relatorios - logger_config - INFO - Iniciando: Carregar configurações
2025-10-15 09:23:16,912 - sistema_relatorios - logger_config - INFO - Concluído: Carregar configurações
2025-10-15 09:23:49,948 - sistema_relatorios - Sistema_Entrada_Dados - INFO - Iniciando adição de dados - Cliente: EDUARDO MORENO MARQUES
2025-10-15 09:23:51,262 - sistema_relatorios - Sistema_Entrada_Dados - INFO - Dados adicionados com sucesso - Cliente: EDUARDO MORENO MARQUES, Total: 7
2025-10-15 09:24:12,000 - sistema_relatorios - logger_config - INFO - Iniciando: Carregar configurações
2025-10-15 09:24:12,000 - sistema_relatorios - logger_config - INFO - Concluído: Carregar configurações
2025-10-15 09:24:47,968 - sistema_relatorios - Sistema_Entrada_Dados - INFO - Iniciando adição de dados - Cliente: EDUARDO MORENO MARQUES
2025-10-15 09:24:49,126 - sistema_relatorios - Sistema_Entrada_Dados - INFO - Dados adicionados com sucesso - Cliente: EDUARDO MORENO MARQUES, Total: 8
2025-10-15 09:25:01,676 - sistema_relatorios - logger_config - INFO - Iniciando: Carregar configurações
2025-10-15 09:25:01,676 - sistema_relatorios - logger_config - INFO - Concluído: Carregar configurações
2025-10-15 09:25:42,979 - sistema_relatorios - Sistema_Entrada_Dados - INFO - Iniciando adição de dados - Cliente: EDUARDO MORENO MARQUES
2025-10-15 09:25:44,259 - sistema_relatorios - Sistema_Entrada_Dados - INFO - Dados adicionados com sucesso - Cliente: EDUARDO MORENO MARQUES, Total: 9
2025-10-15 09:25:53,829 - sistema_relatorios - logger_config - INFO - Iniciando: Carregar configurações
2025-10-15 09:25:53,829 - sistema_relatorios - logger_config - INFO - Concluído: Carregar configurações
2025-10-15 09:26:25,991 - sistema_relatorios - Sistema_Entrada_Dados - INFO - Iniciando adição de dados - Cliente: EDUARDO MORENO MARQUES
2025-10-15 09:26:27,042 - sistema_relatorios - Sistema_Entrada_Dados - INFO - Dados adicionados com sucesso - Cliente: EDUARDO MORENO MARQUES, Total: 10
2025-10-15 09:26:48,000 - sistema_relatorios - logger_config - INFO - Iniciando: Carregar configurações
2025-10-15 09:26:48,000 - sistema_relatorios - logger_config - INFO - Concluído: Carregar configurações
2025-10-15 09:27:49,745 - sistema_relatorios - Sistema_Entrada_Dados - INFO - Iniciando adição de dados - Cliente: EDUARDO MORENO MARQUES
2025-10-15 09:27:51,099 - sistema_relatorios - Sistema_Entrada_Dados - INFO - Dados adicionados com sucesso - Cliente: EDUARDO MORENO MARQUES, Total: 11
2025-10-15 09:27:58,936 - sistema_relatorios - logger_config - INFO - Iniciando: Carregar configurações
2025-10-15 09:27:58,951 - sistema_relatorios - logger_config - INFO - Concluído: Carregar configurações
2025-10-15 09:28:35,112 - sistema_relatorios - Sistema_Entrada_Dados - INFO - Iniciando adição de dados - Cliente: EDUARDO MORENO MARQUES
2025-10-15 09:28:36,381 - sistema_relatorios - Sistema_Entrada_Dados - INFO - Dados adicionados com sucesso - Cliente: EDUARDO MORENO MARQUES, Total: 12
2025-10-15 09:28:54,804 - sistema_relatorios - Sistema_Entrada_Dados - INFO - Iniciando envio de dados - Cliente: EDUARDO MORENO MARQUES, Registros: 12
2025-10-15 09:28:54,804 - sistema_relatorios - Sistema_Entrada_Dados - INFO - Obtendo dados do visualizador
2025-10-15 09:28:54,804 - sistema_relatorios - Sistema_Entrada_Dados - INFO - Total de registros a processar: 12
2025-10-15 09:28:54,804 - sistema_relatorios - Sistema_Entrada_Dados - INFO - Datas que serão afetadas pela inserção: ['05/09/2025']
2025-10-15 09:28:54,804 - sistema_relatorios - Sistema_Entrada_Dados - INFO - Salvando em: C:\Users\Obras\sistema_gestao_testes\testes\Financeiro\Clientes\EDUARDO MORENO MARQUES.xlsx
2025-10-15 09:28:54,820 - sistema_relatorios - Sistema_Entrada_Dados - INFO - Verificando integridade dos IDs antes da inserção
2025-10-15 09:28:55,640 - sistema_relatorios - Sistema_Entrada_Dados - ERROR - 🔍 MÉTODO DE VERIFICAÇÃO FOI CHAMADO!
2025-10-15 09:28:55,644 - sistema_relatorios - Sistema_Entrada_Dados - INFO - === INICIANDO VERIFICAÇÃO DE DUPLICIDADE ===
2025-10-15 09:28:55,645 - sistema_relatorios - Sistema_Entrada_Dados - INFO - Dados novos: GKM COMERCIAL | SERRA COPA E REBOLO | R$ 274.70 | 08/09/2025
2025-10-15 09:28:55,710 - sistema_relatorios - Sistema_Entrada_Dados - INFO - ✅ Nenhuma duplicata encontrada para: GKM COMERCIAL - SERRA COPA E REBOLO
2025-10-15 09:28:55,712 - sistema_relatorios - Sistema_Entrada_Dados - ERROR - 🔍 MÉTODO DE VERIFICAÇÃO FOI CHAMADO!
2025-10-15 09:28:55,712 - sistema_relatorios - Sistema_Entrada_Dados - INFO - === INICIANDO VERIFICAÇÃO DE DUPLICIDADE ===
2025-10-15 09:28:55,712 - sistema_relatorios - Sistema_Entrada_Dados - INFO - Dados novos: LOCFER | MARTELETE, SERRA E RODIZIOS | R$ 451.00 | 10/09/2025
2025-10-15 09:28:55,757 - sistema_relatorios - Sistema_Entrada_Dados - INFO - ✅ Nenhuma duplicata encontrada para: LOCFER - MARTELETE, SERRA E RODIZIOS
2025-10-15 09:28:55,757 - sistema_relatorios - Sistema_Entrada_Dados - ERROR - 🔍 MÉTODO DE VERIFICAÇÃO FOI CHAMADO!
2025-10-15 09:28:55,757 - sistema_relatorios - Sistema_Entrada_Dados - INFO - === INICIANDO VERIFICAÇÃO DE DUPLICIDADE ===
2025-10-15 09:28:55,757 - sistema_relatorios - Sistema_Entrada_Dados - INFO - Dados novos: DALLMINAS COMERCIAL LTDA | DOWSIL | R$ 695.40 | 19/08/2025
2025-10-15 09:28:55,808 - sistema_relatorios - Sistema_Entrada_Dados - INFO - ✅ Nenhuma duplicata encontrada para: DALLMINAS COMERCIAL LTDA - DOWSIL
2025-10-15 09:28:55,808 - sistema_relatorios - Sistema_Entrada_Dados - ERROR - 🔍 MÉTODO DE VERIFICAÇÃO FOI CHAMADO!
2025-10-15 09:28:55,808 - sistema_relatorios - Sistema_Entrada_Dados - INFO - === INICIANDO VERIFICAÇÃO DE DUPLICIDADE ===
2025-10-15 09:28:55,808 - sistema_relatorios - Sistema_Entrada_Dados - INFO - Dados novos: GKM COMERCIAL | ZARCÃO | R$ 139.90 | 15/09/2025
2025-10-15 09:28:55,875 - sistema_relatorios - Sistema_Entrada_Dados - INFO - ✅ Nenhuma duplicata encontrada para: GKM COMERCIAL - ZARCÃO
2025-10-15 09:28:55,875 - sistema_relatorios - Sistema_Entrada_Dados - ERROR - 🔍 MÉTODO DE VERIFICAÇÃO FOI CHAMADO!
2025-10-15 09:28:55,875 - sistema_relatorios - Sistema_Entrada_Dados - INFO - === INICIANDO VERIFICAÇÃO DE DUPLICIDADE ===
2025-10-15 09:28:55,875 - sistema_relatorios - Sistema_Entrada_Dados - INFO - Dados novos: FMFERRAZ | TUBOS E CHAPAS | R$ 3500.00 | 19/08/2025
2025-10-15 09:28:55,925 - sistema_relatorios - Sistema_Entrada_Dados - INFO - ✅ Nenhuma duplicata encontrada para: FMFERRAZ - TUBOS E CHAPAS
2025-10-15 09:28:55,925 - sistema_relatorios - Sistema_Entrada_Dados - ERROR - 🔍 MÉTODO DE VERIFICAÇÃO FOI CHAMADO!
2025-10-15 09:28:55,925 - sistema_relatorios - Sistema_Entrada_Dados - INFO - === INICIANDO VERIFICAÇÃO DE DUPLICIDADE ===
2025-10-15 09:28:55,925 - sistema_relatorios - Sistema_Entrada_Dados - INFO - Dados novos: JB CIMENTO | CIMENTO | R$ 2750.00 | 19/09/2025
2025-10-15 09:28:55,975 - sistema_relatorios - Sistema_Entrada_Dados - INFO - ✅ Nenhuma duplicata encontrada para: JB CIMENTO - CIMENTO
2025-10-15 09:28:55,975 - sistema_relatorios - Sistema_Entrada_Dados - ERROR - 🔍 MÉTODO DE VERIFICAÇÃO FOI CHAMADO!
2025-10-15 09:28:55,975 - sistema_relatorios - Sistema_Entrada_Dados - INFO - === INICIANDO VERIFICAÇÃO DE DUPLICIDADE ===
2025-10-15 09:28:55,975 - sistema_relatorios - Sistema_Entrada_Dados - INFO - Dados novos: IMPERMATEX | DRYKOMANTA E VEDACIT | R$ 6545.00 | 19/09/2025
2025-10-15 09:28:56,026 - sistema_relatorios - Sistema_Entrada_Dados - INFO - ✅ Nenhuma duplicata encontrada para: IMPERMATEX - DRYKOMANTA E VEDACIT
2025-10-15 09:28:56,026 - sistema_relatorios - Sistema_Entrada_Dados - ERROR - 🔍 MÉTODO DE VERIFICAÇÃO FOI CHAMADO!
2025-10-15 09:28:56,026 - sistema_relatorios - Sistema_Entrada_Dados - INFO - === INICIANDO VERIFICAÇÃO DE DUPLICIDADE ===
2025-10-15 09:28:56,026 - sistema_relatorios - Sistema_Entrada_Dados - INFO - Dados novos: UNIVERSO ELÉTRICO LTDA | MATERIAIS ELÉTRICOS | R$ 514.60 | 10/09/2025
2025-10-15 09:28:56,072 - sistema_relatorios - Sistema_Entrada_Dados - INFO - ✅ Nenhuma duplicata encontrada para: UNIVERSO ELÉTRICO LTDA - MATERIAIS ELÉTRICOS
2025-10-15 09:28:56,075 - sistema_relatorios - Sistema_Entrada_Dados - ERROR - 🔍 MÉTODO DE VERIFICAÇÃO FOI CHAMADO!
2025-10-15 09:28:56,075 - sistema_relatorios - Sistema_Entrada_Dados - INFO - === INICIANDO VERIFICAÇÃO DE DUPLICIDADE ===
2025-10-15 09:28:56,075 - sistema_relatorios - Sistema_Entrada_Dados - INFO - Dados novos: LOCFER | BETONEIRA, MARTELO, MARTELETE E ESMERILHADEIRA | R$ 975.00 | 17/09/2025
2025-10-15 09:28:56,125 - sistema_relatorios - Sistema_Entrada_Dados - INFO - ✅ Nenhuma duplicata encontrada para: LOCFER - BETONEIRA, MARTELO, MARTELETE E ESMERILHADEIRA
2025-10-15 09:28:56,125 - sistema_relatorios - Sistema_Entrada_Dados - ERROR - 🔍 MÉTODO DE VERIFICAÇÃO FOI CHAMADO!
2025-10-15 09:28:56,125 - sistema_relatorios - Sistema_Entrada_Dados - INFO - === INICIANDO VERIFICAÇÃO DE DUPLICIDADE ===
2025-10-15 09:28:56,125 - sistema_relatorios - Sistema_Entrada_Dados - INFO - Dados novos: JB CIMENTO | CIMENTO | R$ 2750.00 | 19/09/2025
2025-10-15 09:28:56,175 - sistema_relatorios - Sistema_Entrada_Dados - INFO - ✅ Nenhuma duplicata encontrada para: JB CIMENTO - CIMENTO
2025-10-15 09:28:56,175 - sistema_relatorios - Sistema_Entrada_Dados - ERROR - 🔍 MÉTODO DE VERIFICAÇÃO FOI CHAMADO!
2025-10-15 09:28:56,175 - sistema_relatorios - Sistema_Entrada_Dados - INFO - === INICIANDO VERIFICAÇÃO DE DUPLICIDADE ===
2025-10-15 09:28:56,175 - sistema_relatorios - Sistema_Entrada_Dados - INFO - Dados novos: VR AREIA E BRITA | AREIA E BRITA - PED. 5594 / 5597 | R$ 2720.00 | 05/09/2025
2025-10-15 09:28:56,215 - sistema_relatorios - Sistema_Entrada_Dados - INFO - ✅ Nenhuma duplicata encontrada para: VR AREIA E BRITA - AREIA E BRITA - PED. 5594 / 5597
2025-10-15 09:28:56,225 - sistema_relatorios - Sistema_Entrada_Dados - ERROR - 🔍 MÉTODO DE VERIFICAÇÃO FOI CHAMADO!
2025-10-15 09:28:56,225 - sistema_relatorios - Sistema_Entrada_Dados - INFO - === INICIANDO VERIFICAÇÃO DE DUPLICIDADE ===
2025-10-15 09:28:56,225 - sistema_relatorios - Sistema_Entrada_Dados - INFO - Dados novos: LOCFER | SERRA, GUINCHO E PEDESTAL | R$ 765.00 | 05/09/2025
2025-10-15 09:28:56,275 - sistema_relatorios - Sistema_Entrada_Dados - INFO - ✅ Nenhuma duplicata encontrada para: LOCFER - SERRA, GUINCHO E PEDESTAL
2025-10-15 09:28:56,275 - sistema_relatorios - Sistema_Entrada_Dados - INFO - Lançamento inserido com ID 815 na linha 816
2025-10-15 09:28:56,286 - sistema_relatorios - Sistema_Entrada_Dados - INFO - Lançamento inserido com ID 816 na linha 817
2025-10-15 09:28:56,291 - sistema_relatorios - Sistema_Entrada_Dados - INFO - Lançamento inserido com ID 817 na linha 818
2025-10-15 09:28:56,297 - sistema_relatorios - Sistema_Entrada_Dados - INFO - Lançamento inserido com ID 818 na linha 819
2025-10-15 09:28:56,303 - sistema_relatorios - Sistema_Entrada_Dados - INFO - Lançamento inserido com ID 819 na linha 820
2025-10-15 09:28:56,308 - sistema_relatorios - Sistema_Entrada_Dados - INFO - Lançamento inserido com ID 820 na linha 821
2025-10-15 09:28:56,315 - sistema_relatorios - Sistema_Entrada_Dados - INFO - Lançamento inserido com ID 821 na linha 822
2025-10-15 09:28:56,321 - sistema_relatorios - Sistema_Entrada_Dados - INFO - Lançamento inserido com ID 822 na linha 823
2025-10-15 09:28:56,328 - sistema_relatorios - Sistema_Entrada_Dados - INFO - Lançamento inserido com ID 823 na linha 824
2025-10-15 09:28:56,332 - sistema_relatorios - Sistema_Entrada_Dados - INFO - Lançamento inserido com ID 824 na linha 825
2025-10-15 09:28:56,338 - sistema_relatorios - Sistema_Entrada_Dados - INFO - Lançamento inserido com ID 825 na linha 826
2025-10-15 09:28:56,345 - sistema_relatorios - Sistema_Entrada_Dados - INFO - Lançamento inserido com ID 826 na linha 827
2025-10-15 09:28:56,817 - sistema_relatorios - Sistema_Entrada_Dados - INFO - Iniciando verificação de recálculo para 1 datas
2025-10-15 09:28:57,321 - sistema_relatorios - Sistema_Entrada_Dados - INFO - Verificando necessidade de recálculo para 2025-09-05
2025-10-15 09:28:57,847 - sistema_relatorios - Sistema_Entrada_Dados - INFO - 2025-09-05: Sem taxas na data - recálculo desnecessário
2025-10-15 09:32:23,870 - sistema_relatorios - logger_config - INFO - Iniciando: Carregar configurações
2025-10-15 09:32:23,871 - sistema_relatorios - logger_config - INFO - Concluído: Carregar configurações
2025-10-15 09:32:36,575 - sistema_relatorios - logger_config - INFO - Iniciando: Carregar configurações
2025-10-15 09:32:36,575 - sistema_relatorios - logger_config - INFO - Concluído: Carregar configurações
2025-10-15 09:33:10,078 - sistema_relatorios - Sistema_Entrada_Dados - INFO - Iniciando adição de dados - Cliente: EDUARDO MORENO MARQUES
2025-10-15 09:33:11,242 - sistema_relatorios - Sistema_Entrada_Dados - INFO - Dados adicionados com sucesso - Cliente: EDUARDO MORENO MARQUES, Total: 1
2025-10-15 09:33:25,664 - sistema_relatorios - logger_config - INFO - Iniciando: Carregar configurações
2025-10-15 09:33:25,664 - sistema_relatorios - logger_config - INFO - Concluído: Carregar configurações
2025-10-15 09:33:43,771 - sistema_relatorios - Sistema_Entrada_Dados - INFO - Iniciando adição de dados - Cliente: EDUARDO MORENO MARQUES
2025-10-15 09:33:44,959 - sistema_relatorios - Sistema_Entrada_Dados - INFO - Dados adicionados com sucesso - Cliente: EDUARDO MORENO MARQUES, Total: 2
2025-10-15 09:37:12,060 - sistema_relatorios - logger_config - INFO - Iniciando: Carregar configurações
2025-10-15 09:37:12,060 - sistema_relatorios - logger_config - INFO - Concluído: Carregar configurações
2025-10-15 09:37:39,230 - sistema_relatorios - Sistema_Entrada_Dados - INFO - Iniciando adição de dados - Cliente: EDUARDO MORENO MARQUES
2025-10-15 09:37:41,313 - sistema_relatorios - Sistema_Entrada_Dados - INFO - Dados adicionados com sucesso - Cliente: EDUARDO MORENO MARQUES, Total: 3
2025-10-15 09:37:59,243 - sistema_relatorios - logger_config - INFO - Iniciando: Carregar configurações
2025-10-15 09:37:59,243 - sistema_relatorios - logger_config - INFO - Concluído: Carregar configurações
2025-10-15 09:38:33,794 - sistema_relatorios - Sistema_Entrada_Dados - INFO - Iniciando adição de dados - Cliente: EDUARDO MORENO MARQUES
2025-10-15 09:38:34,889 - sistema_relatorios - Sistema_Entrada_Dados - INFO - Dados adicionados com sucesso - Cliente: EDUARDO MORENO MARQUES, Total: 4
2025-10-15 09:38:51,819 - sistema_relatorios - logger_config - INFO - Iniciando: Carregar configurações
2025-10-15 09:38:51,819 - sistema_relatorios - logger_config - INFO - Concluído: Carregar configurações
2025-10-15 09:39:15,480 - sistema_relatorios - Sistema_Entrada_Dados - INFO - Iniciando adição de dados - Cliente: EDUARDO MORENO MARQUES
2025-10-15 09:39:16,576 - sistema_relatorios - Sistema_Entrada_Dados - INFO - Dados adicionados com sucesso - Cliente: EDUARDO MORENO MARQUES, Total: 5
2025-10-15 09:39:26,966 - sistema_relatorios - logger_config - INFO - Iniciando: Carregar configurações
2025-10-15 09:39:26,966 - sistema_relatorios - logger_config - INFO - Concluído: Carregar configurações
2025-10-15 09:40:08,446 - sistema_relatorios - Sistema_Entrada_Dados - INFO - Iniciando adição de dados - Cliente: EDUARDO MORENO MARQUES
2025-10-15 09:40:09,498 - sistema_relatorios - Sistema_Entrada_Dados - INFO - Dados adicionados com sucesso - Cliente: EDUARDO MORENO MARQUES, Total: 6
2025-10-15 09:40:31,203 - sistema_relatorios - logger_config - INFO - Iniciando: Carregar configurações
2025-10-15 09:40:31,203 - sistema_relatorios - logger_config - INFO - Iniciando: Carregar configurações
2025-10-15 09:40:31,203 - sistema_relatorios - logger_config - INFO - Concluído: Carregar configurações
2025-10-15 09:40:31,203 - sistema_relatorios - logger_config - INFO - Concluído: Carregar configurações
2025-10-15 09:40:31,203 - sistema_relatorios - logger_config - INFO - Iniciando: Carregar configurações
2025-10-15 09:40:31,203 - sistema_relatorios - logger_config - INFO - Concluído: Carregar configurações
2025-10-15 09:40:31,221 - sistema_relatorios - logger_config - INFO - Iniciando: Carregar configurações
2025-10-15 09:40:31,221 - sistema_relatorios - logger_config - INFO - Concluído: Carregar configurações
2025-10-15 09:41:34,197 - sistema_relatorios - logger_config - INFO - Iniciando: Carregar configurações
2025-10-15 09:41:34,197 - sistema_relatorios - logger_config - INFO - Concluído: Carregar configurações
2025-10-15 09:41:52,313 - sistema_relatorios - Sistema_Entrada_Dados - INFO - Iniciando adição de dados - Cliente: EDUARDO MORENO MARQUES
2025-10-15 09:41:53,394 - sistema_relatorios - Sistema_Entrada_Dados - INFO - Dados adicionados com sucesso - Cliente: EDUARDO MORENO MARQUES, Total: 7
2025-10-15 09:42:04,180 - sistema_relatorios - logger_config - INFO - Iniciando: Carregar configurações
2025-10-15 09:42:04,180 - sistema_relatorios - logger_config - INFO - Concluído: Carregar configurações
2025-10-15 09:42:19,372 - sistema_relatorios - Sistema_Entrada_Dados - INFO - Iniciando adição de dados - Cliente: EDUARDO MORENO MARQUES
2025-10-15 09:42:20,323 - sistema_relatorios - Sistema_Entrada_Dados - INFO - Dados adicionados com sucesso - Cliente: EDUARDO MORENO MARQUES, Total: 8
2025-10-15 09:42:31,358 - sistema_relatorios - logger_config - INFO - Iniciando: Carregar configurações
2025-10-15 09:42:31,358 - sistema_relatorios - logger_config - INFO - Concluído: Carregar configurações
2025-10-15 09:45:03,444 - sistema_relatorios - Sistema_Entrada_Dados - INFO - Iniciando adição de dados - Cliente: EDUARDO MORENO MARQUES
2025-10-15 09:45:04,940 - sistema_relatorios - Sistema_Entrada_Dados - INFO - Dados adicionados com sucesso - Cliente: EDUARDO MORENO MARQUES, Total: 9
2025-10-15 09:45:17,541 - sistema_relatorios - logger_config - INFO - Iniciando: Carregar configurações
2025-10-15 09:45:17,541 - sistema_relatorios - logger_config - INFO - Concluído: Carregar configurações
2025-10-15 09:45:35,271 - sistema_relatorios - Sistema_Entrada_Dados - INFO - Iniciando adição de dados - Cliente: EDUARDO MORENO MARQUES
2025-10-15 09:45:36,343 - sistema_relatorios - Sistema_Entrada_Dados - INFO - Dados adicionados com sucesso - Cliente: EDUARDO MORENO MARQUES, Total: 10
2025-10-15 09:45:58,052 - sistema_relatorios - Sistema_Entrada_Dados - INFO - Iniciando envio de dados - Cliente: EDUARDO MORENO MARQUES, Registros: 10
2025-10-15 09:45:58,052 - sistema_relatorios - Sistema_Entrada_Dados - INFO - Obtendo dados do visualizador
2025-10-15 09:45:58,052 - sistema_relatorios - Sistema_Entrada_Dados - INFO - Total de registros a processar: 10
2025-10-15 09:45:58,052 - sistema_relatorios - Sistema_Entrada_Dados - INFO - Datas que serão afetadas pela inserção: ['05/09/2025']
2025-10-15 09:45:58,052 - sistema_relatorios - Sistema_Entrada_Dados - INFO - Salvando em: C:\Users\Obras\sistema_gestao_testes\testes\Financeiro\Clientes\EDUARDO MORENO MARQUES.xlsx
2025-10-15 09:45:58,052 - sistema_relatorios - Sistema_Entrada_Dados - INFO - Verificando integridade dos IDs antes da inserção
2025-10-15 09:45:58,881 - sistema_relatorios - Sistema_Entrada_Dados - ERROR - 🔍 MÉTODO DE VERIFICAÇÃO FOI CHAMADO!
2025-10-15 09:45:58,881 - sistema_relatorios - Sistema_Entrada_Dados - INFO - === INICIANDO VERIFICAÇÃO DE DUPLICIDADE ===
2025-10-15 09:45:58,881 - sistema_relatorios - Sistema_Entrada_Dados - INFO - Dados novos: FOLHA DP | REF. 08/2025 | R$ 910.80 | 05/09/2025
2025-10-15 09:45:58,974 - sistema_relatorios - Sistema_Entrada_Dados - INFO - ✅ Nenhuma duplicata encontrada para: FOLHA DP - REF. 08/2025
2025-10-15 09:45:58,989 - sistema_relatorios - Sistema_Entrada_Dados - ERROR - 🔍 MÉTODO DE VERIFICAÇÃO FOI CHAMADO!
2025-10-15 09:45:58,992 - sistema_relatorios - Sistema_Entrada_Dados - INFO - === INICIANDO VERIFICAÇÃO DE DUPLICIDADE ===
2025-10-15 09:45:58,994 - sistema_relatorios - Sistema_Entrada_Dados - INFO - Dados novos: MOTOBOY | REF. 08/2025 | R$ 146.00 | 05/09/2025
2025-10-15 09:45:59,070 - sistema_relatorios - Sistema_Entrada_Dados - INFO - ✅ Nenhuma duplicata encontrada para: MOTOBOY - REF. 08/2025
2025-10-15 09:45:59,072 - sistema_relatorios - Sistema_Entrada_Dados - ERROR - 🔍 MÉTODO DE VERIFICAÇÃO FOI CHAMADO!
2025-10-15 09:45:59,073 - sistema_relatorios - Sistema_Entrada_Dados - INFO - === INICIANDO VERIFICAÇÃO DE DUPLICIDADE ===
2025-10-15 09:45:59,074 - sistema_relatorios - Sistema_Entrada_Dados - INFO - Dados novos: MHS MENSALIDADE | REF. 08/2025 | R$ 744.00 | 05/09/2025
2025-10-15 09:45:59,116 - sistema_relatorios - Sistema_Entrada_Dados - INFO - ✅ Nenhuma duplicata encontrada para: MHS MENSALIDADE - REF. 08/2025
2025-10-15 09:45:59,117 - sistema_relatorios - Sistema_Entrada_Dados - ERROR - 🔍 MÉTODO DE VERIFICAÇÃO FOI CHAMADO!
2025-10-15 09:45:59,118 - sistema_relatorios - Sistema_Entrada_Dados - INFO - === INICIANDO VERIFICAÇÃO DE DUPLICIDADE ===
2025-10-15 09:45:59,118 - sistema_relatorios - Sistema_Entrada_Dados - INFO - Dados novos: FGTS | RESCISÓRIO ADAILSON SILVA | R$ 161.83 | 21/08/2025
2025-10-15 09:45:59,162 - sistema_relatorios - Sistema_Entrada_Dados - INFO - ✅ Nenhuma duplicata encontrada para: FGTS - RESCISÓRIO ADAILSON SILVA
2025-10-15 09:45:59,162 - sistema_relatorios - Sistema_Entrada_Dados - ERROR - 🔍 MÉTODO DE VERIFICAÇÃO FOI CHAMADO!
2025-10-15 09:45:59,162 - sistema_relatorios - Sistema_Entrada_Dados - INFO - === INICIANDO VERIFICAÇÃO DE DUPLICIDADE ===
2025-10-15 09:45:59,162 - sistema_relatorios - Sistema_Entrada_Dados - INFO - Dados novos: ADAILSON SILVA NOVAIS | RESCISÃO | R$ 1518.92 | 22/08/2025
2025-10-15 09:45:59,203 - sistema_relatorios - Sistema_Entrada_Dados - INFO - ✅ Nenhuma duplicata encontrada para: ADAILSON SILVA NOVAIS - RESCISÃO
2025-10-15 09:45:59,203 - sistema_relatorios - Sistema_Entrada_Dados - ERROR - 🔍 MÉTODO DE VERIFICAÇÃO FOI CHAMADO!
2025-10-15 09:45:59,203 - sistema_relatorios - Sistema_Entrada_Dados - INFO - === INICIANDO VERIFICAÇÃO DE DUPLICIDADE ===
2025-10-15 09:45:59,203 - sistema_relatorios - Sistema_Entrada_Dados - INFO - Dados novos: PEDRINHO CAÇAMBAS | LOCAÇÃO DE CAÇAMBAS | R$ 400.00 | 05/09/2025
2025-10-15 09:45:59,247 - sistema_relatorios - Sistema_Entrada_Dados - INFO - ✅ Nenhuma duplicata encontrada para: PEDRINHO CAÇAMBAS - LOCAÇÃO DE CAÇAMBAS
2025-10-15 09:45:59,261 - sistema_relatorios - Sistema_Entrada_Dados - ERROR - 🔍 MÉTODO DE VERIFICAÇÃO FOI CHAMADO!
2025-10-15 09:45:59,262 - sistema_relatorios - Sistema_Entrada_Dados - INFO - === INICIANDO VERIFICAÇÃO DE DUPLICIDADE ===
2025-10-15 09:45:59,263 - sistema_relatorios - Sistema_Entrada_Dados - INFO - Dados novos: DOMINGOS TEIXEIRA DOS SANTOS | DIÁRIA | R$ 3000.00 | 05/09/2025
2025-10-15 09:45:59,303 - sistema_relatorios - Sistema_Entrada_Dados - INFO - ✅ Nenhuma duplicata encontrada para: DOMINGOS TEIXEIRA DOS SANTOS - DIÁRIA
2025-10-15 09:45:59,311 - sistema_relatorios - Sistema_Entrada_Dados - ERROR - 🔍 MÉTODO DE VERIFICAÇÃO FOI CHAMADO!
2025-10-15 09:45:59,312 - sistema_relatorios - Sistema_Entrada_Dados - INFO - === INICIANDO VERIFICAÇÃO DE DUPLICIDADE ===
2025-10-15 09:45:59,313 - sistema_relatorios - Sistema_Entrada_Dados - INFO - Dados novos: IGOR OLIVEIRA GONÇALVES | DIÁRIA | R$ 2070.00 | 05/09/2025
2025-10-15 09:45:59,353 - sistema_relatorios - Sistema_Entrada_Dados - INFO - ✅ Nenhuma duplicata encontrada para: IGOR OLIVEIRA GONÇALVES - DIÁRIA
2025-10-15 09:45:59,353 - sistema_relatorios - Sistema_Entrada_Dados - ERROR - 🔍 MÉTODO DE VERIFICAÇÃO FOI CHAMADO!
2025-10-15 09:45:59,353 - sistema_relatorios - Sistema_Entrada_Dados - INFO - === INICIANDO VERIFICAÇÃO DE DUPLICIDADE ===
2025-10-15 09:45:59,353 - sistema_relatorios - Sistema_Entrada_Dados - INFO - Dados novos: ITOLO VIANA CHAVES | DIÁRIA | R$ 2250.00 | 05/09/2025
2025-10-15 09:45:59,403 - sistema_relatorios - Sistema_Entrada_Dados - INFO - ✅ Nenhuma duplicata encontrada para: ITOLO VIANA CHAVES - DIÁRIA
2025-10-15 09:45:59,403 - sistema_relatorios - Sistema_Entrada_Dados - ERROR - 🔍 MÉTODO DE VERIFICAÇÃO FOI CHAMADO!
2025-10-15 09:45:59,403 - sistema_relatorios - Sistema_Entrada_Dados - INFO - === INICIANDO VERIFICAÇÃO DE DUPLICIDADE ===
2025-10-15 09:45:59,403 - sistema_relatorios - Sistema_Entrada_Dados - INFO - Dados novos: RODOLFO DIAS DA SILVA | DIÁRIA | R$ 500.00 | 05/09/2025
2025-10-15 09:45:59,453 - sistema_relatorios - Sistema_Entrada_Dados - INFO - ✅ Nenhuma duplicata encontrada para: RODOLFO DIAS DA SILVA - DIÁRIA
2025-10-15 09:45:59,453 - sistema_relatorios - Sistema_Entrada_Dados - INFO - Lançamento inserido com ID 829 na linha 830
2025-10-15 09:45:59,464 - sistema_relatorios - Sistema_Entrada_Dados - INFO - Lançamento inserido com ID 830 na linha 831
2025-10-15 09:45:59,464 - sistema_relatorios - Sistema_Entrada_Dados - INFO - Lançamento inserido com ID 831 na linha 832
2025-10-15 09:45:59,475 - sistema_relatorios - Sistema_Entrada_Dados - INFO - Lançamento inserido com ID 832 na linha 833
2025-10-15 09:45:59,481 - sistema_relatorios - Sistema_Entrada_Dados - INFO - Lançamento inserido com ID 833 na linha 834
2025-10-15 09:45:59,487 - sistema_relatorios - Sistema_Entrada_Dados - INFO - Lançamento inserido com ID 834 na linha 835
2025-10-15 09:45:59,492 - sistema_relatorios - Sistema_Entrada_Dados - INFO - Lançamento inserido com ID 835 na linha 836
2025-10-15 09:45:59,497 - sistema_relatorios - Sistema_Entrada_Dados - INFO - Lançamento inserido com ID 836 na linha 837
2025-10-15 09:45:59,504 - sistema_relatorios - Sistema_Entrada_Dados - INFO - Lançamento inserido com ID 837 na linha 838
2025-10-15 09:45:59,505 - sistema_relatorios - Sistema_Entrada_Dados - INFO - Lançamento inserido com ID 838 na linha 839
2025-10-15 09:45:59,956 - sistema_relatorios - Sistema_Entrada_Dados - INFO - Iniciando verificação de recálculo para 1 datas
2025-10-15 09:46:00,469 - sistema_relatorios - Sistema_Entrada_Dados - INFO - Verificando necessidade de recálculo para 2025-09-05
2025-10-15 09:46:00,876 - sistema_relatorios - Sistema_Entrada_Dados - INFO - 2025-09-05: Sem taxas na data - recálculo desnecessário
2025-10-15 09:47:04,698 - sistema_relatorios - Sistema_Entrada_Dados - INFO - Iniciando envio de dados - Cliente: EDUARDO MORENO MARQUES, Registros: 5
2025-10-15 09:47:04,698 - sistema_relatorios - Sistema_Entrada_Dados - INFO - Obtendo dados do visualizador
2025-10-15 09:47:04,698 - sistema_relatorios - Sistema_Entrada_Dados - INFO - Total de registros a processar: 5
2025-10-15 09:47:04,698 - sistema_relatorios - Sistema_Entrada_Dados - INFO - Datas que serão afetadas pela inserção: ['05/09/2025']
2025-10-15 09:47:04,698 - sistema_relatorios - Sistema_Entrada_Dados - INFO - Salvando em: C:\Users\Obras\sistema_gestao_testes\testes\Financeiro\Clientes\EDUARDO MORENO MARQUES.xlsx
2025-10-15 09:47:04,698 - sistema_relatorios - Sistema_Entrada_Dados - INFO - Verificando integridade dos IDs antes da inserção
2025-10-15 09:47:05,531 - sistema_relatorios - Sistema_Entrada_Dados - ERROR - 🔍 MÉTODO DE VERIFICAÇÃO FOI CHAMADO!
2025-10-15 09:47:05,531 - sistema_relatorios - Sistema_Entrada_Dados - INFO - === INICIANDO VERIFICAÇÃO DE DUPLICIDADE ===
2025-10-15 09:47:05,531 - sistema_relatorios - Sistema_Entrada_Dados - INFO - Dados novos: ALEIR FERREIRA DE AZEVEDO | SALÁRIO | R$ 2449.47 | 05/09/2025
2025-10-15 09:47:05,578 - sistema_relatorios - Sistema_Entrada_Dados - INFO - ✅ Nenhuma duplicata encontrada para: ALEIR FERREIRA DE AZEVEDO - SALÁRIO
2025-10-15 09:47:05,578 - sistema_relatorios - Sistema_Entrada_Dados - ERROR - 🔍 MÉTODO DE VERIFICAÇÃO FOI CHAMADO!
2025-10-15 09:47:05,594 - sistema_relatorios - Sistema_Entrada_Dados - INFO - === INICIANDO VERIFICAÇÃO DE DUPLICIDADE ===
2025-10-15 09:47:05,595 - sistema_relatorios - Sistema_Entrada_Dados - INFO - Dados novos: EDISON HENRIQUES DOS SANTOS | SALÁRIO | R$ 910.16 | 05/09/2025
2025-10-15 09:47:05,635 - sistema_relatorios - Sistema_Entrada_Dados - INFO - ✅ Nenhuma duplicata encontrada para: EDISON HENRIQUES DOS SANTOS - SALÁRIO
2025-10-15 09:47:05,635 - sistema_relatorios - Sistema_Entrada_Dados - ERROR - 🔍 MÉTODO DE VERIFICAÇÃO FOI CHAMADO!
2025-10-15 09:47:05,635 - sistema_relatorios - Sistema_Entrada_Dados - INFO - === INICIANDO VERIFICAÇÃO DE DUPLICIDADE ===
2025-10-15 09:47:05,635 - sistema_relatorios - Sistema_Entrada_Dados - INFO - Dados novos: ELVIS PEREIRA DA SILVA | SALÁRIO | R$ 1493.80 | 05/09/2025
2025-10-15 09:47:05,679 - sistema_relatorios - Sistema_Entrada_Dados - INFO - ✅ Nenhuma duplicata encontrada para: ELVIS PEREIRA DA SILVA - SALÁRIO
2025-10-15 09:47:05,679 - sistema_relatorios - Sistema_Entrada_Dados - ERROR - 🔍 MÉTODO DE VERIFICAÇÃO FOI CHAMADO!
2025-10-15 09:47:05,679 - sistema_relatorios - Sistema_Entrada_Dados - INFO - === INICIANDO VERIFICAÇÃO DE DUPLICIDADE ===
2025-10-15 09:47:05,679 - sistema_relatorios - Sistema_Entrada_Dados - INFO - Dados novos: WELINGTON GOMES PAIVA | SALÁRIO | R$ 1321.35 | 05/09/2025
2025-10-15 09:47:05,736 - sistema_relatorios - Sistema_Entrada_Dados - INFO - ✅ Nenhuma duplicata encontrada para: WELINGTON GOMES PAIVA - SALÁRIO
2025-10-15 09:47:05,736 - sistema_relatorios - Sistema_Entrada_Dados - ERROR - 🔍 MÉTODO DE VERIFICAÇÃO FOI CHAMADO!
2025-10-15 09:47:05,744 - sistema_relatorios - Sistema_Entrada_Dados - INFO - === INICIANDO VERIFICAÇÃO DE DUPLICIDADE ===
2025-10-15 09:47:05,745 - sistema_relatorios - Sistema_Entrada_Dados - INFO - Dados novos: DIOSAGNES DE SOUSA ARAUJO | SALÁRIO | R$ 966.27 | 05/09/2025
2025-10-15 09:47:05,784 - sistema_relatorios - Sistema_Entrada_Dados - INFO - ✅ Nenhuma duplicata encontrada para: DIOSAGNES DE SOUSA ARAUJO - SALÁRIO
2025-10-15 09:47:05,784 - sistema_relatorios - Sistema_Entrada_Dados - INFO - Lançamento inserido com ID 839 na linha 840
2025-10-15 09:47:05,797 - sistema_relatorios - Sistema_Entrada_Dados - INFO - Lançamento inserido com ID 840 na linha 841
2025-10-15 09:47:05,797 - sistema_relatorios - Sistema_Entrada_Dados - INFO - Lançamento inserido com ID 841 na linha 842
2025-10-15 09:47:05,809 - sistema_relatorios - Sistema_Entrada_Dados - INFO - Lançamento inserido com ID 842 na linha 843
2025-10-15 09:47:05,816 - sistema_relatorios - Sistema_Entrada_Dados - INFO - Lançamento inserido com ID 843 na linha 844
2025-10-15 09:47:06,240 - sistema_relatorios - Sistema_Entrada_Dados - INFO - Iniciando verificação de recálculo para 1 datas
2025-10-15 09:47:06,751 - sistema_relatorios - Sistema_Entrada_Dados - INFO - Verificando necessidade de recálculo para 2025-09-05
2025-10-15 09:47:07,174 - sistema_relatorios - Sistema_Entrada_Dados - INFO - 2025-09-05: Sem taxas na data - recálculo desnecessário
2025-10-15 09:47:07,205 - sistema_relatorios - Sistema_Entrada_Dados - INFO - Iniciando envio de dados - Cliente: EDUARDO MORENO MARQUES, Registros: 5
2025-10-15 09:47:07,207 - sistema_relatorios - Sistema_Entrada_Dados - INFO - Obtendo dados do visualizador
2025-10-15 09:47:07,208 - sistema_relatorios - Sistema_Entrada_Dados - INFO - Total de registros a processar: 5
2025-10-15 09:47:07,209 - sistema_relatorios - Sistema_Entrada_Dados - INFO - Datas que serão afetadas pela inserção: ['05/09/2025']
2025-10-15 09:47:07,216 - sistema_relatorios - Sistema_Entrada_Dados - INFO - Salvando em: C:\Users\Obras\sistema_gestao_testes\testes\Financeiro\Clientes\EDUARDO MORENO MARQUES.xlsx
2025-10-15 09:47:07,217 - sistema_relatorios - Sistema_Entrada_Dados - INFO - Verificando integridade dos IDs antes da inserção
2025-10-15 09:47:08,030 - sistema_relatorios - Sistema_Entrada_Dados - ERROR - 🔍 MÉTODO DE VERIFICAÇÃO FOI CHAMADO!
2025-10-15 09:47:08,030 - sistema_relatorios - Sistema_Entrada_Dados - INFO - === INICIANDO VERIFICAÇÃO DE DUPLICIDADE ===
2025-10-15 09:47:08,030 - sistema_relatorios - Sistema_Entrada_Dados - INFO - Dados novos: ALEIR FERREIRA DE AZEVEDO | SALÁRIO | R$ 2449.47 | 05/09/2025
2025-10-15 09:47:08,085 - sistema_relatorios - Sistema_Entrada_Dados - ERROR - 🚨 DUPLICATA PROVÁVEL DETECTADA (Critério: Fornecedor+Valor+Data+Referência Similar)!
2025-10-15 09:47:08,089 - sistema_relatorios - Sistema_Entrada_Dados - ERROR -    Nome: ALEIR FERREIRA DE AZEVEDO
2025-10-15 09:47:08,089 - sistema_relatorios - Sistema_Entrada_Dados - ERROR -    Referência nova: 'SALÁRIO'
2025-10-15 09:47:08,089 - sistema_relatorios - Sistema_Entrada_Dados - ERROR -    Referência existente: 'SALÁRIO'
2025-10-15 09:47:08,089 - sistema_relatorios - Sistema_Entrada_Dados - ERROR -    Similaridade: 90.00%
2025-10-15 09:47:08,089 - sistema_relatorios - Sistema_Entrada_Dados - ERROR -    Valor: R$ 2449.47
2025-10-15 09:47:08,094 - sistema_relatorios - Sistema_Entrada_Dados - ERROR -    Vencimento: 05/09/2025
2025-10-15 09:47:08,095 - sistema_relatorios - Sistema_Entrada_Dados - ERROR -    Linha existente: 840
2025-10-15 09:47:08,096 - sistema_relatorios - Sistema_Entrada_Dados - WARNING - Duplicata detectada: ALEIR FERREIRA DE AZEVEDO - SALÁRIO - R$ 2449.47
2025-10-15 09:47:08,098 - sistema_relatorios - Sistema_Entrada_Dados - ERROR - 🔍 MÉTODO DE VERIFICAÇÃO FOI CHAMADO!
2025-10-15 09:47:08,099 - sistema_relatorios - Sistema_Entrada_Dados - INFO - === INICIANDO VERIFICAÇÃO DE DUPLICIDADE ===
2025-10-15 09:47:08,101 - sistema_relatorios - Sistema_Entrada_Dados - INFO - Dados novos: EDISON HENRIQUES DOS SANTOS | SALÁRIO | R$ 910.16 | 05/09/2025
2025-10-15 09:47:08,146 - sistema_relatorios - Sistema_Entrada_Dados - ERROR - 🚨 DUPLICATA PROVÁVEL DETECTADA (Critério: Fornecedor+Valor+Data+Referência Similar)!
2025-10-15 09:47:08,146 - sistema_relatorios - Sistema_Entrada_Dados - ERROR -    Nome: EDISON HENRIQUES DOS SANTOS
2025-10-15 09:47:08,150 - sistema_relatorios - Sistema_Entrada_Dados - ERROR -    Referência nova: 'SALÁRIO'
2025-10-15 09:47:08,150 - sistema_relatorios - Sistema_Entrada_Dados - ERROR -    Referência existente: 'SALÁRIO'
2025-10-15 09:47:08,150 - sistema_relatorios - Sistema_Entrada_Dados - ERROR -    Similaridade: 90.00%
2025-10-15 09:47:08,150 - sistema_relatorios - Sistema_Entrada_Dados - ERROR -    Valor: R$ 910.16
2025-10-15 09:47:08,150 - sistema_relatorios - Sistema_Entrada_Dados - ERROR -    Vencimento: 05/09/2025
2025-10-15 09:47:08,150 - sistema_relatorios - Sistema_Entrada_Dados - ERROR -    Linha existente: 841
2025-10-15 09:47:08,150 - sistema_relatorios - Sistema_Entrada_Dados - WARNING - Duplicata detectada: EDISON HENRIQUES DOS SANTOS - SALÁRIO - R$ 910.16
2025-10-15 09:47:08,155 - sistema_relatorios - Sistema_Entrada_Dados - ERROR - 🔍 MÉTODO DE VERIFICAÇÃO FOI CHAMADO!
2025-10-15 09:47:08,156 - sistema_relatorios - Sistema_Entrada_Dados - INFO - === INICIANDO VERIFICAÇÃO DE DUPLICIDADE ===
2025-10-15 09:47:08,157 - sistema_relatorios - Sistema_Entrada_Dados - INFO - Dados novos: ELVIS PEREIRA DA SILVA | SALÁRIO | R$ 1493.80 | 05/09/2025
2025-10-15 09:47:08,200 - sistema_relatorios - Sistema_Entrada_Dados - ERROR - 🚨 DUPLICATA PROVÁVEL DETECTADA (Critério: Fornecedor+Valor+Data+Referência Similar)!
2025-10-15 09:47:08,200 - sistema_relatorios - Sistema_Entrada_Dados - ERROR -    Nome: ELVIS PEREIRA DA SILVA
2025-10-15 09:47:08,200 - sistema_relatorios - Sistema_Entrada_Dados - ERROR -    Referência nova: 'SALÁRIO'
2025-10-15 09:47:08,200 - sistema_relatorios - Sistema_Entrada_Dados - ERROR -    Referência existente: 'SALÁRIO'
2025-10-15 09:47:08,200 - sistema_relatorios - Sistema_Entrada_Dados - ERROR -    Similaridade: 90.00%
2025-10-15 09:47:08,200 - sistema_relatorios - Sistema_Entrada_Dados - ERROR -    Valor: R$ 1493.80
2025-10-15 09:47:08,200 - sistema_relatorios - Sistema_Entrada_Dados - ERROR -    Vencimento: 05/09/2025
2025-10-15 09:47:08,200 - sistema_relatorios - Sistema_Entrada_Dados - ERROR -    Linha existente: 842
2025-10-15 09:47:08,200 - sistema_relatorios - Sistema_Entrada_Dados - WARNING - Duplicata detectada: ELVIS PEREIRA DA SILVA - SALÁRIO - R$ 1493.80
2025-10-15 09:47:08,209 - sistema_relatorios - Sistema_Entrada_Dados - ERROR - 🔍 MÉTODO DE VERIFICAÇÃO FOI CHAMADO!
2025-10-15 09:47:08,211 - sistema_relatorios - Sistema_Entrada_Dados - INFO - === INICIANDO VERIFICAÇÃO DE DUPLICIDADE ===
2025-10-15 09:47:08,214 - sistema_relatorios - Sistema_Entrada_Dados - INFO - Dados novos: WELINGTON GOMES PAIVA | SALÁRIO | R$ 1321.35 | 05/09/2025
2025-10-15 09:47:08,253 - sistema_relatorios - Sistema_Entrada_Dados - ERROR - 🚨 DUPLICATA PROVÁVEL DETECTADA (Critério: Fornecedor+Valor+Data+Referência Similar)!
2025-10-15 09:47:08,259 - sistema_relatorios - Sistema_Entrada_Dados - ERROR -    Nome: WELINGTON GOMES PAIVA
2025-10-15 09:47:08,260 - sistema_relatorios - Sistema_Entrada_Dados - ERROR -    Referência nova: 'SALÁRIO'
2025-10-15 09:47:08,262 - sistema_relatorios - Sistema_Entrada_Dados - ERROR -    Referência existente: 'SALÁRIO'
2025-10-15 09:47:08,263 - sistema_relatorios - Sistema_Entrada_Dados - ERROR -    Similaridade: 90.00%
2025-10-15 09:47:08,267 - sistema_relatorios - Sistema_Entrada_Dados - ERROR -    Valor: R$ 1321.35
2025-10-15 09:47:08,268 - sistema_relatorios - Sistema_Entrada_Dados - ERROR -    Vencimento: 05/09/2025
2025-10-15 09:47:08,269 - sistema_relatorios - Sistema_Entrada_Dados - ERROR -    Linha existente: 843
2025-10-15 09:47:08,270 - sistema_relatorios - Sistema_Entrada_Dados - WARNING - Duplicata detectada: WELINGTON GOMES PAIVA - SALÁRIO - R$ 1321.35
2025-10-15 09:47:08,270 - sistema_relatorios - Sistema_Entrada_Dados - ERROR - 🔍 MÉTODO DE VERIFICAÇÃO FOI CHAMADO!
2025-10-15 09:47:08,270 - sistema_relatorios - Sistema_Entrada_Dados - INFO - === INICIANDO VERIFICAÇÃO DE DUPLICIDADE ===
2025-10-15 09:47:08,270 - sistema_relatorios - Sistema_Entrada_Dados - INFO - Dados novos: DIOSAGNES DE SOUSA ARAUJO | SALÁRIO | R$ 966.27 | 05/09/2025
2025-10-15 09:47:08,320 - sistema_relatorios - Sistema_Entrada_Dados - ERROR - 🚨 DUPLICATA PROVÁVEL DETECTADA (Critério: Fornecedor+Valor+Data+Referência Similar)!
2025-10-15 09:47:08,320 - sistema_relatorios - Sistema_Entrada_Dados - ERROR -    Nome: DIOSAGNES DE SOUSA ARAUJO
2025-10-15 09:47:08,320 - sistema_relatorios - Sistema_Entrada_Dados - ERROR -    Referência nova: 'SALÁRIO'
2025-10-15 09:47:08,320 - sistema_relatorios - Sistema_Entrada_Dados - ERROR -    Referência existente: 'SALÁRIO'
2025-10-15 09:47:08,320 - sistema_relatorios - Sistema_Entrada_Dados - ERROR -    Similaridade: 90.00%
2025-10-15 09:47:08,320 - sistema_relatorios - Sistema_Entrada_Dados - ERROR -    Valor: R$ 966.27
2025-10-15 09:47:08,320 - sistema_relatorios - Sistema_Entrada_Dados - ERROR -    Vencimento: 05/09/2025
2025-10-15 09:47:08,320 - sistema_relatorios - Sistema_Entrada_Dados - ERROR -    Linha existente: 844
2025-10-15 09:47:08,320 - sistema_relatorios - Sistema_Entrada_Dados - WARNING - Duplicata detectada: DIOSAGNES DE SOUSA ARAUJO - SALÁRIO - R$ 966.27
2025-10-15 09:47:08,327 - sistema_relatorios - Sistema_Entrada_Dados - WARNING - Detectados 5 possíveis lançamentos duplicados
2025-10-15 09:47:13,213 - sistema_relatorios - Sistema_Entrada_Dados - INFO - Usuário optou por continuar. Processando 0 lançamentos únicos
2025-10-15 09:53:04,579 - sistema_relatorios - logger_config - INFO - Iniciando: Carregar configurações
2025-10-15 09:53:04,579 - sistema_relatorios - logger_config - INFO - Concluído: Carregar configurações
2025-10-15 09:53:32,083 - sistema_relatorios - Sistema_Entrada_Dados - INFO - Iniciando adição de dados - Cliente: EDUARDO MORENO MARQUES
2025-10-15 09:53:32,083 - sistema_relatorios - logger_config - INFO - Iniciando: Carregar configurações
2025-10-15 09:53:32,083 - sistema_relatorios - logger_config - INFO - Concluído: Carregar configurações
2025-10-15 09:53:35,005 - sistema_relatorios - Sistema_Entrada_Dados - INFO - Dados adicionados com sucesso - Cliente: EDUARDO MORENO MARQUES, Total: 2
2025-10-15 09:53:48,301 - sistema_relatorios - logger_config - INFO - Iniciando: Carregar configurações
2025-10-15 09:53:48,301 - sistema_relatorios - logger_config - INFO - Concluído: Carregar configurações
2025-10-15 09:54:06,050 - sistema_relatorios - Sistema_Entrada_Dados - INFO - Iniciando adição de dados - Cliente: EDUARDO MORENO MARQUES
2025-10-15 09:54:06,050 - sistema_relatorios - logger_config - INFO - Iniciando: Carregar configurações
2025-10-15 09:54:06,050 - sistema_relatorios - logger_config - INFO - Concluído: Carregar configurações
2025-10-15 09:54:08,739 - sistema_relatorios - Sistema_Entrada_Dados - INFO - Dados adicionados com sucesso - Cliente: EDUARDO MORENO MARQUES, Total: 4
2025-10-15 09:54:20,084 - sistema_relatorios - logger_config - INFO - Iniciando: Carregar configurações
2025-10-15 09:54:20,084 - sistema_relatorios - logger_config - INFO - Concluído: Carregar configurações
2025-10-15 09:54:36,334 - sistema_relatorios - Sistema_Entrada_Dados - INFO - Iniciando adição de dados - Cliente: EDUARDO MORENO MARQUES
2025-10-15 09:54:36,334 - sistema_relatorios - logger_config - INFO - Iniciando: Carregar configurações
2025-10-15 09:54:36,334 - sistema_relatorios - logger_config - INFO - Concluído: Carregar configurações
2025-10-15 09:54:37,788 - sistema_relatorios - Sistema_Entrada_Dados - INFO - Dados adicionados com sucesso - Cliente: EDUARDO MORENO MARQUES, Total: 6
2025-10-15 09:54:46,931 - sistema_relatorios - logger_config - INFO - Iniciando: Carregar configurações
2025-10-15 09:54:46,931 - sistema_relatorios - logger_config - INFO - Concluído: Carregar configurações
2025-10-15 09:55:17,851 - sistema_relatorios - Sistema_Entrada_Dados - INFO - Iniciando adição de dados - Cliente: EDUARDO MORENO MARQUES
2025-10-15 09:55:17,851 - sistema_relatorios - logger_config - INFO - Iniciando: Carregar configurações
2025-10-15 09:55:17,851 - sistema_relatorios - logger_config - INFO - Concluído: Carregar configurações
2025-10-15 09:55:20,385 - sistema_relatorios - Sistema_Entrada_Dados - INFO - Dados adicionados com sucesso - Cliente: EDUARDO MORENO MARQUES, Total: 8
2025-10-15 09:55:34,746 - sistema_relatorios - logger_config - INFO - Iniciando: Carregar configurações
2025-10-15 09:55:34,746 - sistema_relatorios - logger_config - INFO - Concluído: Carregar configurações
2025-10-15 09:55:51,980 - sistema_relatorios - Sistema_Entrada_Dados - INFO - Iniciando adição de dados - Cliente: EDUARDO MORENO MARQUES
2025-10-15 09:55:51,980 - sistema_relatorios - logger_config - INFO - Iniciando: Carregar configurações
2025-10-15 09:55:51,980 - sistema_relatorios - logger_config - INFO - Concluído: Carregar configurações
2025-10-15 09:55:55,787 - sistema_relatorios - Sistema_Entrada_Dados - INFO - Dados adicionados com sucesso - Cliente: EDUARDO MORENO MARQUES, Total: 10
2025-10-15 09:56:09,170 - sistema_relatorios - Sistema_Entrada_Dados - INFO - Iniciando envio de dados - Cliente: EDUARDO MORENO MARQUES, Registros: 10
2025-10-15 09:56:09,186 - sistema_relatorios - Sistema_Entrada_Dados - INFO - Obtendo dados do visualizador
2025-10-15 09:56:09,186 - sistema_relatorios - Sistema_Entrada_Dados - INFO - Total de registros a processar: 10
2025-10-15 09:56:09,186 - sistema_relatorios - Sistema_Entrada_Dados - INFO - Datas que serão afetadas pela inserção: ['05/09/2025']
2025-10-15 09:56:09,186 - sistema_relatorios - Sistema_Entrada_Dados - INFO - Salvando em: C:\Users\Obras\sistema_gestao_testes\testes\Financeiro\Clientes\EDUARDO MORENO MARQUES.xlsx
2025-10-15 09:56:09,196 - sistema_relatorios - Sistema_Entrada_Dados - INFO - Verificando integridade dos IDs antes da inserção
2025-10-15 09:56:10,087 - sistema_relatorios - Sistema_Entrada_Dados - ERROR - 🔍 MÉTODO DE VERIFICAÇÃO FOI CHAMADO!
2025-10-15 09:56:10,087 - sistema_relatorios - Sistema_Entrada_Dados - INFO - === INICIANDO VERIFICAÇÃO DE DUPLICIDADE ===
2025-10-15 09:56:10,087 - sistema_relatorios - Sistema_Entrada_Dados - INFO - Dados novos: ALEIR FERREIRA DE AZEVEDO | TRANSPORTE | R$ 974.60 | 05/09/2025
2025-10-15 09:56:10,145 - sistema_relatorios - Sistema_Entrada_Dados - INFO - ✅ Nenhuma duplicata encontrada para: ALEIR FERREIRA DE AZEVEDO - TRANSPORTE
2025-10-15 09:56:10,155 - sistema_relatorios - Sistema_Entrada_Dados - ERROR - 🔍 MÉTODO DE VERIFICAÇÃO FOI CHAMADO!
2025-10-15 09:56:10,156 - sistema_relatorios - Sistema_Entrada_Dados - INFO - === INICIANDO VERIFICAÇÃO DE DUPLICIDADE ===
2025-10-15 09:56:10,157 - sistema_relatorios - Sistema_Entrada_Dados - INFO - Dados novos: ALEIR FERREIRA DE AZEVEDO | CAFÉ | R$ 132.00 | 05/09/2025
2025-10-15 09:56:10,195 - sistema_relatorios - Sistema_Entrada_Dados - INFO - ✅ Nenhuma duplicata encontrada para: ALEIR FERREIRA DE AZEVEDO - CAFÉ
2025-10-15 09:56:10,195 - sistema_relatorios - Sistema_Entrada_Dados - ERROR - 🔍 MÉTODO DE VERIFICAÇÃO FOI CHAMADO!
2025-10-15 09:56:10,204 - sistema_relatorios - Sistema_Entrada_Dados - INFO - === INICIANDO VERIFICAÇÃO DE DUPLICIDADE ===
2025-10-15 09:56:10,205 - sistema_relatorios - Sistema_Entrada_Dados - INFO - Dados novos: DIOSAGNES DE SOUSA ARAUJO | TRANSPORTE | R$ 748.00 | 05/09/2025
2025-10-15 09:56:10,245 - sistema_relatorios - Sistema_Entrada_Dados - INFO - ✅ Nenhuma duplicata encontrada para: DIOSAGNES DE SOUSA ARAUJO - TRANSPORTE
2025-10-15 09:56:10,245 - sistema_relatorios - Sistema_Entrada_Dados - ERROR - 🔍 MÉTODO DE VERIFICAÇÃO FOI CHAMADO!
2025-10-15 09:56:10,245 - sistema_relatorios - Sistema_Entrada_Dados - INFO - === INICIANDO VERIFICAÇÃO DE DUPLICIDADE ===
2025-10-15 09:56:10,245 - sistema_relatorios - Sistema_Entrada_Dados - INFO - Dados novos: DIOSAGNES DE SOUSA ARAUJO | CAFÉ | R$ 132.00 | 05/09/2025
2025-10-15 09:56:10,295 - sistema_relatorios - Sistema_Entrada_Dados - INFO - ✅ Nenhuma duplicata encontrada para: DIOSAGNES DE SOUSA ARAUJO - CAFÉ
2025-10-15 09:56:10,296 - sistema_relatorios - Sistema_Entrada_Dados - ERROR - 🔍 MÉTODO DE VERIFICAÇÃO FOI CHAMADO!
2025-10-15 09:56:10,296 - sistema_relatorios - Sistema_Entrada_Dados - INFO - === INICIANDO VERIFICAÇÃO DE DUPLICIDADE ===
2025-10-15 09:56:10,296 - sistema_relatorios - Sistema_Entrada_Dados - INFO - Dados novos: EDISON HENRIQUES DOS SANTOS | TRANSPORTE | R$ 786.60 | 05/09/2025
2025-10-15 09:56:10,340 - sistema_relatorios - Sistema_Entrada_Dados - INFO - ✅ Nenhuma duplicata encontrada para: EDISON HENRIQUES DOS SANTOS - TRANSPORTE
2025-10-15 09:56:10,340 - sistema_relatorios - Sistema_Entrada_Dados - ERROR - 🔍 MÉTODO DE VERIFICAÇÃO FOI CHAMADO!
2025-10-15 09:56:10,340 - sistema_relatorios - Sistema_Entrada_Dados - INFO - === INICIANDO VERIFICAÇÃO DE DUPLICIDADE ===
2025-10-15 09:56:10,340 - sistema_relatorios - Sistema_Entrada_Dados - INFO - Dados novos: EDISON HENRIQUES DOS SANTOS | CAFÉ | R$ 108.00 | 05/09/2025
2025-10-15 09:56:10,373 - sistema_relatorios - Sistema_Entrada_Dados - INFO - ✅ Nenhuma duplicata encontrada para: EDISON HENRIQUES DOS SANTOS - CAFÉ
2025-10-15 09:56:10,389 - sistema_relatorios - Sistema_Entrada_Dados - ERROR - 🔍 MÉTODO DE VERIFICAÇÃO FOI CHAMADO!
2025-10-15 09:56:10,389 - sistema_relatorios - Sistema_Entrada_Dados - INFO - === INICIANDO VERIFICAÇÃO DE DUPLICIDADE ===
2025-10-15 09:56:10,389 - sistema_relatorios - Sistema_Entrada_Dados - INFO - Dados novos: ELVIS PEREIRA DA SILVA | TRANSPORTE | R$ 1069.20 | 05/09/2025
2025-10-15 09:56:10,437 - sistema_relatorios - Sistema_Entrada_Dados - INFO - ✅ Nenhuma duplicata encontrada para: ELVIS PEREIRA DA SILVA - TRANSPORTE
2025-10-15 09:56:10,440 - sistema_relatorios - Sistema_Entrada_Dados - ERROR - 🔍 MÉTODO DE VERIFICAÇÃO FOI CHAMADO!
2025-10-15 09:56:10,489 - sistema_relatorios - Sistema_Entrada_Dados - INFO - === INICIANDO VERIFICAÇÃO DE DUPLICIDADE ===
2025-10-15 09:56:10,490 - sistema_relatorios - Sistema_Entrada_Dados - INFO - Dados novos: ELVIS PEREIRA DA SILVA | CAFÉ | R$ 132.00 | 05/09/2025
2025-10-15 09:56:10,561 - sistema_relatorios - Sistema_Entrada_Dados - INFO - ✅ Nenhuma duplicata encontrada para: ELVIS PEREIRA DA SILVA - CAFÉ
2025-10-15 09:56:10,561 - sistema_relatorios - Sistema_Entrada_Dados - ERROR - 🔍 MÉTODO DE VERIFICAÇÃO FOI CHAMADO!
2025-10-15 09:56:10,577 - sistema_relatorios - Sistema_Entrada_Dados - INFO - === INICIANDO VERIFICAÇÃO DE DUPLICIDADE ===
2025-10-15 09:56:10,577 - sistema_relatorios - Sistema_Entrada_Dados - INFO - Dados novos: WELINGTON GOMES PAIVA | TRANSPORTE | R$ 814.00 | 05/09/2025
2025-10-15 09:56:10,623 - sistema_relatorios - Sistema_Entrada_Dados - INFO - ✅ Nenhuma duplicata encontrada para: WELINGTON GOMES PAIVA - TRANSPORTE
2025-10-15 09:56:10,623 - sistema_relatorios - Sistema_Entrada_Dados - ERROR - 🔍 MÉTODO DE VERIFICAÇÃO FOI CHAMADO!
2025-10-15 09:56:10,623 - sistema_relatorios - Sistema_Entrada_Dados - INFO - === INICIANDO VERIFICAÇÃO DE DUPLICIDADE ===
2025-10-15 09:56:10,623 - sistema_relatorios - Sistema_Entrada_Dados - INFO - Dados novos: WELINGTON GOMES PAIVA | CAFÉ | R$ 120.00 | 05/09/2025
2025-10-15 09:56:10,672 - sistema_relatorios - Sistema_Entrada_Dados - INFO - ✅ Nenhuma duplicata encontrada para: WELINGTON GOMES PAIVA - CAFÉ
2025-10-15 09:56:10,672 - sistema_relatorios - Sistema_Entrada_Dados - INFO - Lançamento inserido com ID 844 na linha 845
2025-10-15 09:56:10,682 - sistema_relatorios - Sistema_Entrada_Dados - INFO - Lançamento inserido com ID 845 na linha 846
2025-10-15 09:56:10,688 - sistema_relatorios - Sistema_Entrada_Dados - INFO - Lançamento inserido com ID 846 na linha 847
2025-10-15 09:56:10,695 - sistema_relatorios - Sistema_Entrada_Dados - INFO - Lançamento inserido com ID 847 na linha 848
2025-10-15 09:56:10,700 - sistema_relatorios - Sistema_Entrada_Dados - INFO - Lançamento inserido com ID 848 na linha 849
2025-10-15 09:56:10,707 - sistema_relatorios - Sistema_Entrada_Dados - INFO - Lançamento inserido com ID 849 na linha 850
2025-10-15 09:56:10,707 - sistema_relatorios - Sistema_Entrada_Dados - INFO - Lançamento inserido com ID 850 na linha 851
2025-10-15 09:56:10,718 - sistema_relatorios - Sistema_Entrada_Dados - INFO - Lançamento inserido com ID 851 na linha 852
2025-10-15 09:56:10,725 - sistema_relatorios - Sistema_Entrada_Dados - INFO - Lançamento inserido com ID 852 na linha 853
2025-10-15 09:56:10,729 - sistema_relatorios - Sistema_Entrada_Dados - INFO - Lançamento inserido com ID 853 na linha 854
2025-10-15 09:56:11,169 - sistema_relatorios - Sistema_Entrada_Dados - INFO - Iniciando verificação de recálculo para 1 datas
2025-10-15 09:56:11,679 - sistema_relatorios - Sistema_Entrada_Dados - INFO - Verificando necessidade de recálculo para 2025-09-05
2025-10-15 09:56:12,170 - sistema_relatorios - Sistema_Entrada_Dados - INFO - 2025-09-05: Sem taxas na data - recálculo desnecessário
2025-10-15 09:56:31,583 - sistema_relatorios - logger_config - INFO - Iniciando: Carregar configurações
2025-10-15 09:56:31,583 - sistema_relatorios - logger_config - INFO - Concluído: Carregar configurações
2025-10-15 09:57:05,109 - sistema_relatorios - Sistema_Entrada_Dados - INFO - Iniciando adição de dados - Cliente: EDUARDO MORENO MARQUES
2025-10-15 09:57:06,304 - sistema_relatorios - Sistema_Entrada_Dados - INFO - Dados adicionados com sucesso - Cliente: EDUARDO MORENO MARQUES, Total: 1
2025-10-15 09:57:16,196 - sistema_relatorios - logger_config - INFO - Iniciando: Carregar configurações
2025-10-15 09:57:16,196 - sistema_relatorios - logger_config - INFO - Concluído: Carregar configurações
2025-10-15 09:57:43,492 - sistema_relatorios - Sistema_Entrada_Dados - INFO - Iniciando adição de dados - Cliente: EDUARDO MORENO MARQUES
2025-10-15 09:57:44,766 - sistema_relatorios - Sistema_Entrada_Dados - INFO - Dados adicionados com sucesso - Cliente: EDUARDO MORENO MARQUES, Total: 2
2025-10-15 09:57:59,362 - sistema_relatorios - logger_config - INFO - Iniciando: Carregar configurações
2025-10-15 09:57:59,378 - sistema_relatorios - logger_config - INFO - Concluído: Carregar configurações
2025-10-15 09:58:23,407 - sistema_relatorios - Sistema_Entrada_Dados - INFO - Iniciando adição de dados - Cliente: EDUARDO MORENO MARQUES
2025-10-15 09:58:24,677 - sistema_relatorios - Sistema_Entrada_Dados - INFO - Dados adicionados com sucesso - Cliente: EDUARDO MORENO MARQUES, Total: 3
2025-10-15 09:58:36,284 - sistema_relatorios - logger_config - INFO - Iniciando: Carregar configurações
2025-10-15 09:58:36,284 - sistema_relatorios - logger_config - INFO - Concluído: Carregar configurações
2025-10-15 09:59:20,263 - sistema_relatorios - Sistema_Entrada_Dados - INFO - Iniciando adição de dados - Cliente: EDUARDO MORENO MARQUES
2025-10-15 09:59:21,399 - sistema_relatorios - Sistema_Entrada_Dados - INFO - Dados adicionados com sucesso - Cliente: EDUARDO MORENO MARQUES, Total: 4
2025-10-15 09:59:45,852 - sistema_relatorios - logger_config - INFO - Iniciando: Carregar configurações
2025-10-15 09:59:45,852 - sistema_relatorios - logger_config - INFO - Iniciando: Carregar configurações
2025-10-15 09:59:45,852 - sistema_relatorios - logger_config - INFO - Concluído: Carregar configurações
2025-10-15 09:59:45,852 - sistema_relatorios - logger_config - INFO - Concluído: Carregar configurações
2025-10-15 09:59:45,852 - sistema_relatorios - logger_config - INFO - Iniciando: Carregar configurações
2025-10-15 09:59:45,852 - sistema_relatorios - logger_config - INFO - Concluído: Carregar configurações
2025-10-15 09:59:45,868 - sistema_relatorios - logger_config - INFO - Iniciando: Carregar configurações
2025-10-15 09:59:45,873 - sistema_relatorios - logger_config - INFO - Concluído: Carregar configurações
2025-10-15 10:00:45,889 - sistema_relatorios - logger_config - INFO - Iniciando: Carregar configurações
2025-10-15 10:00:45,889 - sistema_relatorios - logger_config - INFO - Concluído: Carregar configurações
2025-10-15 10:01:14,091 - sistema_relatorios - Sistema_Entrada_Dados - INFO - Iniciando adição de dados - Cliente: EDUARDO MORENO MARQUES
2025-10-15 10:01:15,146 - sistema_relatorios - Sistema_Entrada_Dados - INFO - Dados adicionados com sucesso - Cliente: EDUARDO MORENO MARQUES, Total: 5
2025-10-15 10:01:27,321 - sistema_relatorios - logger_config - INFO - Iniciando: Carregar configurações
2025-10-15 10:01:27,321 - sistema_relatorios - logger_config - INFO - Concluído: Carregar configurações
2025-10-15 10:02:05,934 - sistema_relatorios - Sistema_Entrada_Dados - INFO - Iniciando adição de dados - Cliente: EDUARDO MORENO MARQUES
2025-10-15 10:02:07,996 - sistema_relatorios - Sistema_Entrada_Dados - INFO - Dados adicionados com sucesso - Cliente: EDUARDO MORENO MARQUES, Total: 6
2025-10-15 10:02:24,892 - sistema_relatorios - Sistema_Entrada_Dados - INFO - Iniciando envio de dados - Cliente: EDUARDO MORENO MARQUES, Registros: 6
2025-10-15 10:02:24,892 - sistema_relatorios - Sistema_Entrada_Dados - INFO - Obtendo dados do visualizador
2025-10-15 10:02:24,892 - sistema_relatorios - Sistema_Entrada_Dados - INFO - Total de registros a processar: 6
2025-10-15 10:02:24,892 - sistema_relatorios - Sistema_Entrada_Dados - INFO - Datas que serão afetadas pela inserção: ['05/09/2025']
2025-10-15 10:02:24,892 - sistema_relatorios - Sistema_Entrada_Dados - INFO - Salvando em: C:\Users\Obras\sistema_gestao_testes\testes\Financeiro\Clientes\EDUARDO MORENO MARQUES.xlsx
2025-10-15 10:02:24,892 - sistema_relatorios - Sistema_Entrada_Dados - INFO - Verificando integridade dos IDs antes da inserção
2025-10-15 10:02:25,923 - sistema_relatorios - Sistema_Entrada_Dados - ERROR - 🔍 MÉTODO DE VERIFICAÇÃO FOI CHAMADO!
2025-10-15 10:02:25,923 - sistema_relatorios - Sistema_Entrada_Dados - INFO - === INICIANDO VERIFICAÇÃO DE DUPLICIDADE ===
2025-10-15 10:02:25,923 - sistema_relatorios - Sistema_Entrada_Dados - INFO - Dados novos: IMPERCASA IMPERMEABILIZANTES | IMPERMEABILIZAÇÃO - PARC. 3/3 | R$ 7722.25 | 20/08/2025
2025-10-15 10:02:25,984 - sistema_relatorios - Sistema_Entrada_Dados - INFO - ✅ Nenhuma duplicata encontrada para: IMPERCASA IMPERMEABILIZANTES - IMPERMEABILIZAÇÃO - PARC. 3/3
2025-10-15 10:02:25,985 - sistema_relatorios - Sistema_Entrada_Dados - ERROR - 🔍 MÉTODO DE VERIFICAÇÃO FOI CHAMADO!
2025-10-15 10:02:25,985 - sistema_relatorios - Sistema_Entrada_Dados - INFO - === INICIANDO VERIFICAÇÃO DE DUPLICIDADE ===
2025-10-15 10:02:25,985 - sistema_relatorios - Sistema_Entrada_Dados - INFO - Dados novos: CONTINENTAL PISCINAS | SISTEMA PISCINA E DISPOSITIVOS - PARC. 2/5 E 3/5 | R$ 7000.00 | 13/08/2025
2025-10-15 10:02:26,036 - sistema_relatorios - Sistema_Entrada_Dados - INFO - ✅ Nenhuma duplicata encontrada para: CONTINENTAL PISCINAS - SISTEMA PISCINA E DISPOSITIVOS - PARC. 2/5 E 3/5
2025-10-15 10:02:26,036 - sistema_relatorios - Sistema_Entrada_Dados - ERROR - 🔍 MÉTODO DE VERIFICAÇÃO FOI CHAMADO!
2025-10-15 10:02:26,036 - sistema_relatorios - Sistema_Entrada_Dados - INFO - === INICIANDO VERIFICAÇÃO DE DUPLICIDADE ===
2025-10-15 10:02:26,036 - sistema_relatorios - Sistema_Entrada_Dados - INFO - Dados novos: MERCADO LIVRE | RALOS | R$ 782.90 | 01/09/2025
2025-10-15 10:02:26,102 - sistema_relatorios - Sistema_Entrada_Dados - INFO - ✅ Nenhuma duplicata encontrada para: MERCADO LIVRE - RALOS
2025-10-15 10:02:26,102 - sistema_relatorios - Sistema_Entrada_Dados - ERROR - 🔍 MÉTODO DE VERIFICAÇÃO FOI CHAMADO!
2025-10-15 10:02:26,102 - sistema_relatorios - Sistema_Entrada_Dados - INFO - === INICIANDO VERIFICAÇÃO DE DUPLICIDADE ===
2025-10-15 10:02:26,102 - sistema_relatorios - Sistema_Entrada_Dados - INFO - Dados novos: ANCORA SOLUCOES CONSTRUTIVAS LTDA | MASSA BASECOAT | R$ 85.00 | 29/08/2025
2025-10-15 10:02:26,168 - sistema_relatorios - Sistema_Entrada_Dados - INFO - ✅ Nenhuma duplicata encontrada para: ANCORA SOLUCOES CONSTRUTIVAS LTDA - MASSA BASECOAT
2025-10-15 10:02:26,168 - sistema_relatorios - Sistema_Entrada_Dados - ERROR - 🔍 MÉTODO DE VERIFICAÇÃO FOI CHAMADO!
2025-10-15 10:02:26,168 - sistema_relatorios - Sistema_Entrada_Dados - INFO - === INICIANDO VERIFICAÇÃO DE DUPLICIDADE ===
2025-10-15 10:02:26,168 - sistema_relatorios - Sistema_Entrada_Dados - INFO - Dados novos: RICARDO DA SILVA DE JESUS | FRETE BASECOAT | R$ 35.00 | 28/08/2025
2025-10-15 10:02:26,219 - sistema_relatorios - Sistema_Entrada_Dados - INFO - ✅ Nenhuma duplicata encontrada para: RICARDO DA SILVA DE JESUS - FRETE BASECOAT
2025-10-15 10:02:26,219 - sistema_relatorios - Sistema_Entrada_Dados - ERROR - 🔍 MÉTODO DE VERIFICAÇÃO FOI CHAMADO!
2025-10-15 10:02:26,219 - sistema_relatorios - Sistema_Entrada_Dados - INFO - === INICIANDO VERIFICAÇÃO DE DUPLICIDADE ===
2025-10-15 10:02:26,219 - sistema_relatorios - Sistema_Entrada_Dados - INFO - Dados novos: NOSSA LOJA | TINTAS | R$ 2733.60 | 25/08/2025
2025-10-15 10:02:26,300 - sistema_relatorios - Sistema_Entrada_Dados - INFO - ✅ Nenhuma duplicata encontrada para: NOSSA LOJA - TINTAS
2025-10-15 10:02:26,302 - sistema_relatorios - Sistema_Entrada_Dados - INFO - Lançamento inserido com ID 854 na linha 855
2025-10-15 10:02:26,318 - sistema_relatorios - Sistema_Entrada_Dados - INFO - Lançamento inserido com ID 855 na linha 856
2025-10-15 10:02:26,325 - sistema_relatorios - Sistema_Entrada_Dados - INFO - Lançamento inserido com ID 856 na linha 857
2025-10-15 10:02:26,338 - sistema_relatorios - Sistema_Entrada_Dados - INFO - Lançamento inserido com ID 857 na linha 858
2025-10-15 10:02:26,343 - sistema_relatorios - Sistema_Entrada_Dados - INFO - Lançamento inserido com ID 858 na linha 859
2025-10-15 10:02:26,352 - sistema_relatorios - Sistema_Entrada_Dados - INFO - Lançamento inserido com ID 859 na linha 860
2025-10-15 10:02:26,828 - sistema_relatorios - Sistema_Entrada_Dados - INFO - Iniciando verificação de recálculo para 1 datas
2025-10-15 10:02:27,344 - sistema_relatorios - Sistema_Entrada_Dados - INFO - Verificando necessidade de recálculo para 2025-09-05
2025-10-15 10:02:27,748 - sistema_relatorios - Sistema_Entrada_Dados - INFO - 2025-09-05: Sem taxas na data - recálculo desnecessário
2025-10-15 10:09:02,721 - sistema_relatorios - logger_config - INFO - Iniciando: Carregar configurações
2025-10-15 10:09:02,721 - sistema_relatorios - logger_config - INFO - Iniciando: Carregar configurações
2025-10-15 10:09:02,721 - sistema_relatorios - logger_config - INFO - Concluído: Carregar configurações
2025-10-15 10:09:02,721 - sistema_relatorios - logger_config - INFO - Concluído: Carregar configurações
2025-10-15 10:09:02,736 - sistema_relatorios - logger_config - INFO - Iniciando: Carregar configurações
2025-10-15 10:09:02,736 - sistema_relatorios - logger_config - INFO - Concluído: Carregar configurações
2025-10-15 10:09:02,743 - sistema_relatorios - logger_config - INFO - Iniciando: Carregar configurações
2025-10-15 10:09:02,747 - sistema_relatorios - logger_config - INFO - Concluído: Carregar configurações
2025-10-15 10:13:30,021 - sistema_relatorios - logger_config - INFO - Iniciando: Carregar configurações
2025-10-15 10:13:30,037 - sistema_relatorios - logger_config - INFO - Concluído: Carregar configurações
2025-10-15 10:17:17,350 - sistema_relatorios - Sistema_Entrada_Dados - INFO - Iniciando adição de dados - Cliente: EDUARDO MORENO MARQUES
2025-10-15 10:17:18,919 - sistema_relatorios - Sistema_Entrada_Dados - INFO - Dados adicionados com sucesso - Cliente: EDUARDO MORENO MARQUES, Total: 1
2025-10-15 10:17:29,666 - sistema_relatorios - logger_config - INFO - Iniciando: Carregar configurações
2025-10-15 10:17:29,681 - sistema_relatorios - logger_config - INFO - Concluído: Carregar configurações
2025-10-15 10:18:30,660 - sistema_relatorios - Sistema_Entrada_Dados - INFO - Iniciando adição de dados - Cliente: EDUARDO MORENO MARQUES
2025-10-15 10:18:32,561 - sistema_relatorios - Sistema_Entrada_Dados - INFO - Dados adicionados com sucesso - Cliente: EDUARDO MORENO MARQUES, Total: 2
2025-10-15 10:19:00,922 - sistema_relatorios - Sistema_Entrada_Dados - INFO - Iniciando envio de dados - Cliente: EDUARDO MORENO MARQUES, Registros: 2
2025-10-15 10:19:00,922 - sistema_relatorios - Sistema_Entrada_Dados - INFO - Obtendo dados do visualizador
2025-10-15 10:19:00,922 - sistema_relatorios - Sistema_Entrada_Dados - INFO - Total de registros a processar: 2
2025-10-15 10:19:00,922 - sistema_relatorios - Sistema_Entrada_Dados - INFO - Datas que serão afetadas pela inserção: ['20/09/2025']
2025-10-15 10:19:00,922 - sistema_relatorios - Sistema_Entrada_Dados - INFO - Salvando em: C:\Users\Obras\sistema_gestao_testes\testes\Financeiro\Clientes\EDUARDO MORENO MARQUES.xlsx
2025-10-15 10:19:00,922 - sistema_relatorios - Sistema_Entrada_Dados - INFO - Verificando integridade dos IDs antes da inserção
2025-10-15 10:19:01,696 - sistema_relatorios - Sistema_Entrada_Dados - ERROR - 🔍 MÉTODO DE VERIFICAÇÃO FOI CHAMADO!
2025-10-15 10:19:01,696 - sistema_relatorios - Sistema_Entrada_Dados - INFO - === INICIANDO VERIFICAÇÃO DE DUPLICIDADE ===
2025-10-15 10:19:01,696 - sistema_relatorios - Sistema_Entrada_Dados - INFO - Dados novos: BH ANDAIMES LTDA | LOCAÇÃO DE ANDAIMES | R$ 1842.50 | 21/09/2025
2025-10-15 10:19:01,898 - sistema_relatorios - Sistema_Entrada_Dados - INFO - ✅ Nenhuma duplicata encontrada para: BH ANDAIMES LTDA - LOCAÇÃO DE ANDAIMES
2025-10-15 10:19:01,900 - sistema_relatorios - Sistema_Entrada_Dados - ERROR - 🔍 MÉTODO DE VERIFICAÇÃO FOI CHAMADO!
2025-10-15 10:19:01,901 - sistema_relatorios - Sistema_Entrada_Dados - INFO - === INICIANDO VERIFICAÇÃO DE DUPLICIDADE ===
2025-10-15 10:19:01,901 - sistema_relatorios - Sistema_Entrada_Dados - INFO - Dados novos: IDEAL CESTAS DE ALIMENTOS | CESTA BASICA | R$ 2819.70 | 29/09/2025
2025-10-15 10:19:01,947 - sistema_relatorios - Sistema_Entrada_Dados - INFO - ✅ Nenhuma duplicata encontrada para: IDEAL CESTAS DE ALIMENTOS - CESTA BASICA
2025-10-15 10:19:01,947 - sistema_relatorios - Sistema_Entrada_Dados - INFO - Lançamento inserido com ID 860 na linha 861
2025-10-15 10:19:01,959 - sistema_relatorios - Sistema_Entrada_Dados - INFO - Lançamento inserido com ID 861 na linha 862
2025-10-15 10:19:02,402 - sistema_relatorios - Sistema_Entrada_Dados - INFO - Iniciando verificação de recálculo para 1 datas
2025-10-15 10:19:02,908 - sistema_relatorios - Sistema_Entrada_Dados - INFO - Verificando necessidade de recálculo para 2025-09-20
2025-10-15 10:19:03,352 - sistema_relatorios - Sistema_Entrada_Dados - INFO - 2025-09-20: Sem taxas na data - recálculo desnecessário
2025-10-15 10:19:19,894 - sistema_relatorios - logger_config - INFO - Iniciando: Carregar configurações
2025-10-15 10:19:19,894 - sistema_relatorios - logger_config - INFO - Concluído: Carregar configurações
2025-10-15 10:22:49,100 - sistema_relatorios - logger_config - INFO - Iniciando: Carregar configurações
2025-10-15 10:22:49,100 - sistema_relatorios - logger_config - INFO - Concluído: Carregar configurações
2025-10-15 10:23:25,438 - sistema_relatorios - Sistema_Entrada_Dados - INFO - Iniciando adição de dados - Cliente: EDUARDO MORENO MARQUES
2025-10-15 10:23:26,524 - sistema_relatorios - Sistema_Entrada_Dados - INFO - Dados adicionados com sucesso - Cliente: EDUARDO MORENO MARQUES, Total: 1
2025-10-15 10:23:30,464 - sistema_relatorios - logger_config - INFO - Iniciando: Carregar configurações
2025-10-15 10:23:30,464 - sistema_relatorios - logger_config - INFO - Concluído: Carregar configurações
2025-10-15 10:24:12,725 - sistema_relatorios - Sistema_Entrada_Dados - INFO - Iniciando adição de dados - Cliente: EDUARDO MORENO MARQUES
2025-10-15 10:24:13,837 - sistema_relatorios - Sistema_Entrada_Dados - INFO - Dados adicionados com sucesso - Cliente: EDUARDO MORENO MARQUES, Total: 2
2025-10-15 10:24:25,762 - sistema_relatorios - logger_config - INFO - Iniciando: Carregar configurações
2025-10-15 10:24:25,762 - sistema_relatorios - logger_config - INFO - Concluído: Carregar configurações
2025-10-15 10:27:51,201 - sistema_relatorios - logger_config - INFO - Iniciando: Carregar configurações
2025-10-15 10:27:51,201 - sistema_relatorios - logger_config - INFO - Concluído: Carregar configurações
2025-10-15 10:28:01,475 - sistema_relatorios - Sistema_Entrada_Dados - INFO - Iniciando adição de dados - Cliente: EDUARDO MORENO MARQUES
2025-10-15 10:28:03,006 - sistema_relatorios - Sistema_Entrada_Dados - INFO - Dados adicionados com sucesso - Cliente: EDUARDO MORENO MARQUES, Total: 3
2025-10-15 10:28:17,544 - sistema_relatorios - logger_config - INFO - Iniciando: Carregar configurações
2025-10-15 10:28:17,544 - sistema_relatorios - logger_config - INFO - Concluído: Carregar configurações
2025-10-15 10:29:02,025 - sistema_relatorios - Sistema_Entrada_Dados - INFO - Iniciando adição de dados - Cliente: EDUARDO MORENO MARQUES
2025-10-15 10:29:03,065 - sistema_relatorios - Sistema_Entrada_Dados - INFO - Dados adicionados com sucesso - Cliente: EDUARDO MORENO MARQUES, Total: 4
2025-10-15 10:29:15,165 - sistema_relatorios - logger_config - INFO - Iniciando: Carregar configurações
2025-10-15 10:29:15,165 - sistema_relatorios - logger_config - INFO - Concluído: Carregar configurações
2025-10-15 10:29:48,720 - sistema_relatorios - logger_config - INFO - Iniciando: Carregar configurações
2025-10-15 10:29:48,720 - sistema_relatorios - logger_config - INFO - Concluído: Carregar configurações
2025-10-15 10:30:08,598 - sistema_relatorios - Sistema_Entrada_Dados - INFO - Iniciando adição de dados - Cliente: EDUARDO MORENO MARQUES
2025-10-15 10:30:10,143 - sistema_relatorios - Sistema_Entrada_Dados - INFO - Dados adicionados com sucesso - Cliente: EDUARDO MORENO MARQUES, Total: 5
2025-10-15 10:30:34,982 - sistema_relatorios - logger_config - INFO - Iniciando: Carregar configurações
2025-10-15 10:30:34,982 - sistema_relatorios - logger_config - INFO - Concluído: Carregar configurações
2025-10-15 10:31:05,240 - sistema_relatorios - Sistema_Entrada_Dados - INFO - Iniciando adição de dados - Cliente: EDUARDO MORENO MARQUES
2025-10-15 10:31:05,907 - sistema_relatorios - Sistema_Entrada_Dados - INFO - Dados adicionados com sucesso - Cliente: EDUARDO MORENO MARQUES, Total: 6
2025-10-15 10:31:18,423 - sistema_relatorios - logger_config - INFO - Iniciando: Carregar configurações
2025-10-15 10:31:18,423 - sistema_relatorios - logger_config - INFO - Concluído: Carregar configurações
2025-10-15 10:31:59,520 - sistema_relatorios - Sistema_Entrada_Dados - INFO - Iniciando adição de dados - Cliente: EDUARDO MORENO MARQUES
2025-10-15 10:32:00,696 - sistema_relatorios - Sistema_Entrada_Dados - INFO - Dados adicionados com sucesso - Cliente: EDUARDO MORENO MARQUES, Total: 7
2025-10-15 10:32:42,597 - sistema_relatorios - logger_config - INFO - Iniciando: Carregar configurações
2025-10-15 10:32:42,597 - sistema_relatorios - logger_config - INFO - Concluído: Carregar configurações
2025-10-15 10:43:15,569 - sistema_relatorios - Sistema_Entrada_Dados - INFO - Iniciando adição de dados - Cliente: EDUARDO MORENO MARQUES
2025-10-15 10:43:17,014 - sistema_relatorios - Sistema_Entrada_Dados - INFO - Dados adicionados com sucesso - Cliente: EDUARDO MORENO MARQUES, Total: 8
2025-10-15 10:43:27,437 - sistema_relatorios - logger_config - INFO - Iniciando: Carregar configurações
2025-10-15 10:43:27,437 - sistema_relatorios - logger_config - INFO - Concluído: Carregar configurações
2025-10-15 10:44:27,523 - sistema_relatorios - Sistema_Entrada_Dados - INFO - Iniciando adição de dados - Cliente: EDUARDO MORENO MARQUES
2025-10-15 10:44:29,234 - sistema_relatorios - Sistema_Entrada_Dados - INFO - Dados adicionados com sucesso - Cliente: EDUARDO MORENO MARQUES, Total: 9
2025-10-15 10:44:38,024 - sistema_relatorios - logger_config - INFO - Iniciando: Carregar configurações
2025-10-15 10:44:38,040 - sistema_relatorios - logger_config - INFO - Concluído: Carregar configurações
2025-10-15 10:45:35,393 - sistema_relatorios - Sistema_Entrada_Dados - INFO - Iniciando adição de dados - Cliente: EDUARDO MORENO MARQUES
2025-10-15 10:45:36,952 - sistema_relatorios - Sistema_Entrada_Dados - INFO - Dados adicionados com sucesso - Cliente: EDUARDO MORENO MARQUES, Total: 10
2025-10-15 10:46:59,109 - sistema_relatorios - logger_config - INFO - Iniciando: Carregar configurações
2025-10-15 10:46:59,109 - sistema_relatorios - logger_config - INFO - Concluído: Carregar configurações
2025-10-15 10:47:42,875 - sistema_relatorios - Sistema_Entrada_Dados - INFO - Iniciando adição de dados - Cliente: EDUARDO MORENO MARQUES
2025-10-15 10:47:44,904 - sistema_relatorios - Sistema_Entrada_Dados - INFO - Dados adicionados com sucesso - Cliente: EDUARDO MORENO MARQUES, Total: 11
2025-10-15 10:47:58,611 - sistema_relatorios - logger_config - INFO - Iniciando: Carregar configurações
2025-10-15 10:47:58,627 - sistema_relatorios - logger_config - INFO - Concluído: Carregar configurações
2025-10-15 10:52:10,054 - sistema_relatorios - Sistema_Entrada_Dados - INFO - Iniciando adição de dados - Cliente: EDUARDO MORENO MARQUES
2025-10-15 10:52:11,409 - sistema_relatorios - Sistema_Entrada_Dados - INFO - Dados adicionados com sucesso - Cliente: EDUARDO MORENO MARQUES, Total: 12
2025-10-15 10:52:34,258 - sistema_relatorios - logger_config - INFO - Iniciando: Carregar configurações
2025-10-15 10:52:34,258 - sistema_relatorios - logger_config - INFO - Concluído: Carregar configurações
2025-10-15 10:53:09,554 - sistema_relatorios - Sistema_Entrada_Dados - INFO - Iniciando adição de dados - Cliente: EDUARDO MORENO MARQUES
2025-10-15 10:53:10,929 - sistema_relatorios - Sistema_Entrada_Dados - INFO - Dados adicionados com sucesso - Cliente: EDUARDO MORENO MARQUES, Total: 13
2025-10-15 11:01:54,166 - sistema_relatorios - logger_config - INFO - Iniciando: Carregar configurações
2025-10-15 11:01:54,166 - sistema_relatorios - logger_config - INFO - Iniciando: Carregar configurações
2025-10-15 11:01:54,166 - sistema_relatorios - logger_config - INFO - Concluído: Carregar configurações
2025-10-15 11:01:54,166 - sistema_relatorios - logger_config - INFO - Concluído: Carregar configurações
2025-10-15 11:01:54,166 - sistema_relatorios - logger_config - INFO - Iniciando: Carregar configurações
2025-10-15 11:01:54,166 - sistema_relatorios - logger_config - INFO - Concluído: Carregar configurações
2025-10-15 11:01:54,166 - sistema_relatorios - logger_config - INFO - Iniciando: Carregar configurações
2025-10-15 11:01:54,166 - sistema_relatorios - logger_config - INFO - Concluído: Carregar configurações
2025-10-15 11:02:43,537 - sistema_relatorios - logger_config - INFO - Iniciando: Carregar configurações
2025-10-15 11:02:43,537 - sistema_relatorios - logger_config - INFO - Concluído: Carregar configurações
2025-10-15 11:03:23,347 - sistema_relatorios - Sistema_Entrada_Dados - INFO - Iniciando adição de dados - Cliente: EDUARDO MORENO MARQUES
2025-10-15 11:03:25,402 - sistema_relatorios - Sistema_Entrada_Dados - INFO - Dados adicionados com sucesso - Cliente: EDUARDO MORENO MARQUES, Total: 14
2025-10-15 11:03:41,545 - sistema_relatorios - logger_config - INFO - Iniciando: Carregar configurações
2025-10-15 11:03:41,545 - sistema_relatorios - logger_config - INFO - Concluído: Carregar configurações
2025-10-15 11:04:07,278 - sistema_relatorios - Sistema_Entrada_Dados - INFO - Iniciando adição de dados - Cliente: EDUARDO MORENO MARQUES
2025-10-15 11:04:08,373 - sistema_relatorios - Sistema_Entrada_Dados - INFO - Dados adicionados com sucesso - Cliente: EDUARDO MORENO MARQUES, Total: 15
2025-10-15 11:04:19,740 - sistema_relatorios - logger_config - INFO - Iniciando: Carregar configurações
2025-10-15 11:04:19,740 - sistema_relatorios - logger_config - INFO - Concluído: Carregar configurações
2025-10-15 11:04:45,161 - sistema_relatorios - Sistema_Entrada_Dados - INFO - Iniciando adição de dados - Cliente: EDUARDO MORENO MARQUES
2025-10-15 11:04:46,537 - sistema_relatorios - Sistema_Entrada_Dados - INFO - Dados adicionados com sucesso - Cliente: EDUARDO MORENO MARQUES, Total: 16
2025-10-15 11:05:00,960 - sistema_relatorios - logger_config - INFO - Iniciando: Carregar configurações
2025-10-15 11:05:00,960 - sistema_relatorios - logger_config - INFO - Concluído: Carregar configurações
2025-10-15 11:05:27,230 - sistema_relatorios - Sistema_Entrada_Dados - INFO - Iniciando adição de dados - Cliente: EDUARDO MORENO MARQUES
2025-10-15 11:05:28,809 - sistema_relatorios - Sistema_Entrada_Dados - INFO - Dados adicionados com sucesso - Cliente: EDUARDO MORENO MARQUES, Total: 17
2025-10-15 11:05:43,697 - sistema_relatorios - logger_config - INFO - Iniciando: Carregar configurações
2025-10-15 11:05:43,697 - sistema_relatorios - logger_config - INFO - Concluído: Carregar configurações
2025-10-15 11:06:17,640 - sistema_relatorios - Sistema_Entrada_Dados - INFO - Iniciando adição de dados - Cliente: EDUARDO MORENO MARQUES
2025-10-15 11:06:18,856 - sistema_relatorios - Sistema_Entrada_Dados - INFO - Dados adicionados com sucesso - Cliente: EDUARDO MORENO MARQUES, Total: 18
2025-10-15 11:06:30,690 - sistema_relatorios - logger_config - INFO - Iniciando: Carregar configurações
2025-10-15 11:06:30,690 - sistema_relatorios - logger_config - INFO - Concluído: Carregar configurações
2025-10-15 11:07:06,439 - sistema_relatorios - logger_config - INFO - Iniciando: Carregar configurações
2025-10-15 11:07:06,439 - sistema_relatorios - logger_config - INFO - Concluído: Carregar configurações
2025-10-15 11:07:24,739 - sistema_relatorios - Sistema_Entrada_Dados - INFO - Iniciando adição de dados - Cliente: EDUARDO MORENO MARQUES
2025-10-15 11:07:25,930 - sistema_relatorios - Sistema_Entrada_Dados - INFO - Dados adicionados com sucesso - Cliente: EDUARDO MORENO MARQUES, Total: 19
2025-10-15 11:07:40,354 - sistema_relatorios - logger_config - INFO - Iniciando: Carregar configurações
2025-10-15 11:07:40,369 - sistema_relatorios - logger_config - INFO - Concluído: Carregar configurações
2025-10-15 11:08:13,634 - sistema_relatorios - Sistema_Entrada_Dados - INFO - Iniciando adição de dados - Cliente: EDUARDO MORENO MARQUES
2025-10-15 11:08:15,140 - sistema_relatorios - Sistema_Entrada_Dados - INFO - Dados adicionados com sucesso - Cliente: EDUARDO MORENO MARQUES, Total: 20
2025-10-15 11:08:34,933 - sistema_relatorios - Sistema_Entrada_Dados - INFO - Iniciando envio de dados - Cliente: EDUARDO MORENO MARQUES, Registros: 20
2025-10-15 11:08:34,933 - sistema_relatorios - Sistema_Entrada_Dados - INFO - Obtendo dados do visualizador
2025-10-15 11:08:34,933 - sistema_relatorios - Sistema_Entrada_Dados - INFO - Total de registros a processar: 20
2025-10-15 11:08:34,933 - sistema_relatorios - Sistema_Entrada_Dados - INFO - Datas que serão afetadas pela inserção: ['20/09/2025']
2025-10-15 11:08:34,933 - sistema_relatorios - Sistema_Entrada_Dados - INFO - Salvando em: C:\Users\Obras\sistema_gestao_testes\testes\Financeiro\Clientes\EDUARDO MORENO MARQUES.xlsx
2025-10-15 11:08:34,949 - sistema_relatorios - Sistema_Entrada_Dados - INFO - Verificando integridade dos IDs antes da inserção
2025-10-15 11:08:35,729 - sistema_relatorios - Sistema_Entrada_Dados - ERROR - 🔍 MÉTODO DE VERIFICAÇÃO FOI CHAMADO!
2025-10-15 11:08:35,729 - sistema_relatorios - Sistema_Entrada_Dados - INFO - === INICIANDO VERIFICAÇÃO DE DUPLICIDADE ===
2025-10-15 11:08:35,729 - sistema_relatorios - Sistema_Entrada_Dados - INFO - Dados novos: COMERCIAL CARMO SION LTDA | SELANTE | R$ 227.84 | 24/09/2025
2025-10-15 11:08:35,791 - sistema_relatorios - Sistema_Entrada_Dados - INFO - ✅ Nenhuma duplicata encontrada para: COMERCIAL CARMO SION LTDA - SELANTE
2025-10-15 11:08:35,791 - sistema_relatorios - Sistema_Entrada_Dados - ERROR - 🔍 MÉTODO DE VERIFICAÇÃO FOI CHAMADO!
2025-10-15 11:08:35,791 - sistema_relatorios - Sistema_Entrada_Dados - INFO - === INICIANDO VERIFICAÇÃO DE DUPLICIDADE ===
2025-10-15 11:08:35,791 - sistema_relatorios - Sistema_Entrada_Dados - INFO - Dados novos: COMERCIAL CARMO SION LTDA | SELANTE | R$ 385.68 | 26/09/2025
2025-10-15 11:08:35,847 - sistema_relatorios - Sistema_Entrada_Dados - INFO - ✅ Nenhuma duplicata encontrada para: COMERCIAL CARMO SION LTDA - SELANTE
2025-10-15 11:08:35,856 - sistema_relatorios - Sistema_Entrada_Dados - ERROR - 🔍 MÉTODO DE VERIFICAÇÃO FOI CHAMADO!
2025-10-15 11:08:35,858 - sistema_relatorios - Sistema_Entrada_Dados - INFO - === INICIANDO VERIFICAÇÃO DE DUPLICIDADE ===
2025-10-15 11:08:35,858 - sistema_relatorios - Sistema_Entrada_Dados - INFO - Dados novos: IMPERMATEX | REPARA TRINCA | R$ 275.00 | 24/09/2025
2025-10-15 11:08:35,906 - sistema_relatorios - Sistema_Entrada_Dados - INFO - ✅ Nenhuma duplicata encontrada para: IMPERMATEX - REPARA TRINCA
2025-10-15 11:08:35,907 - sistema_relatorios - Sistema_Entrada_Dados - ERROR - 🔍 MÉTODO DE VERIFICAÇÃO FOI CHAMADO!
2025-10-15 11:08:35,907 - sistema_relatorios - Sistema_Entrada_Dados - INFO - === INICIANDO VERIFICAÇÃO DE DUPLICIDADE ===
2025-10-15 11:08:35,907 - sistema_relatorios - Sistema_Entrada_Dados - INFO - Dados novos: LOCFER | SERRA, GUINCHO E PEDESTAL | R$ 765.00 | 27/09/2025
2025-10-15 11:08:35,957 - sistema_relatorios - Sistema_Entrada_Dados - INFO - ✅ Nenhuma duplicata encontrada para: LOCFER - SERRA, GUINCHO E PEDESTAL
2025-10-15 11:08:35,957 - sistema_relatorios - Sistema_Entrada_Dados - ERROR - 🔍 MÉTODO DE VERIFICAÇÃO FOI CHAMADO!
2025-10-15 11:08:35,957 - sistema_relatorios - Sistema_Entrada_Dados - INFO - === INICIANDO VERIFICAÇÃO DE DUPLICIDADE ===
2025-10-15 11:08:35,957 - sistema_relatorios - Sistema_Entrada_Dados - INFO - Dados novos: CONCRETARTE ESPAÇADORES | PAPELÃO ONDULADO | R$ 379.90 | 25/09/2025
2025-10-15 11:08:36,007 - sistema_relatorios - Sistema_Entrada_Dados - INFO - ✅ Nenhuma duplicata encontrada para: CONCRETARTE ESPAÇADORES - PAPELÃO ONDULADO
2025-10-15 11:08:36,007 - sistema_relatorios - Sistema_Entrada_Dados - ERROR - 🔍 MÉTODO DE VERIFICAÇÃO FOI CHAMADO!
2025-10-15 11:08:36,007 - sistema_relatorios - Sistema_Entrada_Dados - INFO - === INICIANDO VERIFICAÇÃO DE DUPLICIDADE ===
2025-10-15 11:08:36,007 - sistema_relatorios - Sistema_Entrada_Dados - INFO - Dados novos: ANCORA PAPELARIA | PLOTAGENS | R$ 35.50 | 25/09/2025
2025-10-15 11:08:36,058 - sistema_relatorios - Sistema_Entrada_Dados - INFO - ✅ Nenhuma duplicata encontrada para: ANCORA PAPELARIA - PLOTAGENS
2025-10-15 11:08:36,058 - sistema_relatorios - Sistema_Entrada_Dados - ERROR - 🔍 MÉTODO DE VERIFICAÇÃO FOI CHAMADO!
2025-10-15 11:08:36,058 - sistema_relatorios - Sistema_Entrada_Dados - INFO - === INICIANDO VERIFICAÇÃO DE DUPLICIDADE ===
2025-10-15 11:08:36,058 - sistema_relatorios - Sistema_Entrada_Dados - INFO - Dados novos: LOCFER | POLICORTE | R$ 160.00 | 03/10/2025
2025-10-15 11:08:36,107 - sistema_relatorios - Sistema_Entrada_Dados - INFO - ✅ Nenhuma duplicata encontrada para: LOCFER - POLICORTE
2025-10-15 11:08:36,123 - sistema_relatorios - Sistema_Entrada_Dados - ERROR - 🔍 MÉTODO DE VERIFICAÇÃO FOI CHAMADO!
2025-10-15 11:08:36,124 - sistema_relatorios - Sistema_Entrada_Dados - INFO - === INICIANDO VERIFICAÇÃO DE DUPLICIDADE ===
2025-10-15 11:08:36,125 - sistema_relatorios - Sistema_Entrada_Dados - INFO - Dados novos: CONCRETARTE ESPAÇADORES | AGUARRAS, ESPAÇADOR, DISCO, THINNER | R$ 800.80 | 03/10/2025
2025-10-15 11:08:36,160 - sistema_relatorios - Sistema_Entrada_Dados - INFO - ✅ Nenhuma duplicata encontrada para: CONCRETARTE ESPAÇADORES - AGUARRAS, ESPAÇADOR, DISCO, THINNER
2025-10-15 11:08:36,160 - sistema_relatorios - Sistema_Entrada_Dados - ERROR - 🔍 MÉTODO DE VERIFICAÇÃO FOI CHAMADO!
2025-10-15 11:08:36,160 - sistema_relatorios - Sistema_Entrada_Dados - INFO - === INICIANDO VERIFICAÇÃO DE DUPLICIDADE ===
2025-10-15 11:08:36,160 - sistema_relatorios - Sistema_Entrada_Dados - INFO - Dados novos: GKM COMERCIAL | TIJOLO, DISCO, ARAME | R$ 2952.40 | 29/09/2025
2025-10-15 11:08:36,214 - sistema_relatorios - Sistema_Entrada_Dados - INFO - ✅ Nenhuma duplicata encontrada para: GKM COMERCIAL - TIJOLO, DISCO, ARAME
2025-10-15 11:08:36,214 - sistema_relatorios - Sistema_Entrada_Dados - ERROR - 🔍 MÉTODO DE VERIFICAÇÃO FOI CHAMADO!
2025-10-15 11:08:36,214 - sistema_relatorios - Sistema_Entrada_Dados - INFO - === INICIANDO VERIFICAÇÃO DE DUPLICIDADE ===
2025-10-15 11:08:36,214 - sistema_relatorios - Sistema_Entrada_Dados - INFO - Dados novos: COMERCIAL CARMO SION LTDA | APLICADOR E SELANTE | R$ 459.08 | 03/10/2025
2025-10-15 11:08:36,257 - sistema_relatorios - Sistema_Entrada_Dados - INFO - ✅ Nenhuma duplicata encontrada para: COMERCIAL CARMO SION LTDA - APLICADOR E SELANTE
2025-10-15 11:08:36,257 - sistema_relatorios - Sistema_Entrada_Dados - ERROR - 🔍 MÉTODO DE VERIFICAÇÃO FOI CHAMADO!
2025-10-15 11:08:36,257 - sistema_relatorios - Sistema_Entrada_Dados - INFO - === INICIANDO VERIFICAÇÃO DE DUPLICIDADE ===
2025-10-15 11:08:36,257 - sistema_relatorios - Sistema_Entrada_Dados - INFO - Dados novos: VINICIUS SANTANA RINALDI | AREIA - PED. 5270 / 5276 | R$ 2700.00 | 19/09/2025
2025-10-15 11:08:36,307 - sistema_relatorios - Sistema_Entrada_Dados - INFO - ✅ Nenhuma duplicata encontrada para: VINICIUS SANTANA RINALDI - AREIA - PED. 5270 / 5276
2025-10-15 11:08:36,307 - sistema_relatorios - Sistema_Entrada_Dados - ERROR - 🔍 MÉTODO DE VERIFICAÇÃO FOI CHAMADO!
2025-10-15 11:08:36,307 - sistema_relatorios - Sistema_Entrada_Dados - INFO - === INICIANDO VERIFICAÇÃO DE DUPLICIDADE ===
2025-10-15 11:08:36,307 - sistema_relatorios - Sistema_Entrada_Dados - INFO - Dados novos: LAJES E LAJES PREMOLDADOS FAB COM LTDA | LAJES | R$ 2050.00 | 19/09/2025
2025-10-15 11:08:36,357 - sistema_relatorios - Sistema_Entrada_Dados - INFO - ✅ Nenhuma duplicata encontrada para: LAJES E LAJES PREMOLDADOS FAB COM LTDA - LAJES
2025-10-15 11:08:36,357 - sistema_relatorios - Sistema_Entrada_Dados - ERROR - 🔍 MÉTODO DE VERIFICAÇÃO FOI CHAMADO!
2025-10-15 11:08:36,357 - sistema_relatorios - Sistema_Entrada_Dados - INFO - === INICIANDO VERIFICAÇÃO DE DUPLICIDADE ===
2025-10-15 11:08:36,357 - sistema_relatorios - Sistema_Entrada_Dados - INFO - Dados novos: WELINGTON BARBOSA DE OLIVEIRA | INSTALAÇÃO CANTONEIRAS METALICAS | R$ 2000.00 | 19/09/2025
2025-10-15 11:08:36,406 - sistema_relatorios - Sistema_Entrada_Dados - INFO - ✅ Nenhuma duplicata encontrada para: WELINGTON BARBOSA DE OLIVEIRA - INSTALAÇÃO CANTONEIRAS METALICAS
2025-10-15 11:08:36,406 - sistema_relatorios - Sistema_Entrada_Dados - ERROR - 🔍 MÉTODO DE VERIFICAÇÃO FOI CHAMADO!
2025-10-15 11:08:36,406 - sistema_relatorios - Sistema_Entrada_Dados - INFO - === INICIANDO VERIFICAÇÃO DE DUPLICIDADE ===
2025-10-15 11:08:36,406 - sistema_relatorios - Sistema_Entrada_Dados - INFO - Dados novos: JHONY MAICON PEREIRA BARBOSA | FRETE BASECOAT | R$ 60.00 | 01/09/2025
2025-10-15 11:08:36,457 - sistema_relatorios - Sistema_Entrada_Dados - INFO - ✅ Nenhuma duplicata encontrada para: JHONY MAICON PEREIRA BARBOSA - FRETE BASECOAT
2025-10-15 11:08:36,457 - sistema_relatorios - Sistema_Entrada_Dados - ERROR - 🔍 MÉTODO DE VERIFICAÇÃO FOI CHAMADO!
2025-10-15 11:08:36,457 - sistema_relatorios - Sistema_Entrada_Dados - INFO - === INICIANDO VERIFICAÇÃO DE DUPLICIDADE ===
2025-10-15 11:08:36,457 - sistema_relatorios - Sistema_Entrada_Dados - INFO - Dados novos: MHS SEGURANÇA E MEDICINA DO TRABALHO | REALIZAÇÃO DE EXAMES | R$ 168.00 | 22/09/2025
2025-10-15 11:08:36,514 - sistema_relatorios - Sistema_Entrada_Dados - INFO - ✅ Nenhuma duplicata encontrada para: MHS SEGURANÇA E MEDICINA DO TRABALHO - REALIZAÇÃO DE EXAMES
2025-10-15 11:08:36,514 - sistema_relatorios - Sistema_Entrada_Dados - ERROR - 🔍 MÉTODO DE VERIFICAÇÃO FOI CHAMADO!
2025-10-15 11:08:36,514 - sistema_relatorios - Sistema_Entrada_Dados - INFO - === INICIANDO VERIFICAÇÃO DE DUPLICIDADE ===
2025-10-15 11:08:36,514 - sistema_relatorios - Sistema_Entrada_Dados - INFO - Dados novos: MHS EVENTO SST ESOCIAL | REF. 09/2025 | R$ 73.68 | 19/09/2025
2025-10-15 11:08:36,557 - sistema_relatorios - Sistema_Entrada_Dados - INFO - ✅ Nenhuma duplicata encontrada para: MHS EVENTO SST ESOCIAL - REF. 09/2025
2025-10-15 11:08:36,557 - sistema_relatorios - Sistema_Entrada_Dados - ERROR - 🔍 MÉTODO DE VERIFICAÇÃO FOI CHAMADO!
2025-10-15 11:08:36,557 - sistema_relatorios - Sistema_Entrada_Dados - INFO - === INICIANDO VERIFICAÇÃO DE DUPLICIDADE ===
2025-10-15 11:08:36,557 - sistema_relatorios - Sistema_Entrada_Dados - INFO - Dados novos: IRLANDO JORGE DOS SANTOS | DIÁRIAS REBOCO | R$ 6480.00 | 05/09/2025
2025-10-15 11:08:36,607 - sistema_relatorios - Sistema_Entrada_Dados - INFO - ✅ Nenhuma duplicata encontrada para: IRLANDO JORGE DOS SANTOS - DIÁRIAS REBOCO
2025-10-15 11:08:36,607 - sistema_relatorios - Sistema_Entrada_Dados - ERROR - 🔍 MÉTODO DE VERIFICAÇÃO FOI CHAMADO!
2025-10-15 11:08:36,607 - sistema_relatorios - Sistema_Entrada_Dados - INFO - === INICIANDO VERIFICAÇÃO DE DUPLICIDADE ===
2025-10-15 11:08:36,607 - sistema_relatorios - Sistema_Entrada_Dados - INFO - Dados novos: CHARLES MICHAEL DA CRUZ MISAEL | DIÁRIAS FUROS DO CONCHO DA PISCINA | R$ 480.00 | 04/09/2025
2025-10-15 11:08:36,657 - sistema_relatorios - Sistema_Entrada_Dados - INFO - ✅ Nenhuma duplicata encontrada para: CHARLES MICHAEL DA CRUZ MISAEL - DIÁRIAS FUROS DO CONCHO DA PISCINA
2025-10-15 11:08:36,657 - sistema_relatorios - Sistema_Entrada_Dados - ERROR - 🔍 MÉTODO DE VERIFICAÇÃO FOI CHAMADO!
2025-10-15 11:08:36,657 - sistema_relatorios - Sistema_Entrada_Dados - INFO - === INICIANDO VERIFICAÇÃO DE DUPLICIDADE ===
2025-10-15 11:08:36,657 - sistema_relatorios - Sistema_Entrada_Dados - INFO - Dados novos: PLANALTO TINTAS | RESINA | R$ 399.90 | 03/09/2025
2025-10-15 11:08:36,723 - sistema_relatorios - Sistema_Entrada_Dados - INFO - ✅ Nenhuma duplicata encontrada para: PLANALTO TINTAS - RESINA
2025-10-15 11:08:36,723 - sistema_relatorios - Sistema_Entrada_Dados - ERROR - 🔍 MÉTODO DE VERIFICAÇÃO FOI CHAMADO!
2025-10-15 11:08:36,723 - sistema_relatorios - Sistema_Entrada_Dados - INFO - === INICIANDO VERIFICAÇÃO DE DUPLICIDADE ===
2025-10-15 11:08:36,723 - sistema_relatorios - Sistema_Entrada_Dados - INFO - Dados novos: BH ANDAIMES LTDA | LOCAÇÃO DE ANDAIMES | R$ 1842.50 | 21/09/2025
2025-10-15 11:08:36,774 - sistema_relatorios - Sistema_Entrada_Dados - ERROR - 🚨 DUPLICATA PROVÁVEL DETECTADA (Critério: Fornecedor+Valor+Data+Referência Similar)!
2025-10-15 11:08:36,774 - sistema_relatorios - Sistema_Entrada_Dados - ERROR -    Nome: BH ANDAIMES LTDA
2025-10-15 11:08:36,774 - sistema_relatorios - Sistema_Entrada_Dados - ERROR -    Referência nova: 'LOCAÇÃO DE ANDAIMES'
2025-10-15 11:08:36,774 - sistema_relatorios - Sistema_Entrada_Dados - ERROR -    Referência existente: 'LOCAÇÃO DE ANDAIMES'
2025-10-15 11:08:36,774 - sistema_relatorios - Sistema_Entrada_Dados - ERROR -    Similaridade: 90.00%
2025-10-15 11:08:36,774 - sistema_relatorios - Sistema_Entrada_Dados - ERROR -    Valor: R$ 1842.50
2025-10-15 11:08:36,774 - sistema_relatorios - Sistema_Entrada_Dados - ERROR -    Vencimento: 21/09/2025
2025-10-15 11:08:36,774 - sistema_relatorios - Sistema_Entrada_Dados - ERROR -    Linha existente: 861
2025-10-15 11:08:36,781 - sistema_relatorios - Sistema_Entrada_Dados - WARNING - Duplicata detectada: BH ANDAIMES LTDA - LOCAÇÃO DE ANDAIMES - R$ 1842.50
2025-10-15 11:08:36,781 - sistema_relatorios - Sistema_Entrada_Dados - WARNING - Detectados 1 possíveis lançamentos duplicados
2025-10-15 11:08:42,403 - sistema_relatorios - Sistema_Entrada_Dados - INFO - Usuário optou por continuar. Processando 19 lançamentos únicos
2025-10-15 11:08:42,403 - sistema_relatorios - Sistema_Entrada_Dados - INFO - Lançamento inserido com ID 862 na linha 863
2025-10-15 11:08:42,420 - sistema_relatorios - Sistema_Entrada_Dados - INFO - Lançamento inserido com ID 863 na linha 864
2025-10-15 11:08:42,430 - sistema_relatorios - Sistema_Entrada_Dados - INFO - Lançamento inserido com ID 864 na linha 865
2025-10-15 11:08:42,437 - sistema_relatorios - Sistema_Entrada_Dados - INFO - Lançamento inserido com ID 865 na linha 866
2025-10-15 11:08:42,444 - sistema_relatorios - Sistema_Entrada_Dados - INFO - Lançamento inserido com ID 866 na linha 867
2025-10-15 11:08:42,449 - sistema_relatorios - Sistema_Entrada_Dados - INFO - Lançamento inserido com ID 867 na linha 868
2025-10-15 11:08:42,455 - sistema_relatorios - Sistema_Entrada_Dados - INFO - Lançamento inserido com ID 868 na linha 869
2025-10-15 11:08:42,463 - sistema_relatorios - Sistema_Entrada_Dados - INFO - Lançamento inserido com ID 869 na linha 870
2025-10-15 11:08:42,468 - sistema_relatorios - Sistema_Entrada_Dados - INFO - Lançamento inserido com ID 870 na linha 871
2025-10-15 11:08:42,474 - sistema_relatorios - Sistema_Entrada_Dados - INFO - Lançamento inserido com ID 871 na linha 872
2025-10-15 11:08:42,480 - sistema_relatorios - Sistema_Entrada_Dados - INFO - Lançamento inserido com ID 872 na linha 873
2025-10-15 11:08:42,485 - sistema_relatorios - Sistema_Entrada_Dados - INFO - Lançamento inserido com ID 873 na linha 874
2025-10-15 11:08:42,490 - sistema_relatorios - Sistema_Entrada_Dados - INFO - Lançamento inserido com ID 874 na linha 875
2025-10-15 11:08:42,498 - sistema_relatorios - Sistema_Entrada_Dados - INFO - Lançamento inserido com ID 875 na linha 876
2025-10-15 11:08:42,499 - sistema_relatorios - Sistema_Entrada_Dados - INFO - Lançamento inserido com ID 876 na linha 877
2025-10-15 11:08:42,511 - sistema_relatorios - Sistema_Entrada_Dados - INFO - Lançamento inserido com ID 877 na linha 878
2025-10-15 11:08:42,513 - sistema_relatorios - Sistema_Entrada_Dados - INFO - Lançamento inserido com ID 878 na linha 879
2025-10-15 11:08:42,520 - sistema_relatorios - Sistema_Entrada_Dados - INFO - Lançamento inserido com ID 879 na linha 880
2025-10-15 11:08:42,528 - sistema_relatorios - Sistema_Entrada_Dados - INFO - Lançamento inserido com ID 880 na linha 881
2025-10-15 11:08:42,968 - sistema_relatorios - Sistema_Entrada_Dados - INFO - Iniciando verificação de recálculo para 1 datas
2025-10-15 11:08:43,481 - sistema_relatorios - Sistema_Entrada_Dados - INFO - Verificando necessidade de recálculo para 2025-09-20
2025-10-15 11:08:44,043 - sistema_relatorios - Sistema_Entrada_Dados - INFO - 2025-09-20: Sem taxas na data - recálculo desnecessário
2025-10-15 12:29:59,302 - sistema_relatorios - logger_config - INFO - Iniciando: Carregar configurações
2025-10-15 12:29:59,302 - sistema_relatorios - logger_config - INFO - Concluído: Carregar configurações
2025-10-15 12:30:23,433 - sistema_relatorios - Sistema_Entrada_Dados - INFO - Iniciando adição de dados - Cliente: EDUARDO MORENO MARQUES
2025-10-15 12:30:24,898 - sistema_relatorios - Sistema_Entrada_Dados - INFO - Dados adicionados com sucesso - Cliente: EDUARDO MORENO MARQUES, Total: 1
2025-10-15 12:30:36,080 - sistema_relatorios - logger_config - INFO - Iniciando: Carregar configurações
2025-10-15 12:30:36,080 - sistema_relatorios - logger_config - INFO - Concluído: Carregar configurações
2025-10-15 12:31:12,421 - sistema_relatorios - Sistema_Entrada_Dados - INFO - Iniciando adição de dados - Cliente: EDUARDO MORENO MARQUES
2025-10-15 12:31:13,537 - sistema_relatorios - Sistema_Entrada_Dados - INFO - Dados adicionados com sucesso - Cliente: EDUARDO MORENO MARQUES, Total: 2
2025-10-15 12:31:20,791 - sistema_relatorios - logger_config - INFO - Iniciando: Carregar configurações
2025-10-15 12:31:20,807 - sistema_relatorios - logger_config - INFO - Concluído: Carregar configurações
2025-10-15 12:31:39,276 - sistema_relatorios - Sistema_Entrada_Dados - INFO - Iniciando adição de dados - Cliente: EDUARDO MORENO MARQUES
2025-10-15 12:31:40,439 - sistema_relatorios - Sistema_Entrada_Dados - INFO - Dados adicionados com sucesso - Cliente: EDUARDO MORENO MARQUES, Total: 3
2025-10-15 12:41:14,275 - sistema_relatorios - Sistema_Entrada_Dados - INFO - Iniciando envio de dados - Cliente: EDUARDO MORENO MARQUES, Registros: 3
2025-10-15 12:41:14,275 - sistema_relatorios - Sistema_Entrada_Dados - INFO - Obtendo dados do visualizador
2025-10-15 12:41:14,275 - sistema_relatorios - Sistema_Entrada_Dados - INFO - Total de registros a processar: 3
2025-10-15 12:41:14,275 - sistema_relatorios - Sistema_Entrada_Dados - INFO - Datas que serão afetadas pela inserção: ['20/09/2025']
2025-10-15 12:41:14,275 - sistema_relatorios - Sistema_Entrada_Dados - INFO - Salvando em: C:\Users\Obras\sistema_gestao_testes\testes\Financeiro\Clientes\EDUARDO MORENO MARQUES.xlsx
2025-10-15 12:41:14,275 - sistema_relatorios - Sistema_Entrada_Dados - INFO - Verificando integridade dos IDs antes da inserção
2025-10-15 12:41:14,567 - sistema_relatorios - Sistema_Entrada_Dados - INFO - Corrigindo 6 IDs inválidos/duplicados
2025-10-15 12:41:14,582 - sistema_relatorios - Sistema_Entrada_Dados - INFO - ID 881 atribuído à linha 882
2025-10-15 12:41:14,582 - sistema_relatorios - Sistema_Entrada_Dados - INFO - ID 882 atribuído à linha 883
2025-10-15 12:41:14,582 - sistema_relatorios - Sistema_Entrada_Dados - INFO - ID 883 atribuído à linha 884
2025-10-15 12:41:14,582 - sistema_relatorios - Sistema_Entrada_Dados - INFO - ID 884 atribuído à linha 885
2025-10-15 12:41:14,582 - sistema_relatorios - Sistema_Entrada_Dados - INFO - ID 885 atribuído à linha 886
2025-10-15 12:41:14,582 - sistema_relatorios - Sistema_Entrada_Dados - INFO - ID 886 atribuído à linha 887
2025-10-15 12:41:15,040 - sistema_relatorios - Sistema_Entrada_Dados - INFO - Correções de ID salvas com sucesso
2025-10-15 12:41:15,613 - sistema_relatorios - Sistema_Entrada_Dados - ERROR - 🔍 MÉTODO DE VERIFICAÇÃO FOI CHAMADO!
2025-10-15 12:41:15,613 - sistema_relatorios - Sistema_Entrada_Dados - INFO - === INICIANDO VERIFICAÇÃO DE DUPLICIDADE ===
2025-10-15 12:41:15,613 - sistema_relatorios - Sistema_Entrada_Dados - INFO - Dados novos: PASI SEGURO | SEGURO COLABORADORES | R$ 119.55 | 30/09/2025
2025-10-15 12:41:15,707 - sistema_relatorios - Sistema_Entrada_Dados - INFO - ✅ Nenhuma duplicata encontrada para: PASI SEGURO - SEGURO COLABORADORES
2025-10-15 12:41:15,709 - sistema_relatorios - Sistema_Entrada_Dados - ERROR - 🔍 MÉTODO DE VERIFICAÇÃO FOI CHAMADO!
2025-10-15 12:41:15,709 - sistema_relatorios - Sistema_Entrada_Dados - INFO - === INICIANDO VERIFICAÇÃO DE DUPLICIDADE ===
2025-10-15 12:41:15,711 - sistema_relatorios - Sistema_Entrada_Dados - INFO - Dados novos: INSS/IRRF | REF. 08/2025 | R$ 7414.45 | 19/09/2025
2025-10-15 12:41:15,795 - sistema_relatorios - Sistema_Entrada_Dados - INFO - ✅ Nenhuma duplicata encontrada para: INSS/IRRF - REF. 08/2025
2025-10-15 12:41:15,797 - sistema_relatorios - Sistema_Entrada_Dados - ERROR - 🔍 MÉTODO DE VERIFICAÇÃO FOI CHAMADO!
2025-10-15 12:41:15,797 - sistema_relatorios - Sistema_Entrada_Dados - INFO - === INICIANDO VERIFICAÇÃO DE DUPLICIDADE ===
2025-10-15 12:41:15,798 - sistema_relatorios - Sistema_Entrada_Dados - INFO - Dados novos: FGTS | REF. 08/2025 | R$ 1240.12 | 19/09/2025
2025-10-15 12:41:15,881 - sistema_relatorios - Sistema_Entrada_Dados - INFO - ✅ Nenhuma duplicata encontrada para: FGTS - REF. 08/2025
2025-10-15 12:41:15,892 - sistema_relatorios - Sistema_Entrada_Dados - INFO - Lançamento inserido com ID 887 na linha 888
2025-10-15 12:41:15,895 - sistema_relatorios - Sistema_Entrada_Dados - INFO - Lançamento inserido com ID 888 na linha 889
2025-10-15 12:41:15,915 - sistema_relatorios - Sistema_Entrada_Dados - INFO - Lançamento inserido com ID 889 na linha 890
2025-10-15 12:41:16,417 - sistema_relatorios - Sistema_Entrada_Dados - INFO - Iniciando verificação de recálculo para 1 datas
2025-10-15 12:41:16,924 - sistema_relatorios - Sistema_Entrada_Dados - INFO - Verificando necessidade de recálculo para 2025-09-20
2025-10-15 12:41:17,294 - sistema_relatorios - Sistema_Entrada_Dados - INFO - 2025-09-20: Sem taxas na data - recálculo desnecessário
2025-10-15 15:31:29,738 - sistema_relatorios - logger_config - INFO - Iniciando: Carregar configurações
2025-10-15 15:31:29,738 - sistema_relatorios - logger_config - INFO - Concluído: Carregar configurações
2025-10-15 15:31:29,738 - sistema_relatorios - logger_config - INFO - Iniciando: Carregar configurações
2025-10-15 15:31:29,738 - sistema_relatorios - logger_config - INFO - Concluído: Carregar configurações
2025-10-15 15:50:40,435 - sistema_relatorios - logger_config - INFO - Iniciando: Carregar configurações
2025-10-15 15:50:40,435 - sistema_relatorios - logger_config - INFO - Concluído: Carregar configurações
2025-10-15 15:50:40,435 - sistema_relatorios - logger_config - INFO - Iniciando: Carregar configurações
2025-10-15 15:50:40,435 - sistema_relatorios - logger_config - INFO - Concluído: Carregar configurações
2025-10-15 15:50:40,435 - sistema_relatorios - logger_config - INFO - Iniciando: Carregar configurações
2025-10-15 15:50:40,435 - sistema_relatorios - logger_config - INFO - Concluído: Carregar configurações
2025-10-15 15:50:40,435 - sistema_relatorios - logger_config - INFO - Iniciando: Carregar configurações
2025-10-15 15:50:40,446 - sistema_relatorios - logger_config - INFO - Concluído: Carregar configurações
2025-10-15 15:51:11,988 - sistema_relatorios - logger_config - INFO - Iniciando: Carregar configurações
2025-10-15 15:51:11,988 - sistema_relatorios - logger_config - INFO - Concluído: Carregar configurações
2025-10-15 15:51:11,988 - sistema_relatorios - logger_config - INFO - Iniciando: Carregar configurações
2025-10-15 15:51:11,988 - sistema_relatorios - logger_config - INFO - Concluído: Carregar configurações
2025-10-15 15:51:11,988 - sistema_relatorios - logger_config - INFO - Iniciando: Carregar configurações
2025-10-15 15:51:11,988 - sistema_relatorios - logger_config - INFO - Concluído: Carregar configurações
2025-10-15 15:51:11,988 - sistema_relatorios - logger_config - INFO - Iniciando: Carregar configurações
2025-10-15 15:51:12,000 - sistema_relatorios - logger_config - INFO - Concluído: Carregar configurações
2025-10-15 15:51:32,086 - sistema_relatorios - logger_config - INFO - Iniciando: Carregar configurações
2025-10-15 15:51:32,086 - sistema_relatorios - logger_config - INFO - Concluído: Carregar configurações
2025-10-15 15:51:32,086 - sistema_relatorios - logger_config - INFO - Iniciando: Carregar configurações
2025-10-15 15:51:32,086 - sistema_relatorios - logger_config - INFO - Concluído: Carregar configurações
2025-10-15 15:51:32,102 - sistema_relatorios - logger_config - INFO - Iniciando: Carregar configurações
2025-10-15 15:51:32,102 - sistema_relatorios - logger_config - INFO - Concluído: Carregar configurações
2025-10-15 15:51:32,105 - sistema_relatorios - logger_config - INFO - Iniciando: Carregar configurações
2025-10-15 15:51:32,106 - sistema_relatorios - logger_config - INFO - Concluído: Carregar configurações
2025-10-15 15:51:48,790 - sistema_relatorios - logger_config - INFO - Iniciando: Carregar configurações
2025-10-15 15:51:48,790 - sistema_relatorios - logger_config - INFO - Concluído: Carregar configurações
2025-10-15 15:51:48,790 - sistema_relatorios - logger_config - INFO - Iniciando: Carregar configurações
2025-10-15 15:51:48,790 - sistema_relatorios - logger_config - INFO - Concluído: Carregar configurações
2025-10-15 15:51:48,790 - sistema_relatorios - logger_config - INFO - Iniciando: Carregar configurações
2025-10-15 15:51:48,790 - sistema_relatorios - logger_config - INFO - Concluído: Carregar configurações
2025-10-15 15:51:48,804 - sistema_relatorios - logger_config - INFO - Iniciando: Carregar configurações
2025-10-15 15:51:48,808 - sistema_relatorios - logger_config - INFO - Concluído: Carregar configurações
2025-10-15 15:57:11,188 - sistema_relatorios - logger_config - INFO - Iniciando: Carregar configurações
2025-10-15 15:57:11,188 - sistema_relatorios - logger_config - INFO - Concluído: Carregar configurações
2025-10-15 15:57:11,204 - sistema_relatorios - logger_config - INFO - Iniciando: Carregar configurações
2025-10-15 15:57:11,204 - sistema_relatorios - logger_config - INFO - Concluído: Carregar configurações
2025-10-15 16:16:15,457 - sistema - logger_config - INFO - Sistema de logging inicializado
2025-10-15 16:16:17,127 - sistema - logger_config - INFO - Iniciando: Carregar configurações
2025-10-15 16:16:17,127 - sistema - logger_config - INFO - Concluído: Carregar configurações
2025-10-15 16:16:17,127 - sistema - logger_config - INFO - Iniciando: Carregar configurações
2025-10-15 16:16:17,127 - sistema - logger_config - INFO - Concluído: Carregar configurações
2025-10-15 16:21:13,622 - sistema - logger_config - INFO - Sistema de logging inicializado
2025-10-15 16:25:22,949 - sistema - logger_config - INFO - Sistema de logging inicializado
2025-10-15 16:40:30,415 - sistema - logger_config - INFO - Sistema de logging inicializado
2025-10-15 16:43:29,489 - sistema - logger_config - INFO - Iniciando: Carregar configurações
2025-10-15 16:43:29,505 - sistema - logger_config - INFO - Concluído: Carregar configurações
2025-10-15 16:43:29,505 - sistema - logger_config - INFO - Iniciando: Carregar configurações
2025-10-15 16:43:29,505 - sistema - logger_config - INFO - Concluído: Carregar configurações
2025-10-15 16:43:39,362 - sistema - logger_config - INFO - Iniciando: Carregar configurações
2025-10-15 16:43:39,364 - sistema - logger_config - INFO - Concluído: Carregar configurações
2025-10-15 16:43:39,366 - sistema - logger_config - INFO - Iniciando: Carregar configurações
2025-10-15 16:43:39,367 - sistema - logger_config - INFO - Concluído: Carregar configurações
2025-10-15 16:51:29,569 - sistema_principal - logger_config - INFO - Usuário alterado para: sistema_principal
2025-10-15 16:51:29,570 - sistema_principal - sistema_principal - INFO - Abrindo sistema de relatórios
2025-10-15 16:51:30,207 - sistema_relatorios - logger_config - INFO - Usuário alterado para: sistema_relatorios
2025-10-15 16:51:30,207 - sistema_relatorios - relatorios_interface - INFO - Sistema de relatórios inicializando usando logger configurado
2025-10-15 16:51:30,207 - sistema_relatorios - relatorios_interface - INFO - Configurações de janela importadas com sucesso
2025-10-15 16:51:30,207 - sistema_relatorios - relatorios_interface - INFO - === Sistema de Relatórios Inicializando ===
2025-10-15 16:51:30,681 - sistema_relatorios - relatorios_interface - INFO - Carregando clientes de: C:\Users\Obras\sistema_gestao_testes\testes\Financeiro\Planilhas_Base\clientes.xlsx
2025-10-15 16:51:30,741 - sistema_relatorios - relatorios_interface - INFO - Colunas disponíveis: ['Nome', 'Endereço', 'Data Inicial', 'Observações', 'Data Final']
2025-10-15 16:51:30,741 - sistema_relatorios - relatorios_interface - INFO - Coluna de status: Data Final
2025-10-15 16:51:30,773 - sistema_relatorios - relatorios_interface - INFO - Coluna de nome: Nome
2025-10-15 16:51:30,775 - sistema_relatorios - relatorios_interface - INFO - Total de clientes ativos encontrados: 15
2025-10-15 16:51:30,776 - sistema_relatorios - relatorios_interface - INFO - Lista de clientes atualizada com 16 clientes
2025-10-15 16:51:30,810 - sistema_relatorios - relatorios_interface - INFO - Carregando clientes de: C:\Users\Obras\sistema_gestao_testes\testes\Financeiro\Planilhas_Base\clientes.xlsx
2025-10-15 16:51:30,830 - sistema_relatorios - relatorios_interface - INFO - Colunas disponíveis: ['Nome', 'Endereço', 'Data Inicial', 'Observações', 'Data Final']
2025-10-15 16:51:30,833 - sistema_relatorios - relatorios_interface - INFO - Coluna de status: Data Final
2025-10-15 16:51:30,834 - sistema_relatorios - relatorios_interface - INFO - Coluna de nome: Nome
2025-10-15 16:51:30,835 - sistema_relatorios - relatorios_interface - INFO - Total de clientes ativos encontrados: 15
2025-10-15 16:51:30,836 - sistema_relatorios - relatorios_interface - INFO - Lista de clientes carregada com 16 itens
2025-10-15 16:51:40,977 - sistema_relatorios - relatorios_interface - INFO - 🔍 INICIANDO gerar_relatorio para: tipo_despesa
2025-10-15 16:51:40,977 - sistema_relatorios - relatorios_interface - INFO - 📋 Processando outros relatórios: tipo_despesa
2025-10-15 16:52:58,651 - sistema_relatorios - relatorios_interface - INFO - 🔍 INICIANDO gerar_relatorio para: tipo_despesa
2025-10-15 16:52:58,651 - sistema_relatorios - relatorios_interface - INFO - 📋 Processando outros relatórios: tipo_despesa
2025-10-15 16:53:25,028 - sistema_relatorios - relatorios_interface - INFO - 🔍 INICIANDO gerar_relatorio para: categoria
2025-10-15 16:53:25,028 - sistema_relatorios - relatorios_interface - INFO - 📋 Processando outros relatórios: categoria
2025-10-15 16:54:35,175 - sistema_relatorios - relatorios_interface - INFO - 🔍 INICIANDO gerar_relatorio para: tipo_despesa
2025-10-15 16:54:35,190 - sistema_relatorios - relatorios_interface - INFO - 📋 Processando outros relatórios: tipo_despesa
2025-10-15 16:57:37,143 - sistema_relatorios - relatorios_interface - INFO - Solicitado retorno ao menu principal
2025-10-15 16:57:37,143 - sistema_relatorios - relatorios_interface - INFO - Retornando ao menu principal existente
2025-10-15 16:57:37,195 - sistema_relatorios - relatorios_interface - INFO - Retorno ao menu principal concluído
2025-10-15 16:57:43,051 - sistema_relatorios - logger_config - INFO - Iniciando: Carregar configurações
2025-10-15 16:57:43,051 - sistema_relatorios - logger_config - INFO - Concluído: Carregar configurações
2025-10-15 16:57:43,051 - sistema_relatorios - logger_config - INFO - Iniciando: Carregar configurações
2025-10-15 16:57:43,051 - sistema_relatorios - logger_config - INFO - Concluído: Carregar configurações
2025-10-15 16:59:21,686 - sistema_principal - logger_config - INFO - Usuário alterado para: sistema_principal
2025-10-15 16:59:21,687 - sistema_principal - sistema_principal - INFO - Abrindo sistema de relatórios
2025-10-15 16:59:21,722 - sistema_relatorios - logger_config - INFO - Usuário alterado para: sistema_relatorios
2025-10-15 16:59:21,724 - sistema_relatorios - relatorios_interface - INFO - Sistema de relatórios inicializando usando logger configurado
2025-10-15 16:59:21,726 - sistema_relatorios - relatorios_interface - INFO - Configurações de janela importadas com sucesso
2025-10-15 16:59:21,727 - sistema_relatorios - relatorios_interface - INFO - === Sistema de Relatórios Inicializando ===
2025-10-15 16:59:21,841 - sistema_relatorios - relatorios_interface - INFO - Carregando clientes de: C:\Users\Obras\sistema_gestao_testes\testes\Financeiro\Planilhas_Base\clientes.xlsx
2025-10-15 16:59:21,895 - sistema_relatorios - relatorios_interface - INFO - Colunas disponíveis: ['Nome', 'Endereço', 'Data Inicial', 'Observações', 'Data Final']
2025-10-15 16:59:21,896 - sistema_relatorios - relatorios_interface - INFO - Coluna de status: Data Final
2025-10-15 16:59:21,897 - sistema_relatorios - relatorios_interface - INFO - Coluna de nome: Nome
2025-10-15 16:59:21,897 - sistema_relatorios - relatorios_interface - INFO - Total de clientes ativos encontrados: 15
2025-10-15 16:59:21,903 - sistema_relatorios - relatorios_interface - INFO - Lista de clientes atualizada com 16 clientes
2025-10-15 16:59:21,946 - sistema_relatorios - relatorios_interface - INFO - Carregando clientes de: C:\Users\Obras\sistema_gestao_testes\testes\Financeiro\Planilhas_Base\clientes.xlsx
2025-10-15 16:59:21,972 - sistema_relatorios - relatorios_interface - INFO - Colunas disponíveis: ['Nome', 'Endereço', 'Data Inicial', 'Observações', 'Data Final']
2025-10-15 16:59:21,972 - sistema_relatorios - relatorios_interface - INFO - Coluna de status: Data Final
2025-10-15 16:59:21,972 - sistema_relatorios - relatorios_interface - INFO - Coluna de nome: Nome
2025-10-15 16:59:21,972 - sistema_relatorios - relatorios_interface - INFO - Total de clientes ativos encontrados: 15
2025-10-15 16:59:21,972 - sistema_relatorios - relatorios_interface - INFO - Lista de clientes carregada com 16 itens
2025-10-15 16:59:24,523 - sistema_relatorios - relatorios_interface - INFO - Data calculada automaticamente: 20/10/2025
2025-10-15 16:59:24,523 - sistema_relatorios - relatorios_interface - INFO - Data calculada automaticamente: 20/10/2025
2025-10-15 16:59:29,932 - sistema_relatorios - relatorios_interface - INFO - Modo manual ativado
2025-10-15 16:59:39,404 - sistema_relatorios - relatorios_interface - INFO - Cliente selecionado: JOSE PAULO DE SOUZA PEIXE
2025-10-15 16:59:39,404 - sistema_relatorios - relatorios_interface - INFO - Arquivo encontrado: C:\Users\Obras\sistema_gestao_testes\testes\Financeiro\Clientes\JOSE PAULO DE SOUZA PEIXE.xlsx
2025-10-15 16:59:39,404 - sistema_relatorios - relatorios_interface - INFO - Arquivo encontrado: C:\Users\Obras\sistema_gestao_testes\testes\Financeiro\Clientes\JOSE PAULO DE SOUZA PEIXE.xlsx
2025-10-15 16:59:41,222 - sistema_relatorios - relatorios_interface - INFO - 🔍 INICIANDO gerar_relatorio para: despesas
2025-10-15 16:59:41,222 - sistema_relatorios - relatorios_interface - INFO - 🎯 PROCESSANDO: Relatório de despesas
2025-10-15 16:59:41,222 - sistema_relatorios - relatorios_interface - INFO - 🎯 PROCESSANDO DESPESAS - ARQUITETURA LIMPA
2025-10-15 16:59:41,222 - sistema_relatorios - relatorios_interface - INFO - Data final obtida: 2025-09-20 00:00:00 (tipo: <class 'datetime.datetime'>)
2025-10-15 16:59:41,237 - sistema_relatorios - relatorios_interface - INFO - ✅ Arquivo encontrado em arquivo_cliente_selecionado: C:\Users\Obras\sistema_gestao_testes\testes\Financeiro\Clientes\JOSE PAULO DE SOUZA PEIXE.xlsx
2025-10-15 16:59:41,237 - sistema_relatorios - relatorios_interface - INFO - ✅ Arquivo final nas configurações: C:\Users\Obras\sistema_gestao_testes\testes\Financeiro\Clientes\JOSE PAULO DE SOUZA PEIXE.xlsx
2025-10-15 16:59:41,237 - sistema_relatorios - relatorios_interface - INFO - ✅ Configurações coletadas
2025-10-15 16:59:41,237 - sistema_relatorios - relatorios_interface - INFO - ✅ Arquivo confirmado: JOSE PAULO DE SOUZA PEIXE.xlsx
2025-10-15 16:59:43,179 - sistema_relatorios - relatorios_interface - INFO - Modo selecionado: Preview
2025-10-15 16:59:43,179 - sistema_relatorios - relatorios_interface - INFO - 🎯 EXECUTANDO COM PREVIEW DIRETO - PDF TEMPORÁRIO
2025-10-15 16:59:44,681 - sistema_relatorios - relatorios_interface - INFO - ✅ Janela de decisão criada
2025-10-15 16:59:56,052 - sistema_relatorios - relatorios_interface - INFO - 🗑️ PDF temporário agendado para remoção: PREVIEW_JOSÉ_PAULO_DE_SOUZA_PEIXE_20251015_165944.pdf
2025-10-15 16:59:58,104 - sistema_relatorios - relatorios_interface - WARNING - Aviso: Não foi possível remover arquivo temporário: [WinError 32] O arquivo já está sendo usado por outro processo: 'C:\\Users\\Obras\\AppData\\Local\\Temp\\PREVIEW_JOSÉ_PAULO_DE_SOUZA_PEIXE_20251015_165944.pdf'
2025-10-15 17:00:09,872 - sistema_relatorios - relatorios_interface - INFO - Data calculada automaticamente: 20/10/2025
2025-10-15 17:00:14,755 - sistema_relatorios - relatorios_interface - INFO - 🔍 INICIANDO gerar_relatorio para: despesas
2025-10-15 17:00:14,755 - sistema_relatorios - relatorios_interface - INFO - 🎯 PROCESSANDO: Relatório de despesas
2025-10-15 17:00:14,755 - sistema_relatorios - relatorios_interface - INFO - 🎯 PROCESSANDO DESPESAS - ARQUITETURA LIMPA
2025-10-15 17:00:14,755 - sistema_relatorios - relatorios_interface - INFO - Data final obtida: 2025-10-05 00:00:00 (tipo: <class 'datetime.datetime'>)
2025-10-15 17:00:14,755 - sistema_relatorios - relatorios_interface - INFO - ✅ Arquivo encontrado em arquivo_cliente_selecionado: C:\Users\Obras\sistema_gestao_testes\testes\Financeiro\Clientes\JOSE PAULO DE SOUZA PEIXE.xlsx
2025-10-15 17:00:14,755 - sistema_relatorios - relatorios_interface - INFO - ✅ Arquivo final nas configurações: C:\Users\Obras\sistema_gestao_testes\testes\Financeiro\Clientes\JOSE PAULO DE SOUZA PEIXE.xlsx
2025-10-15 17:00:14,755 - sistema_relatorios - relatorios_interface - INFO - ✅ Configurações coletadas
2025-10-15 17:00:14,755 - sistema_relatorios - relatorios_interface - INFO - ✅ Arquivo confirmado: JOSE PAULO DE SOUZA PEIXE.xlsx
2025-10-15 17:00:16,517 - sistema_relatorios - relatorios_interface - INFO - Modo selecionado: Preview
2025-10-15 17:00:16,517 - sistema_relatorios - relatorios_interface - INFO - 🎯 EXECUTANDO COM PREVIEW DIRETO - PDF TEMPORÁRIO
2025-10-15 17:00:17,831 - sistema_relatorios - relatorios_interface - INFO - ✅ Janela de decisão criada
2025-10-15 17:00:24,186 - sistema_relatorios - relatorios_interface - INFO - 🗑️ PDF temporário agendado para remoção: PREVIEW_JOSÉ_PAULO_DE_SOUZA_PEIXE_20251015_170017.pdf
2025-10-15 17:00:26,208 - sistema_relatorios - relatorios_interface - WARNING - Aviso: Não foi possível remover arquivo temporário: [WinError 32] O arquivo já está sendo usado por outro processo: 'C:\\Users\\Obras\\AppData\\Local\\Temp\\PREVIEW_JOSÉ_PAULO_DE_SOUZA_PEIXE_20251015_170017.pdf'
2025-10-15 17:00:41,926 - sistema_relatorios - relatorios_interface - INFO - 🔍 INICIANDO gerar_relatorio para: categoria
2025-10-15 17:00:41,926 - sistema_relatorios - relatorios_interface - INFO - 📋 Processando outros relatórios: categoria
2025-10-15 17:02:56,793 - sistema_relatorios - relatorios_interface - INFO - 🔍 INICIANDO gerar_relatorio para: tipo_despesa
2025-10-15 17:02:56,793 - sistema_relatorios - relatorios_interface - INFO - 📋 Processando outros relatórios: tipo_despesa
2025-10-15 17:07:31,485 - sistema_relatorios - relatorios_interface - INFO - Solicitado retorno ao menu principal
2025-10-15 17:07:31,486 - sistema_relatorios - relatorios_interface - INFO - Retornando ao menu principal existente
2025-10-15 17:07:31,549 - sistema_relatorios - relatorios_interface - INFO - Retorno ao menu principal concluído
2025-10-15 17:15:49,167 - sistema - logger_config - INFO - Sistema de logging inicializado
2025-10-15 17:18:01,885 - sistema - logger_config - INFO - Sistema de logging inicializado
2025-10-15 17:30:05,876 - sistema - logger_config - INFO - Sistema de logging inicializado
2025-10-15 17:31:28,828 - sistema - logger_config - INFO - Sistema de logging inicializado
